# WaveFront *.obj file (generated by Autodesk ATF)

mtllib thruster_right.mtl

g Body1

v 12.937085 14.156374 -321.029115
v 12.862121 14.156374 -320.459713
v 12.642340 14.156374 -319.929115
v 12.292719 14.156374 -319.473480
v 11.837085 14.156374 -319.123859
v 11.306486 14.156374 -318.904079
v 10.737085 14.156374 -318.829115
v 10.167683 14.156374 -318.904079
v 9.637085 14.156374 -319.123859
v 9.181450 14.156374 -319.473480
v 8.831829 14.156374 -319.929115
v 8.612048 14.156374 -320.459713
v 8.537085 14.156374 -321.029115
v 8.612048 14.156374 -321.598517
v 8.831829 14.156374 -322.129115
v 9.181450 14.156374 -322.584750
v 9.637085 14.156374 -322.934371
v 10.167683 14.156374 -323.154152
v 10.737085 14.156374 -323.229115
v 11.306486 14.156374 -323.154152
v 11.837085 14.156374 -322.934371
v 12.292719 14.156374 -322.584750
v 12.642340 14.156374 -322.129115
v 12.862121 14.156374 -321.598517
v 12.937085 16.756374 -321.029115
v 12.862121 16.756374 -321.598517
v 12.642340 16.756374 -322.129115
v 12.292719 16.756374 -322.584750
v 11.837085 16.756374 -322.934371
v 11.306486 16.756374 -323.154152
v 10.737085 16.756374 -323.229115
v 10.167683 16.756374 -323.154152
v 9.637085 16.756374 -322.934371
v 9.181450 16.756374 -322.584750
v 8.831829 16.756374 -322.129115
v 8.612048 16.756374 -321.598517
v 8.537085 16.756374 -321.029115
v 8.612048 16.756374 -320.459713
v 8.831829 16.756374 -319.929115
v 9.181450 16.756374 -319.473480
v 9.637085 16.756374 -319.123859
v 10.167683 16.756374 -318.904079
v 10.737085 16.756374 -318.829115
v 11.306486 16.756374 -318.904079
v 11.837085 16.756374 -319.123859
v 12.292719 16.756374 -319.473480
v 12.642340 16.756374 -319.929115
v 12.862121 16.756374 -320.459713
v 11.337085 14.156374 -321.029115
v 11.316640 14.156374 -320.873824
v 11.256700 14.156374 -320.729115
v 11.161349 14.156374 -320.604851
v 11.037085 14.156374 -320.509500
v 10.892376 14.156374 -320.449560
v 10.737085 14.156374 -320.429115
v 10.581793 14.156374 -320.449560
v 10.437085 14.156374 -320.509500
v 10.312820 14.156374 -320.604851
v 10.217469 14.156374 -320.729115
v 10.157529 14.156374 -320.873824
v 10.137085 14.156374 -321.029115
v 10.157529 14.156374 -321.184407
v 10.217469 14.156374 -321.329115
v 10.312820 14.156374 -321.453379
v 10.437085 14.156374 -321.548731
v 10.581793 14.156374 -321.608671
v 10.737085 14.156374 -321.629115
v 10.892376 14.156374 -321.608671
v 11.037085 14.156374 -321.548731
v 11.161349 14.156374 -321.453379
v 11.256700 14.156374 -321.329115
v 11.316640 14.156374 -321.184407
v 15.037085 11.756374 -321.029115
v 14.912134 11.756374 -322.058173
v 14.544545 11.756374 -323.027425
v 13.955681 11.756374 -323.880543
v 13.179763 11.756374 -324.567946
v 12.261886 11.756374 -325.049685
v 11.255392 11.756374 -325.297763
v 10.218777 11.756374 -325.297763
v 9.212284 11.756374 -325.049685
v 8.294406 11.756374 -324.567946
v 7.518488 11.756374 -323.880543
v 6.929624 11.756374 -323.027425
v 6.562035 11.756374 -322.058173
v 6.437085 11.756374 -321.029115
v 6.562035 11.756374 -320.000058
v 6.929624 11.756374 -319.030806
v 7.518488 11.756374 -318.177688
v 8.294406 11.756374 -317.490285
v 9.212284 11.756374 -317.008545
v 10.218777 11.756374 -316.760467
v 11.255392 11.756374 -316.760467
v 12.261886 11.756374 -317.008545
v 13.179763 11.756374 -317.490285
v 13.955681 11.756374 -318.177688
v 14.544545 11.756374 -319.030806
v 14.912134 11.756374 -320.000058
v 11.069514 12.809305 -325.231754
v 11.959535 13.076771 -325.041389
v 12.777238 13.378112 -324.666264
v 13.489587 13.696754 -324.127950
v 14.068544 14.021448 -323.451065
v 14.489017 14.343311 -322.664966
v 14.730653 14.657316 -321.803338
v 14.778909 14.959943 -320.905479
v 14.627668 15.249121 -320.015001
v 14.600609 15.620849 -320.029115
v 14.750060 15.335316 -320.953672
v 14.683139 15.036322 -321.884045
v 14.407426 14.724445 -322.770649
v 13.940964 14.402574 -323.568679
v 13.308607 14.075643 -324.240964
v 12.540460 13.753114 -324.755989
v 11.670565 13.448033 -325.087818
v 10.737085 13.179719 -325.215248
v 14.637085 16.756374 -321.029115
v 14.514559 16.756374 -320.059225
v 14.154681 16.756374 -319.150276
v 13.580062 16.756374 -318.359382
v 12.826809 16.756374 -317.736236
v 11.942251 16.756374 -317.319995
v 10.981968 16.756374 -317.136811
v 10.006297 16.756374 -317.198195
v 9.076545 16.756374 -317.500290
v 8.251131 16.756374 -318.024114
v 7.581918 16.756374 -318.736753
v 7.110956 16.756374 -319.593430
v 6.867837 16.756374 -320.540316
v 6.867837 16.756374 -321.517915
v 7.110956 16.756374 -322.464801
v 7.581918 16.756374 -323.321478
v 8.251131 16.756374 -324.034117
v 9.076545 16.756374 -324.557941
v 10.006297 16.756374 -324.860036
v 10.981968 16.756374 -324.921420
v 11.942251 16.756374 -324.738236
v 12.826809 16.756374 -324.321994
v 13.580062 16.756374 -323.698849
v 14.154681 16.756374 -322.907955
v 14.514559 16.756374 -321.999006
v 9.671348 15.620849 -324.875026
v 8.795927 15.335313 -324.542173
v 8.023660 15.036318 -324.019028
v 7.393701 14.724443 -323.336958
v 6.935813 14.402568 -322.533965
v 6.669781 14.075642 -321.650197
v 6.607830 13.753109 -320.727440
v 6.755405 13.448032 -319.808179
v 7.111788 13.179719 -318.936049
v 6.931278 12.809305 -319.215689
v 6.651129 13.076771 -320.081651
v 6.567145 13.378112 -320.977365
v 6.677165 13.696754 -321.863436
v 6.973884 14.021448 -322.703268
v 7.444430 14.343312 -323.460459
v 8.069803 14.657315 -324.100535
v 8.823244 14.959943 -324.591255
v 9.670042 15.249121 -324.905516
v 7.939297 15.620849 -318.183205
v 8.665266 15.335315 -317.591495
v 9.504457 15.036323 -317.184264
v 10.410128 14.724450 -316.979740
v 11.334485 14.402577 -316.984694
v 12.232866 14.075650 -317.196188
v 13.062971 13.753114 -317.603915
v 13.785286 13.448033 -318.191349
v 14.362382 13.179719 -318.936049
v 14.210461 12.809305 -318.639903
v 13.600591 13.076771 -317.964306
v 12.866872 13.378112 -317.443717
v 12.044502 13.696754 -317.095961
v 11.168826 14.021448 -316.933012
v 10.277806 14.343312 -316.961921
v 9.410798 14.657315 -317.183472
v 8.609101 14.959943 -317.590611
v 7.913544 15.249121 -318.166829
v 6.056586 13.168961 -320.740662
v 5.318382 13.527529 -322.337620
v 4.722659 13.882031 -323.993222
v 4.273146 14.229926 -325.695290
v 3.972939 14.568759 -327.431765
v 3.824330 14.896121 -329.190400
v 3.829006 15.209552 -330.958302
v 3.987085 15.506374 -332.720458
v 4.420097 15.506374 -332.970458
v 4.853110 15.506374 -333.220458
v 6.016359 15.443229 -331.118187
v 7.206832 15.379304 -329.031220
v 8.424758 15.314599 -326.960191
v 4.600176 15.408198 -332.033025
v 5.103821 15.176714 -329.923069
v 6.774134 14.609662 -325.210479
v 5.830716 14.905178 -327.597017
v 7.327211 14.455296 -324.014391
v 6.259685 14.764805 -326.446445
v 5.445290 15.042636 -328.756697
v 4.806584 15.306928 -331.093536
v 4.507617 15.457690 -332.502541
v 6.010176 13.596747 -320.684207
v 5.113083 14.012961 -322.545794
v 4.431551 14.423239 -324.497897
v 3.973969 14.822531 -326.516486
v 3.745970 15.205921 -328.576716
v 3.750360 15.568690 -330.653226
v 3.987085 15.906374 -332.720458
v 3.770021 15.130774 -329.339768
v 3.783011 15.356613 -330.628594
v 3.842648 14.896885 -328.054459
v 4.634806 14.111759 -324.055058
v 4.242445 14.409089 -325.516553
v 6.351173 13.248228 -320.142078
v 5.682346 13.538066 -321.402121
v 5.109189 13.826441 -322.708865
v 4.000387 14.655979 -326.778250
v 4.853110 15.906374 -333.220458
v 6.057669 15.834993 -331.134100
v 7.262229 15.763611 -329.047742
v 8.507907 15.500016 -326.855183
v 8.126672 15.521383 -327.505476
v 5.838407 15.650438 -331.475264
v 4.420097 15.906374 -332.970458
v 4.666091 15.762989 -331.606532
v 4.533469 15.835612 -332.288259
v 5.346676 15.458079 -328.892831
v 6.265361 15.134450 -326.218548
v 7.433845 14.793755 -323.576555
v 6.813912 14.967131 -324.901442
v 5.776042 15.298402 -327.550603
v 4.977895 15.612581 -330.240451
v 11.337085 11.756374 -321.029115
v 11.316640 11.756374 -320.873824
v 11.256700 11.756374 -320.729115
v 11.161349 11.756374 -320.604851
v 11.037085 11.756374 -320.509500
v 10.892376 11.756374 -320.449560
v 10.737085 11.756374 -320.429115
v 10.581793 11.756374 -320.449560
v 10.437085 11.756374 -320.509500
v 10.312820 11.756374 -320.604851
v 10.217469 11.756374 -320.729115
v 10.157529 11.756374 -320.873824
v 10.137085 11.756374 -321.029115
v 10.157529 11.756374 -321.184407
v 10.217469 11.756374 -321.329115
v 10.312820 11.756374 -321.453379
v 10.437085 11.756374 -321.548731
v 10.581793 11.756374 -321.608671
v 10.737085 11.756374 -321.629115
v 10.892376 11.756374 -321.608671
v 11.037085 11.756374 -321.548731
v 11.161349 11.756374 -321.453379
v 11.256700 11.756374 -321.329115
v 11.316640 11.756374 -321.184407
v 12.827526 13.168961 -325.226772
v 14.579634 13.527529 -325.067597
v 16.311289 13.882031 -324.755707
v 18.010079 14.229926 -324.293963
v 19.664015 14.568759 -323.685712
v 21.261342 14.896121 -322.935095
v 22.790052 15.209552 -322.047093
v 24.237085 15.506374 -321.029115
v 24.237085 15.506374 -320.529115
v 24.237085 15.506374 -320.029115
v 21.834839 15.443229 -320.072848
v 19.432237 15.379304 -320.085351
v 17.029710 15.314599 -320.066111
v 23.335204 15.408198 -320.841879
v 21.256106 15.176714 -321.460688
v 16.339727 14.609662 -322.370449
v 18.878238 14.905178 -321.994204
v 15.027346 14.455296 -322.489515
v 17.667329 14.764805 -322.197993
v 20.075264 15.042636 -321.748152
v 22.418379 15.306928 -321.132869
v 23.788097 15.457690 -320.687279
v 24.237085 15.906374 -320.029115
v 21.827966 15.834993 -320.029115
v 19.418847 15.763611 -320.029115
v 16.897196 15.500016 -320.046605
v 17.650984 15.521383 -320.051618
v 22.233054 15.650438 -320.048420
v 12.801840 13.596747 -325.295193
v 14.862568 14.012961 -325.141304
v 16.893904 14.423239 -324.755477
v 18.870845 14.822531 -324.142459
v 20.769055 15.205921 -323.309798
v 22.565171 15.568690 -322.267741
v 24.237085 15.906374 -321.029115
v 21.417849 15.130773 -322.907445
v 22.527509 15.356611 -322.251783
v 20.268426 14.896884 -323.487202
v 16.408764 14.111758 -324.800873
v 17.870639 14.409088 -324.409920
v 12.161842 13.248227 -325.270945
v 13.587485 13.538066 -325.220145
v 15.005736 13.826440 -325.063142
v 19.084329 14.655978 -323.988700
v 24.237085 15.906374 -320.529115
v 22.932883 15.762986 -320.998061
v 23.589592 15.835611 -320.772045
v 20.242449 15.458072 -321.765526
v 17.467112 15.134439 -322.307072
v 14.594796 14.793736 -322.616134
v 16.052189 14.967118 -322.490568
v 18.865364 15.298393 -322.064804
v 21.593910 15.612576 -321.411083
v 13.327141 13.168961 -317.119912
v 12.313237 13.527529 -315.682129
v 11.177305 13.882031 -314.338417
v 9.928028 14.229926 -313.098093
v 8.574300 14.568759 -311.969869
v 7.125582 14.896121 -310.961852
v 5.592196 15.209552 -310.081951
v 3.987085 15.506374 -309.337772
v 3.554072 15.506374 -309.587772
v 3.121059 15.506374 -309.837772
v 4.360055 15.443229 -311.896312
v 5.572185 15.379304 -313.970774
v 6.756785 15.314599 -316.061044
v 4.275874 15.408198 -310.212441
v 5.851327 15.176714 -311.703589
v 9.097392 14.609662 -315.506417
v 7.502299 14.905178 -313.496125
v 9.856697 14.455296 -316.583440
v 8.284239 14.764805 -314.442909
v 6.690699 15.042636 -312.582496
v 4.986291 15.306928 -310.860941
v 3.915540 15.457690 -309.897525
v 3.121059 15.906374 -309.837772
v 4.325619 15.834993 -311.924131
v 5.530178 15.763611 -314.010489
v 6.806150 15.500016 -316.185557
v 6.433597 15.521383 -315.530251
v 4.139793 15.650438 -311.563661
v 13.399238 13.596747 -317.107946
v 12.235603 14.012961 -315.400247
v 10.885798 14.423239 -313.833972
v 9.366440 14.822531 -312.428400
v 7.696228 15.205921 -311.200833
v 5.895722 15.568690 -310.166379
v 3.987085 15.906374 -309.337772
v 7.023381 15.130773 -310.840134
v 5.900729 15.356612 -310.206971
v 8.100178 14.896884 -311.545685
v 11.167701 14.111753 -314.231434
v 10.098171 14.409088 -313.160872
v 13.698241 13.248225 -317.674329
v 12.941431 13.538063 -316.465090
v 12.096341 13.826436 -315.315355
v 9.126538 14.655978 -312.320395
v 3.554072 15.906374 -309.587772
v 4.612347 15.762979 -310.482764
v 4.088239 15.835607 -310.027044
v 6.622262 15.458053 -312.429008
v 8.478947 15.134410 -314.561732
v 10.182821 14.793683 -316.894794
v 9.345323 14.967084 -315.695343
v 7.570001 15.298370 -313.471950
v 5.639559 15.612561 -311.435843
vt 2.600000 -6.335545 0.000000
vt 0.000000 -6.335545 0.000000
vt 2.600000 -6.911504 0.000000
vt 0.000000 -6.911504 0.000000
vt 2.600000 6.911504 0.000000
vt 0.000000 6.911504 0.000000
vt 2.600000 6.335545 0.000000
vt 0.000000 6.335545 0.000000
vt 2.600000 5.759587 0.000000
vt 0.000000 5.759587 0.000000
vt 2.600000 5.183628 0.000000
vt 0.000000 5.183628 0.000000
vt 2.600000 4.607669 0.000000
vt 0.000000 4.607669 0.000000
vt 2.600000 4.031711 0.000000
vt 0.000000 4.031711 0.000000
vt 2.600000 3.455752 0.000000
vt 0.000000 3.455752 0.000000
vt 2.600000 2.879793 0.000000
vt 0.000000 2.879793 0.000000
vt 2.600000 2.303835 0.000000
vt 0.000000 2.303835 0.000000
vt 2.600000 1.727876 0.000000
vt 0.000000 1.727876 0.000000
vt 2.600000 1.151917 0.000000
vt 0.000000 1.151917 0.000000
vt 2.600000 0.575959 0.000000
vt 0.000000 0.575959 0.000000
vt 2.600000 0.000000 0.000000
vt 0.000000 0.000000 0.000000
vt 2.600000 -0.575959 0.000000
vt 0.000000 -0.575959 0.000000
vt 2.600000 -1.151917 0.000000
vt 0.000000 -1.151917 0.000000
vt 2.600000 -1.727876 0.000000
vt 0.000000 -1.727876 0.000000
vt 2.600000 -2.303835 0.000000
vt 0.000000 -2.303835 0.000000
vt 2.600000 -2.879793 0.000000
vt 0.000000 -2.879793 0.000000
vt 2.600000 -3.455752 0.000000
vt 0.000000 -3.455752 0.000000
vt 2.600000 -4.031711 0.000000
vt 0.000000 -4.031711 0.000000
vt 2.600000 -4.607669 0.000000
vt 0.000000 -4.607669 0.000000
vt 2.600000 -5.183628 0.000000
vt 0.000000 -5.183628 0.000000
vt 2.600000 -5.759587 0.000000
vt 0.000000 -5.759587 0.000000
vt -2.125037 -0.569402 0.000000
vt -0.579555 -0.155291 0.000000
vt -2.200000 0.000000 0.000000
vt -0.600000 0.000000 0.000000
vt -0.579555 0.155291 0.000000
vt -0.519615 -0.300000 0.000000
vt -1.905256 -1.100000 0.000000
vt -0.424264 -0.424264 0.000000
vt -1.555635 -1.555635 0.000000
vt -0.300000 -0.519615 0.000000
vt -1.100000 -1.905256 0.000000
vt -0.155291 -0.579555 0.000000
vt -0.569402 -2.125037 0.000000
vt 0.000000 -0.600000 0.000000
vt 0.000000 -2.200000 0.000000
vt 0.569402 -2.125037 0.000000
vt 0.155291 -0.579555 0.000000
vt 1.100000 -1.905256 0.000000
vt 0.300000 -0.519615 0.000000
vt 1.555635 -1.555635 0.000000
vt 0.424264 -0.424264 0.000000
vt 1.905256 -1.100000 0.000000
vt 0.519615 -0.300000 0.000000
vt 2.125037 -0.569402 0.000000
vt 0.579555 -0.155291 0.000000
vt 0.600000 0.000000 0.000000
vt 2.200000 0.000000 0.000000
vt 0.579555 0.155291 0.000000
vt 2.125037 0.569402 0.000000
vt 0.519615 0.300000 0.000000
vt 1.905256 1.100000 0.000000
vt 0.424264 0.424264 0.000000
vt 1.555635 1.555635 0.000000
vt 0.300000 0.519615 0.000000
vt 1.100000 1.905256 0.000000
vt 0.155291 0.579555 0.000000
vt 0.569402 2.125037 0.000000
vt 0.000000 0.600000 0.000000
vt 0.000000 2.200000 0.000000
vt -0.569402 2.125037 0.000000
vt -0.155291 0.579555 0.000000
vt -1.100000 1.905256 0.000000
vt -0.300000 0.519615 0.000000
vt -1.555635 1.555635 0.000000
vt -0.424264 0.424264 0.000000
vt -1.905256 1.100000 0.000000
vt -0.519615 0.300000 0.000000
vt -2.125037 0.569402 0.000000
vt -0.000000 11.889720 0.000000
vt 2.910210 12.095413 0.000000
vt -0.000000 12.880530 0.000000
vt 0.000000 -12.880530 0.000000
vt 2.910210 -13.665646 0.000000
vt 3.213804 -12.755153 0.000000
vt -0.000000 -11.889720 0.000000
vt 3.503906 -11.835091 0.000000
vt -0.000000 -10.898910 0.000000
vt 5.015974 -10.819645 0.000000
vt 1.427892 -10.733775 0.000000
vt 5.015974 -9.789203 0.000000
vt 1.697064 -9.806918 0.000000
vt 2.003119 -8.886028 0.000000
vt 5.015974 -8.758760 0.000000
vt 2.326686 -7.965747 0.000000
vt 5.015974 -7.728318 0.000000
vt 2.654657 -7.041527 0.000000
vt 5.015974 -6.697876 0.000000
vt 2.977559 -6.109938 0.000000
vt 5.015974 -5.667433 0.000000
vt 3.290428 -5.168283 0.000000
vt 5.015974 -4.636991 0.000000
vt 3.590375 -4.216446 0.000000
vt 5.015974 -3.606548 0.000000
vt 3.876821 -3.255091 0.000000
vt 5.015974 -2.576106 0.000000
vt 3.503906 -3.248072 0.000000
vt -0.000000 -2.972430 0.000000
vt -0.000000 -3.963240 0.000000
vt 2.595202 11.194804 0.000000
vt -0.000000 10.898910 0.000000
vt 2.272311 10.303214 0.000000
vt -0.000000 9.908100 0.000000
vt 1.946580 9.418007 0.000000
vt -0.000000 8.917290 0.000000
vt 1.626919 8.536141 0.000000
vt 0.000000 7.926480 0.000000
vt 1.324615 7.652810 0.000000
vt 0.000000 6.935670 0.000000
vt 1.056295 6.763902 0.000000
vt 0.000000 5.944860 0.000000
vt 1.427892 6.440265 0.000000
vt 5.015974 6.697876 0.000000
vt 1.697064 7.367125 0.000000
vt 5.015974 7.728318 0.000000
vt 2.003119 8.288021 0.000000
vt 5.015974 8.758760 0.000000
vt 2.326679 9.208293 0.000000
vt 5.015974 9.789203 0.000000
vt 2.654655 10.132527 0.000000
vt 5.015974 10.819645 0.000000
vt 2.977554 11.064105 0.000000
vt 5.015974 11.850087 0.000000
vt 3.290427 12.005767 0.000000
vt 5.015974 12.880530 0.000000
vt 3.590376 12.957600 0.000000
vt 3.590376 -12.803460 0.000000
vt 5.015974 -12.880530 0.000000
vt 5.015974 -11.850087 0.000000
vt 3.876821 -11.842111 0.000000
vt 0.000000 4.954050 0.000000
vt 3.503906 5.338948 0.000000
vt 5.015974 5.667433 0.000000
vt 3.213804 4.418886 0.000000
vt -0.000000 3.963240 0.000000
vt 2.910209 3.508392 0.000000
vt -0.000000 2.972430 0.000000
vt 2.595203 2.607785 0.000000
vt -0.000000 1.981620 0.000000
vt 2.272310 1.716192 0.000000
vt -0.000000 0.990810 0.000000
vt 1.946580 0.830988 0.000000
vt -0.000000 0.000000 0.000000
vt 1.626919 -0.050880 0.000000
vt 1.324615 -0.934210 0.000000
vt -0.000000 -0.990810 0.000000
vt 1.056295 -1.823118 0.000000
vt -0.000000 -1.981620 0.000000
vt 1.427892 -2.146755 0.000000
vt 3.213804 -4.168134 0.000000
vt 0.000000 -4.954050 0.000000
vt 2.910209 -5.078628 0.000000
vt -0.000000 -5.944860 0.000000
vt 2.595203 -5.979235 0.000000
vt 2.272310 -6.870827 0.000000
vt -0.000000 -6.935670 0.000000
vt 1.946580 -7.756032 0.000000
vt -0.000000 -7.926480 0.000000
vt 1.626919 -8.637900 0.000000
vt -0.000000 -8.917290 0.000000
vt 1.324615 -9.521230 0.000000
vt -0.000000 -9.908100 0.000000
vt 1.056295 -10.410138 0.000000
vt 5.015974 -1.545664 0.000000
vt 1.697062 -1.219898 0.000000
vt 5.015974 -0.515221 0.000000
vt 2.003115 -0.299007 0.000000
vt 5.015974 0.515221 0.000000
vt 2.326679 0.621275 0.000000
vt 5.015974 1.545664 0.000000
vt 2.654648 1.545495 0.000000
vt 2.977551 2.477084 0.000000
vt 5.015974 2.576106 0.000000
vt 3.290423 3.418739 0.000000
vt 5.015974 3.606548 0.000000
vt 3.590373 4.370574 0.000000
vt 5.015974 4.636991 0.000000
vt 3.876821 5.331928 0.000000
vt -0.000000 9.877200 0.000000
vt -0.780050 9.768374 0.000000
vt -0.000000 7.407900 0.000000
vt -2.180615 8.283811 0.000000
vt -2.180615 6.939430 0.000000
vt -4.381993 6.778910 0.000000
vt -2.180615 5.701070 0.000000
vt -4.381993 5.084183 0.000000
vt -2.180615 4.462709 0.000000
vt -4.381993 3.389455 0.000000
vt -2.180615 3.224348 0.000000
vt -4.381993 1.694728 0.000000
vt -2.180615 1.985987 0.000000
vt -2.180615 0.992994 0.000000
vt -0.000000 2.469300 0.000000
vt -0.000000 0.000000 0.000000
vt -2.180615 0.496497 0.000000
vt -2.190997 0.000000 0.000000
vt -4.381993 0.000000 0.000000
vt -2.180615 9.602313 0.000000
vt -1.565084 9.863596 0.000000
vt -2.302620 10.147498 0.000000
vt -4.381993 10.168365 0.000000
vt -2.953478 10.598045 0.000000
vt -3.494675 11.190413 0.000000
vt -4.381993 11.863093 0.000000
vt -3.915163 11.898481 0.000000
vt -4.211667 12.696787 0.000000
vt -4.381993 13.557820 0.000000
vt -4.381993 8.473638 0.000000
vt -0.000000 4.938600 0.000000
vt -0.000000 12.591871 0.000000
vt -0.000000 14.390710 0.000000
vt -0.223167 13.275682 0.000000
vt -0.450250 14.731472 0.000000
vt -0.450259 12.626985 0.000000
vt -0.223167 11.819891 0.000000
vt -0.450250 10.522477 0.000000
vt -0.223167 10.364100 0.000000
vt -0.223167 8.908309 0.000000
vt -0.000000 8.994194 0.000000
vt -0.223167 7.365736 0.000000
vt -0.000000 7.195355 0.000000
vt -0.223167 6.057274 0.000000
vt -0.000000 5.396516 0.000000
vt -0.223167 4.748811 0.000000
vt -0.000000 3.597677 0.000000
vt -0.223167 3.440348 0.000000
vt -0.223167 2.131886 0.000000
vt -0.450259 2.104490 0.000000
vt -0.000000 0.000000 0.000000
vt -0.450250 0.000000 0.000000
vt -0.450259 8.417990 0.000000
vt -0.450259 6.313486 0.000000
vt -0.450250 4.208995 0.000000
vt -0.000000 1.798839 0.000000
vt -0.000000 10.793032 0.000000
vt -0.000000 4.820896 0.000000
vt -0.000000 9.641792 0.000000
vt -0.194352 7.343079 0.000000
vt -0.388835 9.612876 0.000000
vt -0.388835 7.209657 0.000000
vt -0.194352 6.588954 0.000000
vt -0.388835 4.806438 0.000000
vt -0.194352 2.005008 0.000000
vt -0.388835 2.403219 0.000000
vt -0.388835 0.000000 0.000000
vt -0.000000 0.000000 0.000000
vt -0.000000 2.410448 0.000000
vt -0.000000 13.932234 0.000000
vt -0.168784 13.029179 0.000000
vt 0.000063 11.941894 0.000000
vt -0.473328 12.181794 0.000000
vt -0.909099 11.421117 0.000000
vt 0.000063 9.951633 0.000000
vt -1.472669 10.777273 0.000000
vt -2.154443 10.280486 0.000000
vt -2.281743 10.086289 0.000000
vt -2.932701 9.959952 0.000000
vt -2.281743 8.624780 0.000000
vt -3.767420 9.842010 0.000000
vt -2.281743 7.193637 0.000000
vt -4.603547 4.972505 0.000000
vt -2.281743 5.762494 0.000000
vt -2.281743 4.331351 0.000000
vt 0.000063 5.970948 0.000000
vt 0.000063 3.980689 0.000000
vt -2.281743 2.900207 0.000000
vt 0.000063 1.990346 0.000000
vt -2.281743 1.450104 0.000000
vt -2.281743 0.725052 0.000000
vt -4.603547 0.000000 0.000000
vt -2.301773 0.000000 0.000000
vt -4.603547 9.945010 0.000000
vt -4.603547 2.486252 0.000000
vt -0.000000 0.000000 0.000000
vt 0.000063 7.961273 0.000000
vt -0.500000 -0.200000 0.000000
vt 0.000000 -0.200000 0.000000
vt -0.500000 0.200000 0.000000
vt 0.000000 0.200000 0.000000
vt 0.500000 -0.200000 0.000000
vt 0.500000 0.200000 0.000000
vt 2.400000 -1.727876 0.000000
vt 0.000000 -1.727876 0.000000
vt 2.400000 -1.884956 0.000000
vt 0.000000 -1.884956 0.000000
vt 2.400000 1.884956 0.000000
vt 0.000000 1.884956 0.000000
vt 2.400000 1.727876 0.000000
vt 0.000000 1.727876 0.000000
vt 2.400000 1.570796 0.000000
vt 0.000000 1.570796 0.000000
vt 2.400000 1.413717 0.000000
vt 0.000000 1.413717 0.000000
vt 2.400000 1.256637 0.000000
vt 0.000000 1.256637 0.000000
vt 2.400000 1.099557 0.000000
vt 0.000000 1.099557 0.000000
vt 2.400000 0.942478 0.000000
vt 0.000000 0.942478 0.000000
vt 2.400000 0.785398 0.000000
vt 0.000000 0.785398 0.000000
vt 2.400000 0.628319 0.000000
vt 0.000000 0.628319 0.000000
vt 2.400000 0.471239 0.000000
vt 0.000000 0.471239 0.000000
vt 2.400000 0.314159 0.000000
vt 0.000000 0.314159 0.000000
vt 2.400000 0.157080 0.000000
vt 0.000000 0.157080 0.000000
vt 2.400000 0.000000 0.000000
vt 0.000000 0.000000 0.000000
vt 2.400000 -0.157080 0.000000
vt -0.000000 -0.157080 0.000000
vt 2.400000 -0.314159 0.000000
vt -0.000000 -0.314159 0.000000
vt 2.400000 -0.471239 0.000000
vt -0.000000 -0.471239 0.000000
vt 2.400000 -0.628319 0.000000
vt -0.000000 -0.628319 0.000000
vt 2.400000 -0.785398 0.000000
vt -0.000000 -0.785398 0.000000
vt 2.400000 -0.942478 0.000000
vt 0.000000 -0.942478 0.000000
vt 2.400000 -1.099557 0.000000
vt 0.000000 -1.099557 0.000000
vt 2.400000 -1.256637 0.000000
vt 0.000000 -1.256637 0.000000
vt 2.400000 -1.413717 0.000000
vt 0.000000 -1.413717 0.000000
vt 2.400000 -1.570796 0.000000
vt 0.000000 -1.570796 0.000000
vt 0.969891 3.777474 0.000000
vt -0.000000 3.900000 0.000000
vt -0.000000 2.200000 0.000000
vt -0.969891 3.777474 0.000000
vt -0.569402 2.125037 0.000000
vt -1.878839 3.417596 0.000000
vt -1.100000 1.905256 0.000000
vt -2.669734 2.842978 0.000000
vt -1.555635 1.555635 0.000000
vt -3.292879 2.089725 0.000000
vt -1.905256 1.100000 0.000000
vt -3.709120 1.205166 0.000000
vt -2.125037 0.569402 0.000000
vt -3.892304 0.244883 0.000000
vt -2.200000 -0.000000 0.000000
vt -3.830920 -0.730787 0.000000
vt -2.125037 -0.569402 0.000000
vt -3.528826 -1.660539 0.000000
vt -1.905256 -1.100000 0.000000
vt -3.005002 -2.485954 0.000000
vt -1.555635 -1.555635 0.000000
vt -2.292362 -3.155166 0.000000
vt -1.100000 -1.905256 0.000000
vt -1.435686 -3.626128 0.000000
vt -0.569402 -2.125037 0.000000
vt -0.488800 -3.869247 0.000000
vt -0.000000 -2.200000 0.000000
vt 0.488800 -3.869247 0.000000
vt 0.569402 -2.125037 0.000000
vt 1.435686 -3.626128 0.000000
vt 1.100000 -1.905256 0.000000
vt 2.292362 -3.155166 0.000000
vt 1.555635 -1.555635 0.000000
vt 3.005002 -2.485954 0.000000
vt 1.905256 -1.100000 0.000000
vt 3.528826 -1.660539 0.000000
vt 2.125037 -0.569402 0.000000
vt 3.830920 -0.730787 0.000000
vt 2.200000 -0.000000 0.000000
vt 3.892304 0.244883 0.000000
vt 2.125037 0.569402 0.000000
vt 3.709120 1.205166 0.000000
vt 1.905256 1.100000 0.000000
vt 3.292879 2.089725 0.000000
vt 1.555635 1.555635 0.000000
vt 2.669734 2.842978 0.000000
vt 1.100000 1.905256 0.000000
vt 1.878839 3.417596 0.000000
vt 0.569402 2.125037 0.000000
vt 1.029057 4.175050 0.000000
vt -0.000000 4.300000 0.000000
vt -0.000000 0.600000 0.000000
vt -1.029057 4.175050 0.000000
vt -0.155291 0.579555 0.000000
vt -1.998310 3.807461 0.000000
vt -0.300000 0.519615 0.000000
vt -2.851427 3.218596 0.000000
vt -0.424264 0.424264 0.000000
vt -3.538831 2.442678 0.000000
vt -0.519615 0.300000 0.000000
vt -4.020570 1.524801 0.000000
vt -0.579555 0.155291 0.000000
vt -4.268648 0.518308 0.000000
vt -0.600000 -0.000000 0.000000
vt -4.268648 -0.518308 0.000000
vt -0.579555 -0.155291 0.000000
vt -4.020570 -1.524801 0.000000
vt -0.519615 -0.300000 0.000000
vt -3.538831 -2.442678 0.000000
vt -0.424264 -0.424264 0.000000
vt -2.851427 -3.218596 0.000000
vt -0.300000 -0.519615 0.000000
vt -1.998310 -3.807461 0.000000
vt -0.155291 -0.579555 0.000000
vt -1.029057 -4.175050 0.000000
vt -0.000000 -0.600000 0.000000
vt -0.000000 -4.300000 0.000000
vt 1.029057 -4.175050 0.000000
vt 0.155291 -0.579555 0.000000
vt 1.998310 -3.807461 0.000000
vt 0.300000 -0.519615 0.000000
vt 2.851427 -3.218596 0.000000
vt 0.424264 -0.424264 0.000000
vt 3.538831 -2.442678 0.000000
vt 0.519615 -0.300000 0.000000
vt 4.020570 -1.524801 0.000000
vt 0.579555 -0.155291 0.000000
vt 4.268648 -0.518308 0.000000
vt 0.600000 -0.000000 0.000000
vt 4.268648 0.518308 0.000000
vt 0.579555 0.155291 0.000000
vt 4.020570 1.524801 0.000000
vt 0.519615 0.300000 0.000000
vt 3.538831 2.442678 0.000000
vt 0.424264 0.424264 0.000000
vt 2.851427 3.218596 0.000000
vt 0.300000 0.519615 0.000000
vt 1.998310 3.807461 0.000000
vt 0.155291 0.579555 0.000000
vt -0.000000 9.877200 0.000000
vt -0.780050 9.768374 0.000000
vt -0.000000 7.407900 0.000000
vt -2.180615 8.283811 0.000000
vt -2.180615 6.939430 0.000000
vt -4.381993 6.778910 0.000000
vt -2.180615 5.701070 0.000000
vt -4.381993 5.084183 0.000000
vt -2.180615 4.462709 0.000000
vt -4.381993 3.389455 0.000000
vt -2.180615 3.224348 0.000000
vt -4.381993 1.694728 0.000000
vt -2.180615 1.985987 0.000000
vt -2.180615 0.992994 0.000000
vt -0.000000 2.469300 0.000000
vt -0.000000 0.000000 0.000000
vt -2.180615 0.496497 0.000000
vt -2.190997 0.000000 0.000000
vt -4.381993 0.000000 0.000000
vt -2.180615 9.602313 0.000000
vt -1.565083 9.863596 0.000000
vt -2.302621 10.147498 0.000000
vt -4.381993 10.168365 0.000000
vt -2.953477 10.598045 0.000000
vt -3.494676 11.190413 0.000000
vt -4.381993 11.863093 0.000000
vt -3.915163 11.898480 0.000000
vt -4.211666 12.696787 0.000000
vt -4.381993 13.557820 0.000000
vt -4.381993 8.473638 0.000000
vt -0.000000 4.938600 0.000000
vt -0.000000 4.820896 0.000000
vt -0.000000 9.641792 0.000000
vt -0.194352 7.343079 0.000000
vt -0.388835 9.612876 0.000000
vt -0.388835 7.209657 0.000000
vt -0.194352 6.588954 0.000000
vt -0.388835 4.806438 0.000000
vt -0.194352 2.005008 0.000000
vt -0.388835 2.403219 0.000000
vt -0.388835 0.000000 0.000000
vt -0.000000 0.000000 0.000000
vt -0.000000 2.410448 0.000000
vt -0.000000 12.591872 0.000000
vt -0.000000 14.390710 0.000000
vt -0.223167 13.275683 0.000000
vt -0.450251 14.731473 0.000000
vt -0.450260 12.626986 0.000000
vt -0.223167 11.819893 0.000000
vt -0.450251 10.522478 0.000000
vt -0.223167 10.364103 0.000000
vt -0.223167 8.908312 0.000000
vt -0.000000 8.994194 0.000000
vt -0.223167 7.365737 0.000000
vt -0.000000 7.195355 0.000000
vt -0.223167 6.057275 0.000000
vt -0.000000 5.396516 0.000000
vt -0.223167 4.748814 0.000000
vt -0.000000 3.597678 0.000000
vt -0.223167 3.440353 0.000000
vt -0.223167 2.131892 0.000000
vt -0.450260 2.104490 0.000000
vt -0.000000 0.000000 0.000000
vt -0.450251 0.000000 0.000000
vt -0.450260 8.417990 0.000000
vt -0.450260 6.313486 0.000000
vt -0.450250 4.208995 0.000000
vt -0.000000 1.798839 0.000000
vt -0.000000 10.793033 0.000000
vt 0.000000 13.932239 0.000000
vt -0.168786 13.029181 0.000000
vt 0.000081 11.941898 0.000000
vt -0.473337 12.181791 0.000000
vt -0.909108 11.421123 0.000000
vt 0.000081 9.951634 0.000000
vt -1.472692 10.777270 0.000000
vt -2.154462 10.280490 0.000000
vt -2.281722 10.086351 0.000000
vt -2.932730 9.959954 0.000000
vt -2.281722 8.624801 0.000000
vt -3.767450 9.842013 0.000000
vt -2.281722 7.193659 0.000000
vt -4.603575 4.972507 0.000000
vt -2.281722 5.762517 0.000000
vt -2.281722 4.331375 0.000000
vt 0.000081 5.970942 0.000000
vt 0.000081 3.980683 0.000000
vt -2.281722 2.900233 0.000000
vt 0.000081 1.990342 0.000000
vt -2.281722 1.450117 0.000000
vt -2.281722 0.725058 0.000000
vt -4.603575 0.000000 0.000000
vt -2.301788 0.000000 0.000000
vt -4.603575 9.945013 0.000000
vt -4.603575 2.486253 0.000000
vt -0.000000 0.000000 0.000000
vt 0.000050 7.961276 0.000000
vt -0.500000 -0.200000 0.000000
vt 0.000000 -0.200000 0.000000
vt -0.500000 0.200000 0.000000
vt 0.000000 0.200000 0.000000
vt 0.500000 -0.200000 0.000000
vt 0.500000 0.200000 0.000000
vt -0.000000 9.877200 0.000000
vt -0.780050 9.768374 0.000000
vt -0.000000 7.407900 0.000000
vt -2.180615 8.283811 0.000000
vt -2.180615 6.939430 0.000000
vt -4.381993 6.778910 0.000000
vt -2.180615 5.701070 0.000000
vt -4.381993 5.084183 0.000000
vt -2.180615 4.462709 0.000000
vt -4.381993 3.389455 0.000000
vt -2.180615 3.224348 0.000000
vt -4.381993 1.694728 0.000000
vt -2.180615 1.985987 0.000000
vt -2.180615 0.992994 0.000000
vt -0.000000 2.469300 0.000000
vt -0.000000 0.000000 0.000000
vt -2.180615 0.496497 0.000000
vt -2.190997 0.000000 0.000000
vt -4.381993 0.000000 0.000000
vt -2.180615 9.602313 0.000000
vt -1.565084 9.863596 0.000000
vt -2.302620 10.147498 0.000000
vt -4.381993 10.168365 0.000000
vt -2.953478 10.598045 0.000000
vt -3.494675 11.190413 0.000000
vt -4.381993 11.863093 0.000000
vt -3.915163 11.898481 0.000000
vt -4.211667 12.696787 0.000000
vt -4.381993 13.557820 0.000000
vt -4.381993 8.473638 0.000000
vt -0.000000 4.938600 0.000000
vt -0.000000 4.820896 0.000000
vt -0.000000 9.641792 0.000000
vt -0.194352 7.343079 0.000000
vt -0.388835 9.612876 0.000000
vt -0.388835 7.209657 0.000000
vt -0.194352 6.588954 0.000000
vt -0.388835 4.806438 0.000000
vt -0.194352 2.005008 0.000000
vt -0.388835 2.403219 0.000000
vt -0.388835 0.000000 0.000000
vt -0.000000 0.000000 0.000000
vt -0.000000 2.410448 0.000000
vt -0.000000 12.591873 0.000000
vt -0.000000 14.390713 0.000000
vt -0.223167 13.275691 0.000000
vt -0.450253 14.731475 0.000000
vt -0.450262 12.626988 0.000000
vt -0.223167 11.819907 0.000000
vt -0.450252 10.522479 0.000000
vt -0.223167 10.364123 0.000000
vt -0.223167 8.908339 0.000000
vt -0.000000 8.994195 0.000000
vt -0.223167 7.365738 0.000000
vt -0.000000 7.195356 0.000000
vt -0.223167 6.057275 0.000000
vt -0.000000 5.396517 0.000000
vt -0.223167 4.748812 0.000000
vt -0.000000 3.597678 0.000000
vt -0.223167 3.440349 0.000000
vt -0.223167 2.131886 0.000000
vt -0.450263 2.104490 0.000000
vt -0.000000 0.000000 0.000000
vt -0.450253 0.000000 0.000000
vt -0.450260 8.417991 0.000000
vt -0.450261 6.313487 0.000000
vt -0.450251 4.208996 0.000000
vt -0.000000 1.798839 0.000000
vt -0.000000 10.793034 0.000000
vt -0.000000 13.932254 0.000000
vt -0.168791 13.029199 0.000000
vt 0.000133 11.941908 0.000000
vt -0.473350 12.181814 0.000000
vt -0.909139 11.421137 0.000000
vt 0.000133 9.951636 0.000000
vt -1.472726 10.777292 0.000000
vt -2.154513 10.280503 0.000000
vt -2.281664 10.086522 0.000000
vt -2.932781 9.959968 0.000000
vt -2.281664 8.624862 0.000000
vt -3.767512 9.842024 0.000000
vt -2.281664 7.193720 0.000000
vt -4.603654 4.972512 0.000000
vt -2.281664 5.762579 0.000000
vt -2.281664 4.331437 0.000000
vt 0.000115 5.970932 0.000000
vt 0.000133 3.980667 0.000000
vt -2.281664 2.900295 0.000000
vt 0.000133 1.990330 0.000000
vt -2.281664 1.450147 0.000000
vt -2.281664 0.725074 0.000000
vt -4.603654 0.000000 0.000000
vt -2.301827 0.000000 0.000000
vt -4.603654 9.945024 0.000000
vt -4.603654 2.486256 0.000000
vt -0.000000 0.000000 0.000000
vt 0.000001 7.961289 0.000000
vt -0.500000 -0.200000 0.000000
vt -0.000000 -0.200000 0.000000
vt -0.500000 0.200000 0.000000
vt 0.000000 0.200000 0.000000
vt 0.500000 -0.200000 0.000000
vt 0.500000 0.200000 0.000000
vn -0.965926 0.000000 -0.258819
vn -0.965926 0.000000 -0.258819
vn -1.000000 0.000000 0.000000
vn -1.000000 0.000000 0.000000
vn -0.965926 0.000000 0.258819
vn -0.965926 0.000000 0.258819
vn -0.866025 0.000000 0.500000
vn -0.866025 0.000000 0.500000
vn -0.707107 0.000000 0.707107
vn -0.707107 0.000000 0.707107
vn -0.500000 0.000000 0.866025
vn -0.500000 0.000000 0.866025
vn -0.258819 0.000000 0.965926
vn -0.258819 0.000000 0.965926
vn 0.000000 -0.000000 1.000000
vn 0.000000 -0.000000 1.000000
vn 0.258819 -0.000000 0.965926
vn 0.258819 -0.000000 0.965926
vn 0.500000 -0.000000 0.866025
vn 0.500000 -0.000000 0.866025
vn 0.707107 -0.000000 0.707107
vn 0.707107 -0.000000 0.707107
vn 0.866025 -0.000000 0.500000
vn 0.866025 -0.000000 0.500000
vn 0.965926 -0.000000 0.258819
vn 0.965926 -0.000000 0.258819
vn 1.000000 -0.000000 -0.000000
vn 1.000000 -0.000000 -0.000000
vn 0.965926 -0.000000 -0.258819
vn 0.965926 -0.000000 -0.258819
vn 0.866025 -0.000000 -0.500000
vn 0.866025 -0.000000 -0.500000
vn 0.707107 -0.000000 -0.707107
vn 0.707107 -0.000000 -0.707107
vn 0.500000 -0.000000 -0.866025
vn 0.500000 -0.000000 -0.866025
vn 0.258819 -0.000000 -0.965926
vn 0.258819 -0.000000 -0.965926
vn -0.000000 0.000000 -1.000000
vn -0.000000 0.000000 -1.000000
vn -0.258819 0.000000 -0.965926
vn -0.258819 0.000000 -0.965926
vn -0.500000 0.000000 -0.866025
vn -0.500000 0.000000 -0.866025
vn -0.707107 0.000000 -0.707107
vn -0.707107 0.000000 -0.707107
vn -0.866025 0.000000 -0.500000
vn -0.866025 0.000000 -0.500000
vn 0.000000 1.000000 0.000000
vn 0.000000 1.000000 0.000000
vn 0.000000 1.000000 0.000000
vn 0.000000 1.000000 0.000000
vn 0.000000 1.000000 0.000000
vn 0.000000 1.000000 0.000000
vn 0.000000 1.000000 0.000000
vn 0.000000 1.000000 0.000000
vn 0.000000 1.000000 0.000000
vn 0.000000 1.000000 0.000000
vn 0.000000 1.000000 0.000000
vn 0.000000 1.000000 0.000000
vn 0.000000 1.000000 0.000000
vn 0.000000 1.000000 0.000000
vn 0.000000 1.000000 0.000000
vn 0.000000 1.000000 0.000000
vn 0.000000 1.000000 0.000000
vn 0.000000 1.000000 0.000000
vn 0.000000 1.000000 0.000000
vn 0.000000 1.000000 0.000000
vn 0.000000 1.000000 0.000000
vn 0.000000 1.000000 0.000000
vn 0.000000 1.000000 0.000000
vn 0.000000 1.000000 0.000000
vn 0.000000 1.000000 0.000000
vn 0.000000 1.000000 0.000000
vn 0.000000 1.000000 0.000000
vn 0.000000 1.000000 0.000000
vn 0.000000 1.000000 0.000000
vn 0.000000 1.000000 0.000000
vn 0.000000 1.000000 0.000000
vn 0.000000 1.000000 0.000000
vn 0.000000 1.000000 0.000000
vn 0.000000 1.000000 0.000000
vn 0.000000 1.000000 0.000000
vn 0.000000 1.000000 0.000000
vn 0.000000 1.000000 0.000000
vn 0.000000 1.000000 0.000000
vn 0.000000 1.000000 0.000000
vn 0.000000 1.000000 0.000000
vn 0.000000 1.000000 0.000000
vn 0.000000 1.000000 0.000000
vn 0.000000 1.000000 0.000000
vn 0.000000 1.000000 0.000000
vn 0.000000 1.000000 0.000000
vn 0.000000 1.000000 0.000000
vn 0.000000 1.000000 0.000000
vn 0.000000 1.000000 0.000000
vn 0.967850 0.079745 -0.238554
vn 0.978595 0.079745 -0.189718
vn 0.996815 0.079745 -0.000000
vn 0.996349 0.079745 0.030477
vn 0.967850 0.079745 0.238554
vn 0.964585 0.079745 0.251428
vn 0.882636 0.079745 0.463243
vn 0.873516 0.079745 0.480219
vn 0.863267 0.079745 0.498408
vn 0.726647 0.079745 0.682367
vn 0.729589 0.079745 0.679221
vn 0.559984 0.079745 0.824657
vn 0.534120 0.079745 0.841639
vn 0.362386 0.079745 0.928610
vn 0.308033 0.079745 0.948028
vn 0.145659 0.079745 0.986116
vn 0.062591 0.079745 0.994848
vn -0.080224 0.079745 0.993582
vn -0.186785 0.079745 0.979159
vn -0.304315 0.079745 0.949228
vn -0.424423 0.079745 0.901945
vn -0.514545 0.079745 0.853747
vn -0.635394 0.079745 0.768059
vn -0.698819 0.079745 0.710839
vn -0.806441 0.079745 0.585913
vn -0.700035 0.079745 0.709642
vn -0.746127 0.079745 0.661011
vn -0.566256 0.079745 0.820363
vn 0.913741 0.079745 -0.398393
vn 0.882636 0.079745 -0.463243
vn 0.806268 0.079745 -0.586151
vn 0.746127 0.079745 -0.661011
vn 0.661977 0.079745 -0.745270
vn 0.566256 0.079745 -0.820363
vn 0.487657 0.079745 -0.869386
vn 0.353476 0.079745 -0.932038
vn 0.290522 0.079745 -0.953539
vn 0.120153 0.079745 -0.989547
vn 0.078603 0.079745 -0.993711
vn -0.120153 0.079745 -0.989547
vn 0.000000 0.079745 -0.996815
vn 0.062591 0.079745 -0.994848
vn 0.223429 0.079745 -0.971453
vn 0.308033 0.079745 -0.948028
vn 0.434183 0.079745 -0.897288
vn 0.534120 0.079745 -0.841639
vn 0.623007 0.079745 -0.778140
vn 0.726647 0.079745 -0.682367
vn 0.781174 0.079745 -0.619199
vn 0.873516 0.079745 -0.480219
vn 0.900579 0.079745 -0.427314
vn 0.965498 0.079745 -0.247898
vn 0.974213 0.079745 -0.211067
vn 0.996815 0.079745 -0.000000
vn 0.996639 0.079745 0.018737
vn 0.965498 0.079745 0.247898
vn 0.965014 0.079745 0.249776
vn -0.353476 0.079745 -0.932038
vn -0.264550 0.079745 -0.961069
vn -0.186785 0.079745 -0.979159
vn -0.471781 0.079745 -0.878102
vn -0.566256 0.079745 -0.820363
vn -0.653598 0.079745 -0.752629
vn -0.746127 0.079745 -0.661011
vn -0.801889 0.079745 -0.592127
vn -0.882636 0.079745 -0.463243
vn -0.910756 0.079745 -0.405172
vn -0.967850 0.079745 -0.238554
vn -0.976411 0.079745 -0.200654
vn -0.996815 0.079745 0.000000
vn -0.996739 0.079745 0.012370
vn -0.971051 0.079745 0.225170
vn -0.967850 0.079745 0.238554
vn -0.899881 0.079745 0.428784
vn -0.882636 0.079745 0.463243
vn -0.863267 0.079745 0.498408
vn -0.524569 0.079745 0.847625
vn -0.353476 0.079745 0.932038
vn -0.324997 0.079745 0.942347
vn -0.120153 0.079745 0.989547
vn -0.111852 0.079745 0.990520
vn 0.104489 0.079745 0.991324
vn 0.120153 0.079745 0.989547
vn 0.314434 0.079745 0.945924
vn 0.353476 0.079745 0.932038
vn 0.509082 0.079745 0.857016
vn 0.566256 0.079745 0.820363
vn 0.680528 0.079745 0.728369
vn 0.746127 0.079745 0.661011
vn 0.821278 0.079745 0.564928
vn -0.926815 0.079745 0.366952
vn -0.953017 0.079745 0.292232
vn -0.988955 0.079745 0.124934
vn -0.994166 0.079745 0.072632
vn -0.988955 0.079745 -0.124934
vn -0.985393 0.079745 -0.150471
vn -0.926815 0.079745 -0.366952
vn -0.926830 0.079745 -0.366914
vn -0.820355 0.079745 -0.566268
vn -0.806441 0.079745 -0.585913
vn -0.669898 0.079745 -0.738158
vn -0.635394 0.079745 -0.768059
vn -0.482095 0.079745 -0.872482
vn -0.424423 0.079745 -0.901945
vn -0.266195 0.079745 -0.960615
vn 0.256667 -0.947961 -0.188394
vn 0.244823 -0.947680 -0.204853
vn 0.216785 -0.963048 -0.159821
vn 0.207463 -0.954834 -0.212722
vn 0.189038 -0.962721 -0.193478
vn 0.169278 -0.958742 -0.228382
vn 0.171104 -0.969243 -0.176891
vn 0.146181 -0.968139 -0.203319
vn 0.151062 -0.975312 -0.161080
vn 0.115184 -0.976502 -0.182142
vn 0.126619 -0.981209 -0.145593
vn 0.062130 -0.983956 -0.167243
vn 0.092194 -0.987270 -0.129611
vn 0.046290 -0.992302 -0.114868
vn 0.124229 -0.987229 -0.099732
vn -0.013060 -0.999659 -0.022620
vn 0.008312 -0.994375 -0.105590
vn -0.053890 -0.994175 -0.093340
vn -0.100495 -0.979593 -0.174062
vn 0.225276 -0.945980 -0.233178
vn 0.236387 -0.945518 -0.223866
vn 0.231168 -0.941585 -0.244906
vn 0.206658 -0.934565 -0.289621
vn 0.228789 -0.935984 -0.267562
vn 0.228826 -0.928778 -0.291565
vn 0.223760 -0.918211 -0.326834
vn 0.230916 -0.919980 -0.316726
vn 0.234868 -0.909538 -0.342896
vn 0.240734 -0.897428 -0.369688
vn 0.188821 -0.947776 -0.257036
vn 0.176281 -0.975412 -0.132275
vn -0.891958 -0.151829 0.425862
vn -0.847386 -0.027848 0.530247
vn -0.870930 -0.111770 0.478528
vn -0.814511 0.000000 0.580147
vn -0.879224 -0.149472 0.452353
vn -0.898867 -0.200035 0.389904
vn -0.913429 -0.245084 0.324933
vn -0.915602 -0.262285 0.304761
vn -0.926873 -0.299620 0.226129
vn -0.931017 -0.282885 0.230614
vn -0.937594 -0.313693 0.150047
vn -0.943575 -0.297038 0.146403
vn -0.947926 -0.305324 0.090635
vn -0.957549 -0.279720 0.069694
vn -0.959854 -0.278336 0.034768
vn -0.973488 -0.228730 -0.001809
vn -0.972639 -0.231555 -0.018834
vn -0.984137 -0.162772 -0.070560
vn -0.984202 -0.156031 -0.083671
vn -0.991167 0.000000 -0.132618
vn -0.985620 0.000000 -0.168977
vn -0.933722 -0.290944 0.208602
vn -0.950662 -0.292411 0.103627
vn -0.968300 -0.249680 0.007355
vn -0.987984 -0.138110 -0.069383
vn -0.916203 -0.235798 0.323992
vn 0.855083 -0.142397 -0.498554
vn 0.865885 0.041890 -0.498486
vn 0.857023 -0.093573 -0.506711
vn 0.851651 0.039583 -0.522612
vn 0.853430 -0.094707 -0.512531
vn 0.855361 -0.119067 -0.504164
vn 0.854593 -0.142441 -0.499382
vn 0.863929 -0.098070 -0.493972
vn 0.865127 -0.109979 -0.489346
vn 0.878057 -0.000000 -0.478555
vn 0.866025 -0.000000 -0.500000
vn 0.859113 -0.110208 -0.499780
vn -0.236939 0.890437 0.388563
vn -0.228591 0.906306 0.355464
vn -0.212084 0.919966 0.329670
vn -0.222743 0.919545 0.323764
vn -0.219149 0.930363 0.293935
vn -0.188665 0.940673 0.282029
vn -0.217966 0.938992 0.266054
vn -0.219628 0.945572 0.240119
vn -0.218233 0.947503 0.233693
vn -0.224717 0.950140 0.216186
vn -0.195789 0.957892 0.210021
vn -0.233789 0.952636 0.194491
vn -0.174798 0.966232 0.189320
vn -0.159203 0.979247 0.125419
vn -0.153749 0.973268 0.170619
vn -0.131054 0.979449 0.153313
vn -0.141151 0.967593 0.209379
vn -0.111217 0.976947 0.182225
vn -0.103390 0.985202 0.136703
vn -0.063326 0.984630 0.162768
vn -0.060087 0.991058 0.119137
vn -0.021548 0.993851 0.108608
vn 0.014808 0.999561 0.025649
vn 0.053616 0.994234 0.092865
vn -0.247234 0.952958 0.175345
vn -0.109436 0.989247 0.097028
vn 0.098988 0.980207 0.171453
vn -0.165669 0.955910 0.242466
vn -0.500000 0.000000 -0.866025
vn -0.500000 0.000000 -0.866025
vn -0.500000 0.000000 -0.866025
vn -0.500000 0.000000 -0.866025
vn -0.500000 0.000000 -0.866025
vn -0.500000 0.000000 -0.866025
vn -0.965926 0.000000 0.258819
vn -0.965926 0.000000 0.258819
vn -1.000000 0.000000 0.000000
vn -1.000000 0.000000 0.000000
vn -0.965926 0.000000 -0.258819
vn -0.965926 0.000000 -0.258819
vn -0.866025 0.000000 -0.500000
vn -0.866025 0.000000 -0.500000
vn -0.707107 0.000000 -0.707107
vn -0.707107 0.000000 -0.707107
vn -0.500000 0.000000 -0.866025
vn -0.500000 0.000000 -0.866025
vn -0.258819 0.000000 -0.965926
vn -0.258819 0.000000 -0.965926
vn -0.000000 0.000000 -1.000000
vn -0.000000 0.000000 -1.000000
vn 0.258819 -0.000000 -0.965926
vn 0.258819 -0.000000 -0.965926
vn 0.500000 -0.000000 -0.866025
vn 0.500000 -0.000000 -0.866025
vn 0.707107 -0.000000 -0.707107
vn 0.707107 -0.000000 -0.707107
vn 0.866025 -0.000000 -0.500000
vn 0.866025 -0.000000 -0.500000
vn 0.965926 -0.000000 -0.258819
vn 0.965926 -0.000000 -0.258819
vn 1.000000 -0.000000 -0.000000
vn 1.000000 -0.000000 -0.000000
vn 0.965926 -0.000000 0.258819
vn 0.965926 -0.000000 0.258819
vn 0.866025 -0.000000 0.500000
vn 0.866025 -0.000000 0.500000
vn 0.707107 -0.000000 0.707107
vn 0.707107 -0.000000 0.707107
vn 0.500000 -0.000000 0.866025
vn 0.500000 -0.000000 0.866025
vn 0.258819 -0.000000 0.965926
vn 0.258819 -0.000000 0.965926
vn 0.000000 -0.000000 1.000000
vn 0.000000 -0.000000 1.000000
vn -0.258819 0.000000 0.965926
vn -0.258819 0.000000 0.965926
vn -0.500000 0.000000 0.866025
vn -0.500000 0.000000 0.866025
vn -0.707107 0.000000 0.707107
vn -0.707107 0.000000 0.707107
vn -0.866025 0.000000 0.500000
vn -0.866025 0.000000 0.500000
vn 0.000000 1.000000 0.000000
vn 0.000000 1.000000 0.000000
vn 0.000000 1.000000 0.000000
vn 0.000000 1.000000 0.000000
vn 0.000000 1.000000 0.000000
vn 0.000000 1.000000 0.000000
vn 0.000000 1.000000 0.000000
vn 0.000000 1.000000 0.000000
vn 0.000000 1.000000 0.000000
vn 0.000000 1.000000 0.000000
vn 0.000000 1.000000 0.000000
vn 0.000000 1.000000 0.000000
vn 0.000000 1.000000 0.000000
vn 0.000000 1.000000 0.000000
vn 0.000000 1.000000 0.000000
vn 0.000000 1.000000 0.000000
vn 0.000000 1.000000 0.000000
vn 0.000000 1.000000 0.000000
vn 0.000000 1.000000 0.000000
vn 0.000000 1.000000 0.000000
vn 0.000000 1.000000 0.000000
vn 0.000000 1.000000 0.000000
vn 0.000000 1.000000 0.000000
vn 0.000000 1.000000 0.000000
vn 0.000000 1.000000 0.000000
vn 0.000000 1.000000 0.000000
vn 0.000000 1.000000 0.000000
vn 0.000000 1.000000 0.000000
vn 0.000000 1.000000 0.000000
vn 0.000000 1.000000 0.000000
vn 0.000000 1.000000 0.000000
vn 0.000000 1.000000 0.000000
vn 0.000000 1.000000 0.000000
vn 0.000000 1.000000 0.000000
vn 0.000000 1.000000 0.000000
vn 0.000000 1.000000 0.000000
vn 0.000000 1.000000 0.000000
vn 0.000000 1.000000 0.000000
vn 0.000000 1.000000 0.000000
vn 0.000000 1.000000 0.000000
vn 0.000000 1.000000 0.000000
vn 0.000000 1.000000 0.000000
vn 0.000000 1.000000 0.000000
vn 0.000000 1.000000 0.000000
vn 0.000000 1.000000 0.000000
vn 0.000000 1.000000 0.000000
vn 0.000000 1.000000 0.000000
vn 0.000000 1.000000 0.000000
vn 0.000000 1.000000 0.000000
vn -0.000000 -1.000000 -0.000000
vn -0.000000 -1.000000 -0.000000
vn -0.000000 -1.000000 -0.000000
vn -0.000000 -1.000000 -0.000000
vn -0.000000 -1.000000 -0.000000
vn -0.000000 -1.000000 -0.000000
vn -0.000000 -1.000000 -0.000000
vn -0.000000 -1.000000 -0.000000
vn -0.000000 -1.000000 -0.000000
vn -0.000000 -1.000000 -0.000000
vn -0.000000 -1.000000 -0.000000
vn -0.000000 -1.000000 -0.000000
vn -0.000000 -1.000000 -0.000000
vn -0.000000 -1.000000 -0.000000
vn -0.000000 -1.000000 -0.000000
vn -0.000000 -1.000000 -0.000000
vn -0.000000 -1.000000 -0.000000
vn -0.000000 -1.000000 -0.000000
vn -0.000000 -1.000000 -0.000000
vn -0.000000 -1.000000 -0.000000
vn -0.000000 -1.000000 -0.000000
vn -0.000000 -1.000000 -0.000000
vn -0.000000 -1.000000 -0.000000
vn -0.000000 -1.000000 -0.000000
vn -0.000000 -1.000000 -0.000000
vn -0.000000 -1.000000 -0.000000
vn -0.000000 -1.000000 -0.000000
vn -0.000000 -1.000000 -0.000000
vn -0.000000 -1.000000 -0.000000
vn -0.000000 -1.000000 -0.000000
vn -0.000000 -1.000000 -0.000000
vn -0.000000 -1.000000 -0.000000
vn -0.000000 -1.000000 -0.000000
vn -0.000000 -1.000000 -0.000000
vn -0.000000 -1.000000 -0.000000
vn -0.000000 -1.000000 -0.000000
vn -0.000000 -1.000000 -0.000000
vn -0.000000 -1.000000 -0.000000
vn -0.000000 -1.000000 -0.000000
vn -0.000000 -1.000000 -0.000000
vn -0.000000 -1.000000 -0.000000
vn -0.000000 -1.000000 -0.000000
vn -0.000000 -1.000000 -0.000000
vn -0.000000 -1.000000 -0.000000
vn -0.000000 -1.000000 -0.000000
vn -0.000000 -1.000000 -0.000000
vn -0.000000 -1.000000 -0.000000
vn -0.000000 -1.000000 -0.000000
vn -0.000000 -1.000000 -0.000000
vn -0.000000 -1.000000 -0.000000
vn 0.034821 -0.947961 0.316477
vn 0.054996 -0.947680 0.314449
vn 0.030016 -0.963048 0.267652
vn 0.080491 -0.954834 0.286029
vn 0.073038 -0.962721 0.260451
vn 0.113146 -0.958742 0.260790
vn 0.067640 -0.969243 0.236626
vn 0.102989 -0.968139 0.228256
vn 0.063969 -0.975312 0.211363
vn 0.100148 -0.976502 0.190823
vn 0.062778 -0.981209 0.182452
vn 0.113772 -0.983956 0.137427
vn 0.066149 -0.987270 0.144648
vn 0.076334 -0.992302 0.097522
vn 0.024256 -0.987229 0.157452
vn 0.026120 -0.999659 -0.000000
vn 0.087287 -0.994375 0.059994
vn 0.107780 -0.994175 -0.000000
vn 0.200990 -0.979593 -0.000000
vn 0.089300 -0.945980 0.311683
vn 0.075680 -0.945518 0.316650
vn 0.096511 -0.941585 0.322650
vn 0.147490 -0.934565 0.323781
vn 0.117320 -0.935984 0.331918
vn 0.138090 -0.928778 0.343951
vn 0.171167 -0.918211 0.357199
vn 0.158835 -0.919980 0.358342
vn 0.179523 -0.909538 0.374849
vn 0.199792 -0.897428 0.393326
vn 0.128189 -0.947776 0.292042
vn 0.026413 -0.975412 0.218801
vn 0.004219 -0.142397 0.989801
vn -0.001241 0.041890 0.999121
vn 0.010313 -0.093573 0.995559
vn 0.026770 0.039583 0.998858
vn 0.017150 -0.094707 0.995357
vn 0.008939 -0.119067 0.992846
vn 0.005181 -0.142441 0.989790
vn -0.004172 -0.098070 0.995171
vn -0.008778 -0.109979 0.993895
vn -0.024588 0.000000 0.999698
vn 0.000000 -0.000000 1.000000
vn 0.003265 -0.110208 0.993903
vn 0.077172 -0.151829 -0.985390
vn -0.035514 -0.027848 -0.998981
vn 0.021048 -0.111771 -0.993511
vn -0.095167 0.000000 -0.995461
vn 0.047862 -0.149472 -0.987607
vn 0.111767 -0.200038 -0.973392
vn 0.175314 -0.245084 -0.953519
vn 0.193871 -0.262289 -0.945314
vn 0.267604 -0.299625 -0.915758
vn 0.265791 -0.282885 -0.921591
vn 0.338853 -0.313697 -0.887002
vn 0.344999 -0.297038 -0.890362
vn 0.395470 -0.305328 -0.866244
vn 0.418417 -0.279720 -0.864108
vn 0.449817 -0.278340 -0.848641
vn 0.488311 -0.228730 -0.842161
vn 0.502631 -0.231559 -0.832912
vn 0.553175 -0.162775 -0.817008
vn 0.564562 -0.156031 -0.810508
vn 0.610434 -0.000000 -0.792067
vn 0.639149 -0.000000 -0.769083
vn 0.286206 -0.290944 -0.912928
vn 0.385587 -0.292411 -0.875110
vn 0.477781 -0.249680 -0.842250
vn 0.554079 -0.138110 -0.820928
vn 0.177517 -0.235798 -0.955451
vn -0.218036 0.890437 -0.399477
vn -0.193546 0.906306 -0.375698
vn -0.179463 0.919966 -0.348505
vn -0.169017 0.919545 -0.354783
vn -0.144982 0.930363 -0.336756
vn -0.149914 0.940672 -0.304403
vn -0.121428 0.938992 -0.321790
vn -0.098136 0.945572 -0.310262
vn -0.093269 0.947503 -0.305842
vn -0.074864 0.950140 -0.302703
vn -0.083991 0.957892 -0.274568
vn -0.051539 0.952637 -0.299712
vn -0.076558 0.966232 -0.246038
vn -0.029015 0.979247 -0.200583
vn -0.070886 0.973268 -0.218459
vn -0.067247 0.979449 -0.190152
vn -0.110752 0.967593 -0.226929
vn -0.102202 0.976947 -0.187429
vn -0.066693 0.985202 -0.157889
vn -0.109298 0.984630 -0.136226
vn -0.073133 0.991058 -0.111606
vn -0.083284 0.993851 -0.072966
vn -0.029617 0.999561 -0.000000
vn -0.107231 0.994234 0.000000
vn -0.028236 0.952958 -0.301783
vn -0.029311 0.989247 -0.143288
vn -0.197977 0.980207 -0.000000
vn -0.127147 0.955910 -0.264707
vn 1.000000 -0.000000 -0.000000
vn 1.000000 -0.000000 -0.000000
vn 1.000000 -0.000000 -0.000000
vn 1.000000 -0.000000 -0.000000
vn 1.000000 -0.000000 -0.000000
vn 1.000000 -0.000000 -0.000000
vn -0.291488 -0.947961 -0.128083
vn -0.299819 -0.947680 -0.109596
vn -0.246801 -0.963048 -0.107831
vn -0.287954 -0.954834 -0.073307
vn -0.262076 -0.962721 -0.066972
vn -0.282423 -0.958742 -0.032408
vn -0.238745 -0.969243 -0.059735
vn -0.249170 -0.968139 -0.024937
vn -0.215030 -0.975312 -0.050283
vn -0.215332 -0.976502 -0.008681
vn -0.189397 -0.981209 -0.036859
vn -0.175901 -0.983956 0.029815
vn -0.158344 -0.987270 -0.015037
vn -0.122624 -0.992302 0.017346
vn -0.148485 -0.987229 -0.057720
vn -0.013060 -0.999659 0.022620
vn -0.095600 -0.994375 0.045596
vn -0.053890 -0.994175 0.093340
vn -0.100495 -0.979593 0.174062
vn -0.314576 -0.945980 -0.078505
vn -0.312067 -0.945518 -0.092784
vn -0.327679 -0.941585 -0.077744
vn -0.354148 -0.934565 -0.034161
vn -0.346110 -0.935984 -0.064357
vn -0.366915 -0.928778 -0.052386
vn -0.394927 -0.918211 -0.030364
vn -0.389751 -0.919980 -0.041616
vn -0.414390 -0.909538 -0.031953
vn -0.440526 -0.897428 -0.023638
vn -0.317011 -0.947776 -0.035006
vn -0.202694 -0.975412 -0.086526
vn -0.859302 -0.142397 -0.491246
vn -0.864644 0.041890 -0.500636
vn -0.867336 -0.093573 -0.488848
vn -0.878421 0.039583 -0.476246
vn -0.870580 -0.094707 -0.482827
vn -0.864299 -0.119067 -0.488682
vn -0.859773 -0.142441 -0.490408
vn -0.859757 -0.098070 -0.501199
vn -0.856350 -0.109979 -0.504549
vn -0.853470 0.000000 -0.521142
vn -0.866025 0.000000 -0.500000
vn -0.862378 -0.110208 -0.494124
vn 0.814786 -0.151829 0.559528
vn 0.882900 -0.027848 0.468735
vn 0.849882 -0.111774 0.514983
vn 0.909678 -0.000000 0.415314
vn 0.831362 -0.149472 0.535252
vn 0.787097 -0.200046 0.583489
vn 0.738115 -0.245084 0.628586
vn 0.721727 -0.262301 0.640553
vn 0.659265 -0.299636 0.689629
vn 0.665226 -0.282885 0.690978
vn 0.598736 -0.313708 0.736955
vn 0.598577 -0.297038 0.743958
vn 0.552450 -0.305339 0.775608
vn 0.539131 -0.279720 0.794414
vn 0.510032 -0.278352 0.813872
vn 0.485178 -0.228730 0.843970
vn 0.470004 -0.231569 0.851746
vn 0.430960 -0.162780 0.887568
vn 0.419638 -0.156031 0.894180
vn 0.380733 -0.000000 0.924685
vn 0.346471 -0.000000 0.938061
vn 0.647515 -0.290944 0.704326
vn 0.565074 -0.292411 0.771484
vn 0.490519 -0.249680 0.834896
vn 0.433905 -0.138110 0.890310
vn 0.738687 -0.235798 0.631460
vn 0.454975 0.890437 0.010914
vn 0.422138 0.906306 0.020231
vn 0.391548 0.919965 0.018829
vn 0.391761 0.919544 0.031016
vn 0.364131 0.930363 0.042817
vn 0.338580 0.940672 0.022369
vn 0.339393 0.938992 0.055732
vn 0.317762 0.945573 0.070140
vn 0.311505 0.947502 0.072142
vn 0.299579 0.950141 0.086514
vn 0.279778 0.957893 0.064541
vn 0.285326 0.952637 0.105220
vn 0.251353 0.966233 0.056714
vn 0.188218 0.979247 0.075164
vn 0.224633 0.973269 0.047837
vn 0.198299 0.979449 0.036836
vn 0.251902 0.967594 0.017552
vn 0.213418 0.976947 0.005206
vn 0.170083 0.985202 0.021185
vn 0.172624 0.984630 -0.026542
vn 0.133221 0.991058 -0.007533
vn 0.104834 0.993851 -0.035644
vn 0.014808 0.999561 -0.025649
vn 0.053616 0.994234 -0.092865
vn 0.275470 0.952958 0.126439
vn 0.138747 0.989247 0.046260
vn 0.098988 0.980207 -0.171453
vn 0.292816 0.955910 0.022240
vn -0.500000 0.000000 0.866025
vn -0.500000 0.000000 0.866025
vn -0.500000 0.000000 0.866025
vn -0.500000 0.000000 0.866025
vn -0.500000 0.000000 0.866025
vn -0.500000 0.000000 0.866025
usemtl Opaque(160,160,160)
f 2/1/1 48/2/2 1/3/3
f 1/3/3 48/2/2 25/4/4
f 1/5/3 25/6/4 24/7/5
f 24/7/5 25/6/4 26/8/6
f 24/7/5 26/8/6 23/9/7
f 23/9/7 26/8/6 27/10/8
f 23/9/7 27/10/8 22/11/9
f 22/11/9 27/10/8 28/12/10
f 22/11/9 28/12/10 21/13/11
f 21/13/11 28/12/10 29/14/12
f 21/13/11 29/14/12 20/15/13
f 20/15/13 29/14/12 30/16/14
f 20/15/13 30/16/14 19/17/15
f 19/17/15 30/16/14 31/18/16
f 19/17/15 31/18/16 18/19/17
f 18/19/17 31/18/16 32/20/18
f 18/19/17 32/20/18 17/21/19
f 17/21/19 32/20/18 33/22/20
f 17/21/19 33/22/20 16/23/21
f 16/23/21 33/22/20 34/24/22
f 16/23/21 34/24/22 15/25/23
f 15/25/23 34/24/22 35/26/24
f 15/25/23 35/26/24 14/27/25
f 14/27/25 35/26/24 36/28/26
f 14/27/25 36/28/26 13/29/27
f 13/29/27 36/28/26 37/30/28
f 13/29/27 37/30/28 12/31/29
f 12/31/29 37/30/28 38/32/30
f 12/31/29 38/32/30 11/33/31
f 11/33/31 38/32/30 39/34/32
f 11/33/31 39/34/32 10/35/33
f 10/35/33 39/34/32 40/36/34
f 10/35/33 40/36/34 9/37/35
f 9/37/35 40/36/34 41/38/36
f 9/37/35 41/38/36 8/39/37
f 8/39/37 41/38/36 42/40/38
f 8/39/37 42/40/38 7/41/39
f 7/41/39 42/40/38 43/42/40
f 7/41/39 43/42/40 6/43/41
f 6/43/41 43/42/40 44/44/42
f 6/43/41 44/44/42 5/45/43
f 5/45/43 44/44/42 45/46/44
f 5/45/43 45/46/44 4/47/45
f 4/47/45 45/46/44 46/48/46
f 4/47/45 46/48/46 3/49/47
f 3/49/47 46/48/46 47/50/48
f 3/49/47 47/50/48 2/1/1
f 2/1/1 47/50/48 48/2/2
f 24/51/49 72/52/50 1/53/51
f 1/53/51 72/52/50 49/54/52
f 1/53/51 49/54/52 50/55/53
f 72/52/50 24/51/49 71/56/54
f 71/56/54 24/51/49 23/57/55
f 71/56/54 23/57/55 70/58/56
f 70/58/56 23/57/55 22/59/57
f 70/58/56 22/59/57 69/60/58
f 69/60/58 22/59/57 21/61/59
f 69/60/58 21/61/59 68/62/60
f 68/62/60 21/61/59 20/63/61
f 68/62/60 20/63/61 67/64/62
f 67/64/62 20/63/61 19/65/63
f 67/64/62 19/65/63 18/66/64
f 67/64/62 18/66/64 66/67/65
f 66/67/65 18/66/64 17/68/66
f 66/67/65 17/68/66 65/69/67
f 65/69/67 17/68/66 16/70/68
f 65/69/67 16/70/68 64/71/69
f 64/71/69 16/70/68 15/72/70
f 64/71/69 15/72/70 63/73/71
f 63/73/71 15/72/70 14/74/72
f 63/73/71 14/74/72 62/75/73
f 62/75/73 14/74/72 61/76/74
f 61/76/74 14/74/72 13/77/75
f 61/76/74 13/77/75 60/78/76
f 60/78/76 13/77/75 12/79/77
f 60/78/76 12/79/77 59/80/78
f 59/80/78 12/79/77 11/81/79
f 59/80/78 11/81/79 58/82/80
f 58/82/80 11/81/79 10/83/81
f 58/82/80 10/83/81 57/84/82
f 57/84/82 10/83/81 9/85/83
f 57/84/82 9/85/83 56/86/84
f 56/86/84 9/85/83 8/87/85
f 56/86/84 8/87/85 55/88/86
f 55/88/86 8/87/85 7/89/87
f 55/88/86 7/89/87 6/90/88
f 55/88/86 6/90/88 54/91/89
f 54/91/89 6/90/88 5/92/90
f 54/91/89 5/92/90 53/93/91
f 53/93/91 5/92/90 4/94/92
f 53/93/91 4/94/92 52/95/93
f 52/95/93 4/94/92 3/96/94
f 52/95/93 3/96/94 51/97/95
f 51/97/95 3/96/94 2/98/96
f 51/97/95 2/98/96 50/55/53
f 50/55/53 2/98/96 1/53/51
f 74/99/97 105/100/98 73/101/99
f 73/102/99 105/103/98 106/104/100
f 73/102/99 106/104/100 98/105/101
f 98/105/101 106/104/100 107/106/102
f 98/105/101 107/106/102 97/107/103
f 97/107/103 107/106/102 119/108/104
f 97/107/103 119/108/104 168/109/105
f 168/109/105 119/108/104 120/110/106
f 168/109/105 120/110/106 167/111/107
f 167/111/107 120/110/106 166/112/108
f 166/112/108 120/110/106 121/113/109
f 166/112/108 121/113/109 165/114/110
f 165/114/110 121/113/109 122/115/111
f 165/114/110 122/115/111 164/116/112
f 164/116/112 122/115/111 123/117/113
f 164/116/112 123/117/113 163/118/114
f 163/118/114 123/117/113 124/119/115
f 163/118/114 124/119/115 162/120/116
f 162/120/116 124/119/115 125/121/117
f 162/120/116 125/121/117 161/122/118
f 161/122/118 125/121/117 126/123/119
f 161/122/118 126/123/119 160/124/120
f 160/124/120 126/123/119 127/125/121
f 160/124/120 127/125/121 177/126/122
f 177/126/122 127/125/121 89/127/123
f 177/126/122 89/127/123 90/128/124
f 105/100/98 74/99/97 104/129/125
f 104/129/125 74/99/97 75/130/126
f 104/129/125 75/130/126 103/131/127
f 103/131/127 75/130/126 76/132/128
f 103/131/127 76/132/128 102/133/129
f 102/133/129 76/132/128 77/134/130
f 102/133/129 77/134/130 101/135/131
f 101/135/131 77/134/130 78/136/132
f 101/135/131 78/136/132 100/137/133
f 100/137/133 78/136/132 79/138/134
f 100/137/133 79/138/134 99/139/135
f 99/139/135 79/138/134 80/140/136
f 99/139/135 80/140/136 116/141/137
f 116/141/137 80/140/136 136/142/138
f 116/141/137 136/142/138 115/143/139
f 115/143/139 136/142/138 137/144/140
f 115/143/139 137/144/140 114/145/141
f 114/145/141 137/144/140 138/146/142
f 114/145/141 138/146/142 113/147/143
f 113/147/143 138/146/142 139/148/144
f 113/147/143 139/148/144 112/149/145
f 112/149/145 139/148/144 140/150/146
f 112/149/145 140/150/146 111/151/147
f 111/151/147 140/150/146 141/152/148
f 111/151/147 141/152/148 110/153/149
f 110/153/149 141/152/148 117/154/150
f 110/153/149 117/154/150 109/155/151
f 109/156/151 117/157/150 118/158/152
f 109/156/151 118/158/152 108/159/153
f 108/159/153 118/158/152 107/106/102
f 107/106/102 118/158/152 119/108/104
f 81/160/154 159/161/155 80/140/136
f 80/140/136 159/161/155 135/162/156
f 80/140/136 135/162/156 136/142/138
f 159/161/155 81/160/154 158/163/157
f 158/163/157 81/160/154 82/164/158
f 158/163/157 82/164/158 157/165/159
f 157/165/159 82/164/158 83/166/160
f 157/165/159 83/166/160 156/167/161
f 156/167/161 83/166/160 84/168/162
f 156/167/161 84/168/162 155/169/163
f 155/169/163 84/168/162 85/170/164
f 155/169/163 85/170/164 154/171/165
f 154/171/165 85/170/164 86/172/166
f 154/171/165 86/172/166 153/173/167
f 153/173/167 86/172/166 152/174/168
f 152/174/168 86/172/166 87/175/169
f 152/174/168 87/175/169 151/176/170
f 151/176/170 87/175/169 88/177/171
f 151/176/170 88/177/171 150/178/172
f 150/178/172 88/177/171 89/127/123
f 150/178/172 89/127/123 127/125/121
f 177/126/122 90/128/124 176/179/173
f 176/179/173 90/128/124 91/180/174
f 176/179/173 91/180/174 175/181/175
f 175/181/175 91/180/174 92/182/176
f 175/181/175 92/182/176 174/183/177
f 174/183/177 92/182/176 173/184/178
f 173/184/178 92/182/176 93/185/179
f 173/184/178 93/185/179 172/186/180
f 172/186/180 93/185/179 94/187/181
f 172/186/180 94/187/181 171/188/182
f 171/188/182 94/187/181 95/189/183
f 171/188/182 95/189/183 170/190/184
f 170/190/184 95/189/183 96/191/185
f 170/190/184 96/191/185 169/192/186
f 169/192/186 96/191/185 97/107/103
f 169/192/186 97/107/103 168/109/105
f 127/125/121 128/193/187 150/178/172
f 150/178/172 128/193/187 149/194/188
f 149/194/188 128/193/187 129/195/189
f 149/194/188 129/195/189 148/196/190
f 148/196/190 129/195/189 130/197/191
f 148/196/190 130/197/191 147/198/192
f 147/198/192 130/197/191 131/199/193
f 147/198/192 131/199/193 146/200/194
f 146/200/194 131/199/193 145/201/195
f 145/201/195 131/199/193 132/202/196
f 145/201/195 132/202/196 144/203/197
f 144/203/197 132/202/196 133/204/198
f 144/203/197 133/204/198 143/205/199
f 143/205/199 133/204/198 134/206/200
f 143/205/199 134/206/200 142/207/201
f 142/207/201 134/206/200 135/162/156
f 142/207/201 135/162/156 159/161/155
f 159/208/202 158/209/203 190/210/204
f 190/210/204 158/209/203 193/211/205
f 190/210/204 193/211/205 196/212/206
f 196/212/206 193/211/205 181/213/207
f 196/212/206 181/213/207 194/214/208
f 194/214/208 181/213/207 182/215/209
f 194/214/208 182/215/209 197/216/210
f 197/216/210 182/215/209 183/217/211
f 197/216/210 183/217/211 192/218/212
f 192/218/212 183/217/211 184/219/213
f 192/218/212 184/219/213 198/220/214
f 198/220/214 184/219/213 191/221/215
f 198/220/214 191/221/215 188/222/216
f 188/222/216 191/221/215 187/223/217
f 187/223/217 191/221/215 199/224/218
f 187/223/217 199/224/218 186/225/219
f 186/225/219 199/224/218 185/226/220
f 185/226/220 199/224/218 191/221/215
f 185/226/220 191/221/215 184/219/213
f 193/211/205 158/209/203 195/227/221
f 195/227/221 158/209/203 157/228/222
f 195/227/221 157/228/222 156/229/223
f 195/227/221 156/229/223 179/230/224
f 179/230/224 156/229/223 155/231/225
f 179/230/224 155/231/225 154/232/226
f 179/230/224 154/232/226 178/233/227
f 178/233/227 154/232/226 153/234/228
f 178/233/227 153/234/228 152/235/229
f 152/235/229 151/236/230 178/233/227
f 179/230/224 180/237/231 195/227/221
f 195/227/221 180/237/231 193/211/205
f 180/237/231 181/213/207 193/211/205
f 198/220/214 188/222/216 192/218/212
f 192/218/212 188/222/216 189/238/232
f 192/218/212 189/238/232 197/216/210
f 197/216/210 189/238/232 194/214/208
f 189/238/232 190/210/204 194/214/208
f 194/214/208 190/210/204 196/212/206
f 178/239/233 151/240/234 212/241/235
f 212/241/235 151/240/234 150/242/236
f 212/241/235 150/242/236 200/243/237
f 212/241/235 200/243/237 213/244/238
f 213/244/238 200/243/237 201/245/239
f 213/244/238 201/245/239 214/246/240
f 214/246/240 201/245/239 210/247/241
f 214/246/240 210/247/241 180/248/242
f 180/248/242 210/247/241 211/249/243
f 180/248/242 211/249/243 181/250/244
f 181/250/244 211/249/243 215/251/245
f 181/250/244 215/251/245 182/252/246
f 182/252/246 215/251/245 209/253/247
f 182/252/246 209/253/247 183/254/248
f 183/254/248 209/253/247 207/255/249
f 183/254/248 207/255/249 208/256/250
f 208/256/250 207/255/249 205/257/251
f 208/256/250 205/257/251 185/258/252
f 185/258/252 205/257/251 206/259/253
f 201/245/239 202/260/254 210/247/241
f 210/247/241 202/260/254 211/249/243
f 202/260/254 203/261/255 211/249/243
f 211/249/243 203/261/255 215/251/245
f 215/251/245 203/261/255 209/253/247
f 209/253/247 203/261/255 204/262/256
f 209/253/247 204/262/256 207/255/249
f 207/255/249 204/262/256 205/257/251
f 185/258/252 184/263/257 208/256/250
f 208/256/250 184/263/257 183/254/248
f 180/248/242 179/264/258 214/246/240
f 214/246/240 179/264/258 213/244/238
f 179/264/258 178/239/233 213/244/238
f 213/244/238 178/239/233 212/241/235
f 218/265/259 142/266/260 219/267/261
f 219/267/261 142/266/260 159/268/262
f 219/267/261 159/268/262 190/269/263
f 219/267/261 190/269/263 220/270/264
f 220/270/264 190/269/263 189/271/265
f 220/270/264 189/271/265 221/272/266
f 221/272/266 189/271/265 188/273/267
f 221/272/266 188/273/267 187/274/268
f 187/274/268 216/275/269 221/272/266
f 221/272/266 216/275/269 217/276/270
f 221/272/266 217/276/270 218/265/259
f 221/272/266 218/265/259 220/270/264
f 220/270/264 218/265/259 219/267/261
f 150/277/271 149/278/272 200/279/273
f 200/279/273 149/278/272 148/280/274
f 200/279/273 148/280/274 147/281/275
f 200/279/273 147/281/275 201/282/276
f 201/282/276 147/281/275 146/283/277
f 201/282/276 146/283/277 145/284/278
f 201/282/276 145/284/278 227/285/279
f 227/285/279 145/284/278 144/286/280
f 227/285/279 144/286/280 228/287/281
f 228/287/281 144/286/280 143/288/282
f 228/287/281 143/288/282 226/289/283
f 226/289/283 143/288/282 218/290/284
f 226/289/283 218/290/284 229/291/285
f 229/291/285 218/290/284 225/292/286
f 229/291/285 225/292/286 203/293/287
f 203/293/287 225/292/286 204/294/288
f 204/294/288 225/292/286 230/295/289
f 204/294/288 230/295/289 205/296/290
f 205/296/290 230/295/289 223/297/291
f 205/296/290 223/297/291 224/298/292
f 224/298/292 223/297/291 216/299/293
f 224/298/292 216/299/293 222/300/294
f 143/288/282 142/301/295 218/290/284
f 218/290/284 217/302/296 225/292/286
f 225/292/286 217/302/296 230/295/289
f 230/295/289 217/302/296 223/297/291
f 223/297/291 217/302/296 216/299/293
f 222/300/294 206/303/297 224/298/292
f 224/298/292 206/303/297 205/296/290
f 229/291/285 203/293/287 226/289/283
f 226/289/283 203/293/287 202/304/298
f 226/289/283 202/304/298 228/287/281
f 228/287/281 202/304/298 201/282/276
f 228/287/281 201/282/276 227/285/279
f 206/305/299 222/306/300 185/307/301
f 185/307/301 222/306/300 186/308/302
f 186/308/302 222/306/300 216/309/303
f 186/308/302 216/309/303 187/310/304
f 72/311/305 254/312/306 49/313/307
f 49/313/307 254/312/306 231/314/308
f 49/315/307 231/316/308 50/317/309
f 50/317/309 231/316/308 232/318/310
f 50/317/309 232/318/310 51/319/311
f 51/319/311 232/318/310 233/320/312
f 51/319/311 233/320/312 52/321/313
f 52/321/313 233/320/312 234/322/314
f 52/321/313 234/322/314 53/323/315
f 53/323/315 234/322/314 235/324/316
f 53/323/315 235/324/316 54/325/317
f 54/325/317 235/324/316 236/326/318
f 54/325/317 236/326/318 55/327/319
f 55/327/319 236/326/318 237/328/320
f 55/327/319 237/328/320 56/329/321
f 56/329/321 237/328/320 238/330/322
f 56/329/321 238/330/322 57/331/323
f 57/331/323 238/330/322 239/332/324
f 57/331/323 239/332/324 58/333/325
f 58/333/325 239/332/324 240/334/326
f 58/333/325 240/334/326 59/335/327
f 59/335/327 240/334/326 241/336/328
f 59/335/327 241/336/328 60/337/329
f 60/337/329 241/336/328 242/338/330
f 60/337/329 242/338/330 61/339/331
f 61/339/331 242/338/330 243/340/332
f 61/339/331 243/340/332 62/341/333
f 62/341/333 243/340/332 244/342/334
f 62/341/333 244/342/334 63/343/335
f 63/343/335 244/342/334 245/344/336
f 63/343/335 245/344/336 64/345/337
f 64/345/337 245/344/336 246/346/338
f 64/345/337 246/346/338 65/347/339
f 65/347/339 246/346/338 247/348/340
f 65/347/339 247/348/340 66/349/341
f 66/349/341 247/348/340 248/350/342
f 66/349/341 248/350/342 67/351/343
f 67/351/343 248/350/342 249/352/344
f 67/351/343 249/352/344 68/353/345
f 68/353/345 249/352/344 250/354/346
f 68/353/345 250/354/346 69/355/347
f 69/355/347 250/354/346 251/356/348
f 69/355/347 251/356/348 70/357/349
f 70/357/349 251/356/348 252/358/350
f 70/357/349 252/358/350 71/359/351
f 71/359/351 252/358/350 253/360/352
f 71/359/351 253/360/352 72/311/305
f 72/311/305 253/360/352 254/312/306
f 118/361/353 117/362/354 25/363/355
f 25/363/355 117/362/354 141/364/356
f 25/363/355 141/364/356 26/365/357
f 26/365/357 141/364/356 140/366/358
f 26/365/357 140/366/358 27/367/359
f 27/367/359 140/366/358 139/368/360
f 27/367/359 139/368/360 28/369/361
f 28/369/361 139/368/360 138/370/362
f 28/369/361 138/370/362 29/371/363
f 29/371/363 138/370/362 137/372/364
f 29/371/363 137/372/364 30/373/365
f 30/373/365 137/372/364 136/374/366
f 30/373/365 136/374/366 31/375/367
f 31/375/367 136/374/366 135/376/368
f 31/375/367 135/376/368 32/377/369
f 32/377/369 135/376/368 134/378/370
f 32/377/369 134/378/370 33/379/371
f 33/379/371 134/378/370 133/380/372
f 33/379/371 133/380/372 34/381/373
f 34/381/373 133/380/372 132/382/374
f 34/381/373 132/382/374 35/383/375
f 35/383/375 132/382/374 131/384/376
f 35/383/375 131/384/376 36/385/377
f 36/385/377 131/384/376 130/386/378
f 36/385/377 130/386/378 37/387/379
f 37/387/379 130/386/378 129/388/380
f 37/387/379 129/388/380 38/389/381
f 38/389/381 129/388/380 128/390/382
f 38/389/381 128/390/382 39/391/383
f 39/391/383 128/390/382 127/392/384
f 39/391/383 127/392/384 40/393/385
f 40/393/385 127/392/384 126/394/386
f 40/393/385 126/394/386 41/395/387
f 41/395/387 126/394/386 125/396/388
f 41/395/387 125/396/388 42/397/389
f 42/397/389 125/396/388 124/398/390
f 42/397/389 124/398/390 43/399/391
f 43/399/391 124/398/390 123/400/392
f 43/399/391 123/400/392 44/401/393
f 44/401/393 123/400/392 122/402/394
f 44/401/393 122/402/394 45/403/395
f 45/403/395 122/402/394 121/404/396
f 45/403/395 121/404/396 46/405/397
f 46/405/397 121/404/396 120/406/398
f 46/405/397 120/406/398 47/407/399
f 47/407/399 120/406/398 119/408/400
f 47/407/399 119/408/400 48/409/401
f 48/409/401 119/408/400 118/361/353
f 48/409/401 118/361/353 25/363/355
f 74/410/402 73/411/403 231/412/404
f 231/412/404 73/411/403 98/413/405
f 231/412/404 98/413/405 232/414/406
f 232/414/406 98/413/405 97/415/407
f 232/414/406 97/415/407 233/416/408
f 233/416/408 97/415/407 96/417/409
f 233/416/408 96/417/409 234/418/410
f 234/418/410 96/417/409 95/419/411
f 234/418/410 95/419/411 235/420/412
f 235/420/412 95/419/411 94/421/413
f 235/420/412 94/421/413 236/422/414
f 236/422/414 94/421/413 93/423/415
f 236/422/414 93/423/415 237/424/416
f 237/424/416 93/423/415 92/425/417
f 237/424/416 92/425/417 238/426/418
f 238/426/418 92/425/417 91/427/419
f 238/426/418 91/427/419 239/428/420
f 239/428/420 91/427/419 90/429/421
f 239/428/420 90/429/421 240/430/422
f 240/430/422 90/429/421 89/431/423
f 240/430/422 89/431/423 241/432/424
f 241/432/424 89/431/423 88/433/425
f 241/432/424 88/433/425 242/434/426
f 242/434/426 88/433/425 87/435/427
f 242/434/426 87/435/427 243/436/428
f 243/436/428 87/435/427 86/437/429
f 243/436/428 86/437/429 85/438/430
f 243/436/428 85/438/430 244/439/431
f 244/439/431 85/438/430 84/440/432
f 244/439/431 84/440/432 245/441/433
f 245/441/433 84/440/432 83/442/434
f 245/441/433 83/442/434 246/443/435
f 246/443/435 83/442/434 82/444/436
f 246/443/435 82/444/436 247/445/437
f 247/445/437 82/444/436 81/446/438
f 247/445/437 81/446/438 248/447/439
f 248/447/439 81/446/438 80/448/440
f 248/447/439 80/448/440 249/449/441
f 249/449/441 80/448/440 79/450/442
f 249/449/441 79/450/442 250/451/443
f 250/451/443 79/450/442 78/452/444
f 250/451/443 78/452/444 251/453/445
f 251/453/445 78/452/444 77/454/446
f 251/453/445 77/454/446 252/455/447
f 252/455/447 77/454/446 76/456/448
f 252/455/447 76/456/448 253/457/449
f 253/457/449 76/456/448 75/458/450
f 253/457/449 75/458/450 254/459/451
f 254/459/451 75/458/450 74/410/402
f 254/459/451 74/410/402 231/412/404
f 107/460/452 106/461/453 267/462/454
f 267/462/454 106/461/453 270/463/455
f 267/462/454 270/463/455 273/464/456
f 273/464/456 270/463/455 258/465/457
f 273/464/456 258/465/457 271/466/458
f 271/466/458 258/465/457 259/467/459
f 271/466/458 259/467/459 274/468/460
f 274/468/460 259/467/459 260/469/461
f 274/468/460 260/469/461 269/470/462
f 269/470/462 260/469/461 261/471/463
f 269/470/462 261/471/463 275/472/464
f 275/472/464 261/471/463 268/473/465
f 275/472/464 268/473/465 265/474/466
f 265/474/466 268/473/465 264/475/467
f 264/475/467 268/473/465 276/476/468
f 264/475/467 276/476/468 263/477/469
f 263/477/469 276/476/468 262/478/470
f 262/478/470 276/476/468 268/473/465
f 262/478/470 268/473/465 261/471/463
f 270/463/455 106/461/453 272/479/471
f 272/479/471 106/461/453 105/480/472
f 272/479/471 105/480/472 104/481/473
f 272/479/471 104/481/473 256/482/474
f 256/482/474 104/481/473 103/483/475
f 256/482/474 103/483/475 102/484/476
f 256/482/474 102/484/476 255/485/477
f 255/485/477 102/484/476 101/486/478
f 255/485/477 101/486/478 100/487/479
f 100/487/479 99/488/480 255/485/477
f 256/482/474 257/489/481 272/479/471
f 272/479/471 257/489/481 270/463/455
f 257/489/481 258/465/457 270/463/455
f 275/472/464 265/474/466 269/470/462
f 269/470/462 265/474/466 266/490/482
f 269/470/462 266/490/482 274/468/460
f 274/468/460 266/490/482 271/466/458
f 266/490/482 267/462/454 271/466/458
f 271/466/458 267/462/454 273/464/456
f 279/491/483 108/492/484 280/493/485
f 280/493/485 108/492/484 107/494/486
f 280/493/485 107/494/486 267/495/487
f 280/493/485 267/495/487 281/496/488
f 281/496/488 267/495/487 266/497/489
f 281/496/488 266/497/489 282/498/490
f 282/498/490 266/497/489 265/499/491
f 282/498/490 265/499/491 264/500/492
f 264/500/492 277/501/493 282/498/490
f 282/498/490 277/501/493 278/502/494
f 282/498/490 278/502/494 279/491/483
f 282/498/490 279/491/483 281/496/488
f 281/496/488 279/491/483 280/493/485
f 255/503/495 99/504/496 295/505/497
f 295/505/497 99/504/496 116/506/498
f 295/505/497 116/506/498 283/507/499
f 295/505/497 283/507/499 296/508/500
f 296/508/500 283/507/499 284/509/501
f 296/508/500 284/509/501 297/510/502
f 297/510/502 284/509/501 293/511/503
f 297/510/502 293/511/503 257/512/504
f 257/512/504 293/511/503 294/513/505
f 257/512/504 294/513/505 258/514/506
f 258/514/506 294/513/505 298/515/507
f 258/514/506 298/515/507 259/516/508
f 259/516/508 298/515/507 292/517/509
f 259/516/508 292/517/509 260/518/510
f 260/518/510 292/517/509 290/519/511
f 260/518/510 290/519/511 291/520/512
f 291/520/512 290/519/511 288/521/513
f 291/520/512 288/521/513 262/522/514
f 262/522/514 288/521/513 289/523/515
f 284/509/501 285/524/516 293/511/503
f 293/511/503 285/524/516 294/513/505
f 285/524/516 286/525/517 294/513/505
f 294/513/505 286/525/517 298/515/507
f 298/515/507 286/525/517 292/517/509
f 292/517/509 286/525/517 287/526/518
f 292/517/509 287/526/518 290/519/511
f 290/519/511 287/526/518 288/521/513
f 262/522/514 261/527/519 291/520/512
f 291/520/512 261/527/519 260/518/510
f 257/512/504 256/528/520 297/510/502
f 297/510/502 256/528/520 296/508/500
f 256/528/520 255/503/495 296/508/500
f 296/508/500 255/503/495 295/505/497
f 116/529/521 115/530/522 283/531/523
f 283/531/523 115/530/522 114/532/524
f 283/531/523 114/532/524 113/533/525
f 283/531/523 113/533/525 284/534/526
f 284/534/526 113/533/525 112/535/527
f 284/534/526 112/535/527 111/536/528
f 284/534/526 111/536/528 304/537/529
f 304/537/529 111/536/528 110/538/530
f 304/537/529 110/538/530 305/539/531
f 305/539/531 110/538/530 109/540/532
f 305/539/531 109/540/532 303/541/533
f 303/541/533 109/540/532 279/542/534
f 303/541/533 279/542/534 306/543/535
f 306/543/535 279/542/534 302/544/536
f 306/543/535 302/544/536 286/545/537
f 286/545/537 302/544/536 287/546/538
f 287/546/538 302/544/536 307/547/539
f 287/546/538 307/547/539 288/548/540
f 288/548/540 307/547/539 300/549/541
f 288/548/540 300/549/541 301/550/542
f 301/550/542 300/549/541 277/551/543
f 301/550/542 277/551/543 299/552/544
f 109/540/532 108/553/545 279/542/534
f 279/542/534 278/554/546 302/544/536
f 302/544/536 278/554/546 307/547/539
f 307/547/539 278/554/546 300/549/541
f 300/549/541 278/554/546 277/551/543
f 299/552/544 289/555/547 301/550/542
f 301/550/542 289/555/547 288/548/540
f 306/543/535 286/545/537 303/541/533
f 303/541/533 286/545/537 285/556/548
f 303/541/533 285/556/548 305/539/531
f 305/539/531 285/556/548 284/534/526
f 305/539/531 284/534/526 304/537/529
f 289/557/549 299/558/550 262/559/551
f 262/559/551 299/558/550 263/560/552
f 263/560/552 299/558/550 277/561/553
f 263/560/552 277/561/553 264/562/554
f 177/563/555 176/564/556 320/565/557
f 320/565/557 176/564/556 323/566/558
f 320/565/557 323/566/558 326/567/559
f 326/567/559 323/566/558 311/568/560
f 326/567/559 311/568/560 324/569/561
f 324/569/561 311/568/560 312/570/562
f 324/569/561 312/570/562 327/571/563
f 327/571/563 312/570/562 313/572/564
f 327/571/563 313/572/564 322/573/565
f 322/573/565 313/572/564 314/574/566
f 322/573/565 314/574/566 328/575/567
f 328/575/567 314/574/566 321/576/568
f 328/575/567 321/576/568 318/577/569
f 318/577/569 321/576/568 317/578/570
f 317/578/570 321/576/568 329/579/571
f 317/578/570 329/579/571 316/580/572
f 316/580/572 329/579/571 315/581/573
f 315/581/573 329/579/571 321/576/568
f 315/581/573 321/576/568 314/574/566
f 323/566/558 176/564/556 325/582/574
f 325/582/574 176/564/556 175/583/575
f 325/582/574 175/583/575 174/584/576
f 325/582/574 174/584/576 309/585/577
f 309/585/577 174/584/576 173/586/578
f 309/585/577 173/586/578 172/587/579
f 309/585/577 172/587/579 308/588/580
f 308/588/580 172/587/579 171/589/581
f 308/588/580 171/589/581 170/590/582
f 170/590/582 169/591/583 308/588/580
f 309/585/577 310/592/584 325/582/574
f 325/582/574 310/592/584 323/566/558
f 310/592/584 311/568/560 323/566/558
f 328/575/567 318/577/569 322/573/565
f 322/573/565 318/577/569 319/593/585
f 322/573/565 319/593/585 327/571/563
f 327/571/563 319/593/585 324/569/561
f 319/593/585 320/565/557 324/569/561
f 324/569/561 320/565/557 326/567/559
f 332/594/586 160/595/587 333/596/588
f 333/596/588 160/595/587 177/597/589
f 333/596/588 177/597/589 320/598/590
f 333/596/588 320/598/590 334/599/591
f 334/599/591 320/598/590 319/600/592
f 334/599/591 319/600/592 335/601/593
f 335/601/593 319/600/592 318/602/594
f 335/601/593 318/602/594 317/603/595
f 317/603/595 330/604/596 335/601/593
f 335/601/593 330/604/596 331/605/597
f 335/601/593 331/605/597 332/594/586
f 335/601/593 332/594/586 334/599/591
f 334/599/591 332/594/586 333/596/588
f 308/606/598 169/607/599 348/608/600
f 348/608/600 169/607/599 168/609/601
f 348/608/600 168/609/601 336/610/602
f 348/608/600 336/610/602 349/611/603
f 349/611/603 336/610/602 337/612/604
f 349/611/603 337/612/604 350/613/605
f 350/613/605 337/612/604 346/614/606
f 350/613/605 346/614/606 310/615/607
f 310/615/607 346/614/606 347/616/608
f 310/615/607 347/616/608 311/617/609
f 311/617/609 347/616/608 351/618/610
f 311/617/609 351/618/610 312/619/611
f 312/619/611 351/618/610 345/620/612
f 312/619/611 345/620/612 313/621/613
f 313/621/613 345/620/612 343/622/614
f 313/621/613 343/622/614 344/623/615
f 344/623/615 343/622/614 341/624/616
f 344/623/615 341/624/616 315/625/617
f 315/625/617 341/624/616 342/626/618
f 337/612/604 338/627/619 346/614/606
f 346/614/606 338/627/619 347/616/608
f 338/627/619 339/628/620 347/616/608
f 347/616/608 339/628/620 351/618/610
f 351/618/610 339/628/620 345/620/612
f 345/620/612 339/628/620 340/629/621
f 345/620/612 340/629/621 343/622/614
f 343/622/614 340/629/621 341/624/616
f 315/625/617 314/630/622 344/623/615
f 344/623/615 314/630/622 313/621/613
f 310/615/607 309/631/623 350/613/605
f 350/613/605 309/631/623 349/611/603
f 309/631/623 308/606/598 349/611/603
f 349/611/603 308/606/598 348/608/600
f 168/632/624 167/633/625 336/634/626
f 336/634/626 167/633/625 166/635/627
f 336/634/626 166/635/627 165/636/628
f 336/634/626 165/636/628 337/637/629
f 337/637/629 165/636/628 164/638/630
f 337/637/629 164/638/630 163/639/631
f 337/637/629 163/639/631 357/640/632
f 357/640/632 163/639/631 162/641/633
f 357/640/632 162/641/633 358/642/634
f 358/642/634 162/641/633 161/643/635
f 358/642/634 161/643/635 356/644/636
f 356/644/636 161/643/635 332/645/637
f 356/644/636 332/645/637 359/646/638
f 359/646/638 332/645/637 355/647/639
f 359/646/638 355/647/639 339/648/640
f 339/648/640 355/647/639 340/649/641
f 340/649/641 355/647/639 360/650/642
f 340/649/641 360/650/642 341/651/643
f 341/651/643 360/650/642 353/652/644
f 341/651/643 353/652/644 354/653/645
f 354/653/645 353/652/644 330/654/646
f 354/653/645 330/654/646 352/655/647
f 161/643/635 160/656/648 332/645/637
f 332/645/637 331/657/649 355/647/639
f 355/647/639 331/657/649 360/650/642
f 360/650/642 331/657/649 353/652/644
f 353/652/644 331/657/649 330/654/646
f 352/655/647 342/658/650 354/653/645
f 354/653/645 342/658/650 341/651/643
f 359/646/638 339/648/640 356/644/636
f 356/644/636 339/648/640 338/659/651
f 356/644/636 338/659/651 358/642/634
f 358/642/634 338/659/651 337/637/629
f 358/642/634 337/637/629 357/640/632
f 342/660/652 352/661/653 315/662/654
f 315/662/654 352/661/653 316/663/655
f 316/663/655 352/661/653 330/664/656
f 316/663/655 330/664/656 317/665/657
g Body1:1

v 8.713585 7.559320 -316.756303
v 8.767613 7.952333 -316.770071
v 8.901914 8.337391 -316.748181
v 9.109341 8.685970 -316.698594
v 9.371135 8.976289 -316.636385
v 9.688054 9.213458 -316.572046
v 10.055266 9.388122 -316.517209
v 10.449163 9.485781 -316.483886
v 10.842463 9.503608 -316.477602
v 11.239112 9.443133 -316.498670
v 11.621867 9.302825 -316.544761
v 11.964562 9.091905 -316.606499
v 12.249518 8.827868 -316.670513
v 12.484882 8.503971 -316.727952
v 12.654481 8.132588 -316.764146
v 12.745556 7.739297 -316.767105
v 12.757702 7.348779 -316.733974
v 12.692994 6.957048 -316.665465
v 12.552754 6.584795 -316.569092
v 12.346764 6.252784 -316.458999
v 12.090346 5.974993 -316.350580
v 11.776104 5.743285 -316.249582
v 11.413582 5.572744 -316.169466
v 11.023818 5.476804 -316.122342
v 10.631883 5.459132 -316.113504
v 10.238254 5.518794 -316.143142
v 9.860237 5.656078 -316.209205
v 9.521430 5.861880 -316.302437
v 9.239699 6.118132 -316.408234
v 9.009021 6.425721 -316.519086
v 8.836781 6.781759 -316.623786
v 8.736569 7.167430 -316.706598
v 10.737085 11.756374 -325.379115
v 10.851620 11.756374 -325.377607
v 10.966076 11.756374 -325.373084
v 11.795260 11.756374 -325.248448
v 12.585126 11.756374 -324.967039
v 13.306327 11.756374 -324.539314
v 13.932065 11.756374 -323.981165
v 14.439092 11.756374 -323.313330
v 14.808568 11.756374 -322.560624
v 15.026766 11.756374 -321.751013
v 15.085576 11.756374 -320.914580
v 14.982816 11.756374 -320.082402
v 14.722302 11.756374 -319.285400
v 14.313714 11.756374 -318.553187
v 13.772235 11.756374 -317.912970
v 13.117981 11.756374 -317.388534
v 12.375264 11.756374 -316.999368
v 11.571679 11.756374 -316.759929
v 10.737085 11.756374 -316.679115
v 9.902490 11.756374 -316.759929
v 9.098905 11.756374 -316.999368
v 8.356188 11.756374 -317.388534
v 7.701935 11.756374 -317.912970
v 7.160455 11.756374 -318.553187
v 6.751867 11.756374 -319.285400
v 6.491353 11.756374 -320.082402
v 6.388593 11.756374 -320.914580
v 6.447403 11.756374 -321.751013
v 6.665601 11.756374 -322.560624
v 7.035077 11.756374 -323.313330
v 7.542104 11.756374 -323.981165
v 8.167842 11.756374 -324.539314
v 8.889043 11.756374 -324.967039
v 9.678910 11.756374 -325.248448
v 10.508093 11.756374 -325.373084
v 10.565306 11.756374 -325.375722
v 10.622549 11.756374 -325.377607
v 10.679812 11.756374 -325.378738
v 10.660722 11.756314 -325.378450
v 10.584383 11.756135 -325.376456
v 10.508090 11.755836 -325.373132
v 10.510001 8.141663 -325.698921
v 10.512055 4.256374 -326.049074
v 9.489899 4.256374 -325.896882
v 8.520493 4.256374 -325.538810
v 7.644837 4.256374 -324.990003
v 7.709825 6.986187 -324.727445
v 7.692836 8.314233 -324.557039
v 7.657747 8.945308 -324.450411
v 7.619954 9.273457 -324.375764
v 7.587804 9.426723 -324.326484
v 7.562270 9.495056 -324.293328
v 7.553552 9.509986 -324.282946
v 7.543724 9.522292 -324.271748
v 7.532597 9.530848 -324.259667
v 7.526333 9.533307 -324.253129
v 7.519749 9.534152 -324.246451
v 7.513070 9.533307 -324.239867
v 7.506533 9.530848 -324.233603
v 7.494452 9.522292 -324.222476
v 7.483253 9.509986 -324.212648
v 7.472872 9.495056 -324.203930
v 7.439716 9.426723 -324.178395
v 7.390435 9.273457 -324.146246
v 7.315789 8.945308 -324.108453
v 7.209161 8.314233 -324.073364
v 7.038755 6.986187 -324.056375
v 6.776197 4.256374 -324.121363
v 6.194795 4.256374 -323.178122
v 5.834247 4.256374 -322.130392
v 5.712085 4.256374 -321.029115
v 5.834247 4.256374 -319.927839
v 6.194795 4.256374 -318.880109
v 6.776197 4.256374 -317.936867
v 7.038756 6.986192 -318.001855
v 7.209161 8.314233 -317.984867
v 7.315789 8.945308 -317.949778
v 7.390436 9.273458 -317.911984
v 7.439716 9.426723 -317.879835
v 7.472872 9.495056 -317.854300
v 7.483254 9.509986 -317.845583
v 7.494452 9.522292 -317.835755
v 7.506533 9.530848 -317.824627
v 7.513071 9.533307 -317.818364
v 7.519749 9.534152 -317.811779
v 7.526333 9.533307 -317.805101
v 7.532597 9.530848 -317.798564
v 7.543724 9.522292 -317.786483
v 7.553552 9.509986 -317.775284
v 7.562269 9.495056 -317.764903
v 7.587804 9.426723 -317.731747
v 7.619954 9.273458 -317.682466
v 7.657747 8.945308 -317.607820
v 7.692836 8.314233 -317.501191
v 7.709825 6.986192 -317.330786
v 7.644837 4.256374 -317.068228
v 8.588078 4.256374 -316.486826
v 9.635808 4.256374 -316.126278
v 10.737085 4.256374 -316.004115
v 11.838361 4.256374 -316.126278
v 12.886091 4.256374 -316.486826
v 13.829332 4.256374 -317.068228
v 13.764345 6.986192 -317.330786
v 13.781333 8.314233 -317.501191
v 13.816422 8.945308 -317.607820
v 13.854215 9.273458 -317.682466
v 13.886365 9.426723 -317.731747
v 13.911900 9.495056 -317.764903
v 13.920617 9.509986 -317.775284
v 13.930445 9.522292 -317.786483
v 13.941572 9.530848 -317.798564
v 13.947836 9.533307 -317.805101
v 13.954420 9.534152 -317.811779
v 13.961099 9.533307 -317.818364
v 13.967636 9.530848 -317.824627
v 13.979717 9.522292 -317.835755
v 13.990915 9.509986 -317.845583
v 14.001297 9.495056 -317.854300
v 14.034453 9.426723 -317.879835
v 14.083733 9.273458 -317.911984
v 14.158380 8.945308 -317.949778
v 14.265008 8.314233 -317.984867
v 14.435413 6.986192 -318.001855
v 14.697972 4.256374 -317.936867
v 15.279374 4.256374 -318.880109
v 15.639922 4.256374 -319.927839
v 15.762085 4.256374 -321.029115
v 15.639922 4.256374 -322.130392
v 15.279374 4.256374 -323.178122
v 14.697972 4.256374 -324.121363
v 14.435413 6.986192 -324.056375
v 14.265008 8.314233 -324.073364
v 14.158380 8.945308 -324.108453
v 14.083733 9.273458 -324.146246
v 14.034453 9.426723 -324.178396
v 14.001297 9.495056 -324.203931
v 13.990915 9.509986 -324.212648
v 13.979717 9.522292 -324.222476
v 13.967636 9.530848 -324.233603
v 13.961099 9.533307 -324.239867
v 13.954420 9.534152 -324.246451
v 13.947836 9.533307 -324.253129
v 13.941572 9.530848 -324.259667
v 13.930445 9.522292 -324.271748
v 13.920617 9.509986 -324.282946
v 13.911900 9.495056 -324.293328
v 13.886365 9.426723 -324.326484
v 13.854215 9.273458 -324.375764
v 13.816422 8.945308 -324.450411
v 13.781333 8.314233 -324.557039
v 13.764345 6.986192 -324.727444
v 13.829332 4.256374 -324.990003
v 12.953676 4.256374 -325.538810
v 11.984270 4.256374 -325.896882
v 10.962114 4.256374 -326.049074
v 10.964167 8.140766 -325.699002
v 10.966079 11.755836 -325.373132
v 10.889786 11.756135 -325.376456
v 10.813447 11.756314 -325.378450
v 6.928086 4.256374 -317.988607
v 7.088021 4.256374 -318.001561
v 7.246257 4.256374 -317.974941
v 7.393150 4.256374 -317.910369
v 7.519749 4.256374 -317.811779
v 7.618338 4.256374 -317.685181
v 7.682911 4.256374 -317.538288
v 7.709531 4.256374 -317.380052
v 7.696576 4.256374 -317.220117
v 7.709531 6.895263 -317.380052
v 7.682911 6.895263 -317.538288
v 7.618338 6.895263 -317.685181
v 7.519749 6.895263 -317.811779
v 7.393150 6.895263 -317.910369
v 7.246257 6.895263 -317.974941
v 7.088021 6.895263 -318.001561
v 7.696576 4.256374 -324.838114
v 7.709531 4.256374 -324.678179
v 7.682911 4.256374 -324.519943
v 7.618338 4.256374 -324.373050
v 7.519749 4.256374 -324.246451
v 7.393150 4.256374 -324.147862
v 7.246257 4.256374 -324.083289
v 7.088021 4.256374 -324.056669
v 6.928086 4.256374 -324.069624
v 7.088021 6.895263 -324.056669
v 7.246257 6.895263 -324.083289
v 7.393150 6.895263 -324.147862
v 7.519749 6.895263 -324.246451
v 7.618338 6.895263 -324.373050
v 7.682911 6.895263 -324.519943
v 7.709531 6.895263 -324.678179
v 13.777593 4.256374 -317.220117
v 13.764638 4.256374 -317.380052
v 13.791259 4.256374 -317.538288
v 13.855831 4.256374 -317.685181
v 13.954420 4.256374 -317.811779
v 14.081019 4.256374 -317.910369
v 14.227912 4.256374 -317.974941
v 14.386148 4.256374 -318.001561
v 14.546083 4.256374 -317.988607
v 14.386148 6.895263 -318.001561
v 14.227912 6.895263 -317.974941
v 14.081019 6.895263 -317.910369
v 13.954420 6.895263 -317.811779
v 13.855831 6.895263 -317.685181
v 13.791259 6.895263 -317.538288
v 13.764638 6.895263 -317.380052
v 14.546083 4.256374 -324.069624
v 14.386148 4.256374 -324.056669
v 14.227912 4.256374 -324.083289
v 14.081019 4.256374 -324.147862
v 13.954420 4.256374 -324.246451
v 13.855831 4.256374 -324.373050
v 13.791259 4.256374 -324.519943
v 13.764638 4.256374 -324.678179
v 13.777593 4.256374 -324.838114
v 13.764638 6.895263 -324.678179
v 13.791259 6.895263 -324.519943
v 13.855831 6.895263 -324.373050
v 13.954420 6.895263 -324.246451
v 14.081019 6.895263 -324.147862
v 14.227912 6.895263 -324.083289
v 14.386148 6.895263 -324.056669
v 10.512085 4.256374 -326.054115
v 10.962085 4.256374 -326.054115
v 10.966043 11.756374 -325.379115
v 10.960178 11.756374 -326.379115
v 10.513991 11.756374 -326.379115
v 10.508126 11.756374 -325.379115
v 10.555509 12.619660 -333.458061
v 10.556924 12.619777 -333.699208
v 10.558297 12.562162 -333.933372
v 10.559550 12.450167 -334.146935
v 10.560609 12.290304 -334.327478
v 10.561412 12.091869 -334.464502
v 10.561914 11.866402 -334.550039
v 10.562085 11.627014 -334.579115
v 10.562085 9.962191 -334.579115
v 10.561809 9.531546 -334.532201
v 10.560997 9.121104 -334.393660
v 10.559685 8.750121 -334.169991
v 10.557935 8.436001 -333.871688
v 10.555830 8.193481 -333.512745
v 10.918339 8.193481 -333.512745
v 10.916234 8.436001 -333.871688
v 10.914484 8.750121 -334.169991
v 10.913172 9.121104 -334.393660
v 10.912360 9.531546 -334.532201
v 10.912085 9.962191 -334.579115
v 10.912085 11.627014 -334.579115
v 10.912255 11.866402 -334.550039
v 10.912757 12.091869 -334.464502
v 10.913560 12.290304 -334.327478
v 10.914619 12.450167 -334.146935
v 10.915872 12.562162 -333.933372
v 10.917245 12.619777 -333.699208
v 10.918660 12.619660 -333.458061
v 10.737085 9.506374 -313.804115
v 10.212976 9.437374 -313.804115
v 9.724585 9.235075 -313.804115
v 9.305193 8.913265 -313.804115
v 8.983383 8.493874 -313.804115
v 8.781085 8.005483 -313.804115
v 8.712085 7.481374 -313.804115
v 8.781085 6.957265 -313.804115
v 8.983383 6.468874 -313.804115
v 9.305193 6.049483 -313.804115
v 9.724585 5.727673 -313.804115
v 10.212976 5.525374 -313.804115
v 10.737085 5.456374 -313.804115
v 11.261193 5.525374 -313.804115
v 11.749585 5.727673 -313.804115
v 12.168976 6.049483 -313.804115
v 12.490786 6.468874 -313.804115
v 12.693084 6.957265 -313.804115
v 12.762085 7.481374 -313.804115
v 12.693084 8.005483 -313.804115
v 12.490786 8.493874 -313.804115
v 12.168976 8.913265 -313.804115
v 11.749585 9.235075 -313.804115
v 11.261193 9.437374 -313.804115
v 10.737085 8.981374 -313.804115
v 11.125313 8.930263 -313.804115
v 11.487085 8.780412 -313.804115
v 11.797745 8.542034 -313.804115
v 12.036123 8.231374 -313.804115
v 12.185973 7.869603 -313.804115
v 12.237085 7.481374 -313.804115
v 12.185973 7.093145 -313.804115
v 12.036123 6.731374 -313.804115
v 11.797745 6.420714 -313.804115
v 11.487085 6.182336 -313.804115
v 11.125313 6.032485 -313.804115
v 10.737085 5.981374 -313.804115
v 10.348856 6.032485 -313.804115
v 9.987085 6.182336 -313.804115
v 9.676424 6.420714 -313.804115
v 9.438046 6.731374 -313.804115
v 9.288196 7.093145 -313.804115
v 9.237085 7.481374 -313.804115
v 9.288196 7.869603 -313.804115
v 9.438046 8.231374 -313.804115
v 9.676424 8.542034 -313.804115
v 9.987085 8.780412 -313.804115
v 10.348856 8.930263 -313.804115
v 10.737085 8.981374 -263.804115
v 11.125313 8.930263 -263.804115
v 11.487085 8.780412 -263.804115
v 11.797745 8.542034 -263.804115
v 12.036123 8.231374 -263.804115
v 12.185973 7.869603 -263.804115
v 12.237085 7.481374 -263.804115
v 12.185973 7.093145 -263.804115
v 12.036123 6.731374 -263.804115
v 11.797745 6.420714 -263.804115
v 11.487085 6.182336 -263.804115
v 11.125313 6.032485 -263.804115
v 10.737085 5.981374 -263.804115
v 10.348856 6.032485 -263.804115
v 9.987085 6.182336 -263.804115
v 9.676424 6.420714 -263.804115
v 9.438046 6.731374 -263.804115
v 9.288196 7.093145 -263.804115
v 9.237085 7.481374 -263.804115
v 9.288196 7.869603 -263.804115
v 9.438046 8.231374 -263.804115
v 9.676424 8.542034 -263.804115
v 9.987085 8.780412 -263.804115
v 10.348856 8.930263 -263.804115
v 10.737085 8.981374 -305.470782
v 10.737085 8.981374 -297.137449
v 10.737085 8.981374 -288.804115
v 10.737085 8.981374 -280.470782
v 10.737085 8.981374 -272.137449
v 10.348856 8.930263 -305.470782
v 10.348856 8.930263 -297.137449
v 10.348856 8.930263 -288.804115
v 10.348856 8.930263 -280.470782
v 10.348856 8.930263 -272.137449
v 9.987085 8.780412 -305.470782
v 9.987085 8.780412 -297.137449
v 9.987085 8.780412 -288.804115
v 9.987085 8.780412 -280.470782
v 9.987085 8.780412 -272.137449
v 9.676424 8.542034 -305.470782
v 9.676424 8.542034 -297.137449
v 9.676424 8.542034 -288.804115
v 9.676424 8.542034 -280.470782
v 9.676424 8.542034 -272.137449
v 9.438046 8.231374 -305.470782
v 9.438046 8.231374 -297.137449
v 9.438046 8.231374 -288.804115
v 9.438046 8.231374 -280.470782
v 9.438046 8.231374 -272.137449
v 9.288196 7.869603 -305.470782
v 9.288196 7.869603 -297.137449
v 9.288196 7.869603 -288.804115
v 9.288196 7.869603 -280.470782
v 9.288196 7.869603 -272.137449
v 9.237085 7.481374 -305.470782
v 9.237085 7.481374 -297.137449
v 9.237085 7.481374 -288.804115
v 9.237085 7.481374 -280.470782
v 9.237085 7.481374 -272.137449
v 9.288196 7.093145 -305.470782
v 9.288196 7.093145 -297.137449
v 9.288196 7.093145 -288.804115
v 9.288196 7.093145 -280.470782
v 9.288196 7.093145 -272.137449
v 9.438046 6.731374 -305.470782
v 9.438046 6.731374 -297.137449
v 9.438046 6.731374 -288.804115
v 9.438046 6.731374 -280.470782
v 9.438046 6.731374 -272.137449
v 9.676424 6.420714 -305.470782
v 9.676424 6.420714 -297.137449
v 9.676424 6.420714 -288.804115
v 9.676424 6.420714 -280.470782
v 9.676424 6.420714 -272.137449
v 9.987085 6.182336 -305.470782
v 9.987085 6.182336 -297.137449
v 9.987085 6.182336 -288.804115
v 9.987085 6.182336 -280.470782
v 9.987085 6.182336 -272.137449
v 10.348856 6.032485 -305.470782
v 10.348856 6.032485 -297.137449
v 10.348856 6.032485 -288.804115
v 10.348856 6.032485 -280.470782
v 10.348856 6.032485 -272.137449
v 10.737085 5.981374 -305.470782
v 10.737085 5.981374 -297.137449
v 10.737085 5.981374 -288.804115
v 10.737085 5.981374 -280.470782
v 10.737085 5.981374 -272.137449
v 11.125313 6.032485 -305.470782
v 11.125313 6.032485 -297.137449
v 11.125313 6.032485 -288.804115
v 11.125313 6.032485 -280.470782
v 11.125313 6.032485 -272.137449
v 11.487085 6.182336 -305.470782
v 11.487085 6.182336 -297.137449
v 11.487085 6.182336 -288.804115
v 11.487085 6.182336 -280.470782
v 11.487085 6.182336 -272.137449
v 11.797745 6.420714 -305.470782
v 11.797745 6.420714 -297.137449
v 11.797745 6.420714 -288.804115
v 11.797745 6.420714 -280.470782
v 11.797745 6.420714 -272.137449
v 12.036123 6.731374 -305.470782
v 12.036123 6.731374 -297.137449
v 12.036123 6.731374 -288.804115
v 12.036123 6.731374 -280.470782
v 12.036123 6.731374 -272.137449
v 12.185973 7.093145 -305.470782
v 12.185973 7.093145 -297.137449
v 12.185973 7.093145 -288.804115
v 12.185973 7.093145 -280.470782
v 12.185973 7.093145 -272.137449
v 12.237085 7.481374 -305.470782
v 12.237085 7.481374 -297.137449
v 12.237085 7.481374 -288.804115
v 12.237085 7.481374 -280.470782
v 12.237085 7.481374 -272.137449
v 12.185973 7.869603 -305.470782
v 12.185973 7.869603 -297.137449
v 12.185973 7.869603 -288.804115
v 12.185973 7.869603 -280.470782
v 12.185973 7.869603 -272.137449
v 12.036123 8.231374 -305.470782
v 12.036123 8.231374 -297.137449
v 12.036123 8.231374 -288.804115
v 12.036123 8.231374 -280.470782
v 12.036123 8.231374 -272.137449
v 11.797745 8.542034 -305.470782
v 11.797745 8.542034 -297.137449
v 11.797745 8.542034 -288.804115
v 11.797745 8.542034 -280.470782
v 11.797745 8.542034 -272.137449
v 11.487085 8.780412 -305.470782
v 11.487085 8.780412 -297.137449
v 11.487085 8.780412 -288.804115
v 11.487085 8.780412 -280.470782
v 11.487085 8.780412 -272.137449
v 11.125313 8.930263 -305.470782
v 11.125313 8.930263 -297.137449
v 11.125313 8.930263 -288.804115
v 11.125313 8.930263 -280.470782
v 11.125313 8.930263 -272.137449
vt 3.710897 9.393429 0.000000
vt 7.530314 9.173026 0.000000
vt 3.316296 9.436321 0.000000
vt 7.530314 10.077985 0.000000
vt -0.000000 10.470258 0.000000
vt 2.740851 10.578493 0.000000
vt 4.074260 10.700309 0.000000
vt 4.707886 10.798309 0.000000
vt 7.530314 10.982944 0.000000
vt 5.037362 10.878286 0.000000
vt 5.191246 10.937002 0.000000
vt 5.259856 10.979586 0.000000
vt 5.274847 10.993475 0.000000
vt 5.287202 11.008776 0.000000
vt 5.295793 11.025676 0.000000
vt 5.298262 11.035001 0.000000
vt 5.299110 11.044662 0.000000
vt 5.298262 11.054323 0.000000
vt 5.295793 11.063647 0.000000
vt 5.287202 11.080547 0.000000
vt 5.274847 11.095849 0.000000
vt 5.259856 11.109737 0.000000
vt 5.191246 11.152321 0.000000
vt 5.037362 11.211037 0.000000
vt 7.530314 11.887903 0.000000
vt 4.707886 11.291015 0.000000
vt 4.074260 11.389015 0.000000
vt 2.740851 11.510830 0.000000
vt -0.000000 11.619065 0.000000
vt -0.000000 12.654782 0.000000
vt 7.530314 12.792862 0.000000
vt -0.000000 13.690499 0.000000
vt 7.530314 13.697821 0.000000
vt 7.530314 14.602779 0.000000
vt 4.097512 9.261486 0.000000
vt 4.447500 9.048448 0.000000
vt 4.738992 8.776288 0.000000
vt 7.530314 8.268067 0.000000
vt 4.977120 8.446652 0.000000
vt 5.152491 8.066142 0.000000
vt 5.250545 7.659645 0.000000
vt 7.530314 7.363108 0.000000
vt 5.268443 7.254600 0.000000
vt 5.207725 6.845788 0.000000
vt 7.530314 6.458149 0.000000
vt 5.066849 6.449972 0.000000
vt 4.855076 6.094055 0.000000
vt 7.530314 5.553190 0.000000
vt 4.589972 5.797486 0.000000
vt 4.264765 5.553862 0.000000
vt 3.891880 5.382661 0.000000
vt 3.496999 5.298807 0.000000
vt 7.530314 4.648231 0.000000
vt 0.000000 4.255957 0.000000
vt 2.740851 4.147723 0.000000
vt -0.000000 5.291674 0.000000
vt 3.104903 5.301905 0.000000
vt 2.711589 5.387893 0.000000
vt 2.337832 5.550869 0.000000
vt 2.004481 5.775687 0.000000
vt 1.725566 6.043274 0.000000
vt -0.000000 6.327391 0.000000
vt 1.492922 6.359707 0.000000
vt 1.321692 6.714741 0.000000
vt -0.000000 7.363108 0.000000
vt 1.225364 7.089499 0.000000
vt 1.207621 7.463412 0.000000
vt 1.267524 7.840023 0.000000
vt -0.000000 8.398825 0.000000
vt 1.405361 8.206642 0.000000
vt 1.611995 8.543112 0.000000
vt 1.869284 8.832031 0.000000
vt -0.000000 9.434541 0.000000
vt 2.178115 9.078290 0.000000
vt 2.535592 9.272089 0.000000
vt 2.922822 9.394940 0.000000
vt 7.530314 -7.363108 0.000000
vt 7.530314 -7.239672 0.000000
vt 7.530254 -7.280817 0.000000
vt 7.530073 -7.198526 0.000000
vt 7.530314 -7.116236 0.000000
vt 7.529773 -7.116236 0.000000
vt 7.530314 -6.211277 0.000000
vt 3.900092 -7.135348 0.000000
vt -0.000000 -6.187400 0.000000
vt -0.000000 -7.153122 0.000000
vt 7.530314 -5.306318 0.000000
vt -0.000000 -5.221679 0.000000
vt 7.530314 -4.401359 0.000000
vt 0.000000 -4.255957 0.000000
vt 2.740851 -4.147723 0.000000
vt 4.074260 -4.025907 0.000000
vt 4.707886 -3.927907 0.000000
vt 5.037362 -3.847929 0.000000
vt 5.191246 -3.789213 0.000000
vt 7.530314 -3.496400 0.000000
vt 5.259856 -3.746629 0.000000
vt 5.274847 -3.732741 0.000000
vt 5.287202 -3.717439 0.000000
vt 5.295793 -3.700540 0.000000
vt 5.298262 -3.691215 0.000000
vt 5.299110 -3.681554 0.000000
vt 5.298262 -3.671893 0.000000
vt 5.295793 -3.662568 0.000000
vt 5.287202 -3.645669 0.000000
vt 5.274847 -3.630367 0.000000
vt 5.259856 -3.616479 0.000000
vt 5.191246 -3.573895 0.000000
vt 5.037362 -3.515179 0.000000
vt 4.707886 -3.435201 0.000000
vt 4.074260 -3.337201 0.000000
vt 2.740851 -3.215385 0.000000
vt 7.530314 -2.591441 0.000000
vt -0.000000 -3.107150 0.000000
vt -0.000000 -2.071434 0.000000
vt 7.530314 -1.686482 0.000000
vt -0.000000 -1.035717 0.000000
vt 7.530314 -0.781523 0.000000
vt -0.000000 -0.000000 0.000000
vt 7.530314 0.123436 0.000000
vt -0.000000 1.035717 0.000000
vt 7.530314 1.028395 0.000000
vt 7.530314 1.933354 0.000000
vt -0.000000 2.071434 0.000000
vt 7.530314 2.838313 0.000000
vt 0.000000 3.107150 0.000000
vt 2.740851 3.215385 0.000000
vt 4.074260 3.337201 0.000000
vt 4.707886 3.435201 0.000000
vt 5.037362 3.515179 0.000000
vt 7.530314 3.743272 0.000000
vt 5.191246 3.573895 0.000000
vt 5.259856 3.616479 0.000000
vt 5.274847 3.630367 0.000000
vt 5.287202 3.645669 0.000000
vt 5.295793 3.662568 0.000000
vt 5.298262 3.671893 0.000000
vt 5.299110 3.681554 0.000000
vt 5.298262 3.691215 0.000000
vt 5.295793 3.700540 0.000000
vt 5.287202 3.717439 0.000000
vt 5.274847 3.732741 0.000000
vt 5.259856 3.746629 0.000000
vt 5.191246 3.789213 0.000000
vt 5.037362 3.847929 0.000000
vt 4.707886 3.927907 0.000000
vt 4.074260 4.025907 0.000000
vt -0.000000 14.726216 0.000000
vt 0.000000 -14.726216 0.000000
vt 7.530314 -14.849652 0.000000
vt 7.530314 -13.944693 0.000000
vt -0.000000 -13.690499 0.000000
vt 7.530314 -13.039734 0.000000
vt -0.000000 -12.654782 0.000000
vt 7.530314 -12.134775 0.000000
vt -0.000000 -11.619065 0.000000
vt 2.740846 -11.510831 0.000000
vt 4.074260 -11.389015 0.000000
vt 4.707886 -11.291015 0.000000
vt 7.530314 -11.229816 0.000000
vt 5.037361 -11.211037 0.000000
vt 5.191246 -11.152321 0.000000
vt 5.259856 -11.109737 0.000000
vt 5.274846 -11.095849 0.000000
vt 5.287202 -11.080547 0.000000
vt 5.295793 -11.063647 0.000000
vt 5.298262 -11.054323 0.000000
vt 5.299110 -11.044662 0.000000
vt 5.298262 -11.035001 0.000000
vt 5.295793 -11.025676 0.000000
vt 5.287202 -11.008776 0.000000
vt 5.274846 -10.993474 0.000000
vt 5.259856 -10.979586 0.000000
vt 5.191246 -10.937002 0.000000
vt 7.530314 -10.324857 0.000000
vt 5.037361 -10.878286 0.000000
vt 4.707886 -10.798309 0.000000
vt 4.074260 -10.700309 0.000000
vt 2.740846 -10.578493 0.000000
vt 0.000000 -10.470258 0.000000
vt -0.000000 -9.504537 0.000000
vt 7.530314 -9.419898 0.000000
vt -0.000000 -8.538815 0.000000
vt 7.530314 -8.514939 0.000000
vt 3.900992 -7.590872 0.000000
vt 7.529773 -7.609980 0.000000
vt 7.530314 -7.609980 0.000000
vt 7.530314 -7.548262 0.000000
vt 7.530073 -7.527690 0.000000
vt 7.530314 -7.486544 0.000000
vt 7.530254 -7.445399 0.000000
vt 7.530314 -7.424826 0.000000
vt -0.000000 -7.573094 0.000000
vt 0.000000 -0.293838 0.000000
vt 2.729818 -0.021376 0.000000
vt 0.000000 -0.132969 0.000000
vt 0.000000 0.027901 0.000000
vt 2.638889 0.027901 0.000000
vt 0.000000 0.188770 0.000000
vt 2.638889 0.188770 0.000000
vt 0.000000 0.349639 0.000000
vt 2.638889 0.349639 0.000000
vt 0.000000 0.510509 0.000000
vt 2.638889 0.510509 0.000000
vt 0.000000 0.671378 0.000000
vt 2.638889 0.671378 0.000000
vt 0.000000 0.832248 0.000000
vt 2.638889 0.832248 0.000000
vt 0.000000 0.993117 0.000000
vt 2.638889 0.993117 0.000000
vt 2.729818 1.042394 0.000000
vt 4.057859 0.870654 0.000000
vt 4.688934 0.758262 0.000000
vt 5.017084 0.674537 0.000000
vt 5.170349 0.615678 0.000000
vt 5.238682 0.573822 0.000000
vt 5.253612 0.560266 0.000000
vt 5.265918 0.545366 0.000000
vt 5.274474 0.528941 0.000000
vt 5.276933 0.519887 0.000000
vt 5.277778 0.510509 0.000000
vt 5.276933 0.501131 0.000000
vt 5.274474 0.492076 0.000000
vt 5.265918 0.475652 0.000000
vt 5.253612 0.460752 0.000000
vt 5.238682 0.447196 0.000000
vt 5.170349 0.405340 0.000000
vt 5.017084 0.346481 0.000000
vt 4.688934 0.262755 0.000000
vt 4.057859 0.150364 0.000000
vt -0.000000 1.314856 0.000000
vt -0.000000 1.153986 0.000000
vt 0.000000 -1.314856 0.000000
vt 2.729813 -1.042394 0.000000
vt 0.000000 -1.153986 0.000000
vt 0.000000 -0.993117 0.000000
vt 2.638889 -0.993117 0.000000
vt 0.000000 -0.832248 0.000000
vt 2.638889 -0.832248 0.000000
vt 0.000000 -0.671378 0.000000
vt 2.638889 -0.671378 0.000000
vt 0.000000 -0.510509 0.000000
vt 2.638889 -0.510509 0.000000
vt 0.000000 -0.349639 0.000000
vt 2.638889 -0.349639 0.000000
vt 0.000000 -0.188770 0.000000
vt 2.638889 -0.188770 0.000000
vt 0.000000 -0.027901 0.000000
vt 2.638889 -0.027901 0.000000
vt 2.729813 0.021376 0.000000
vt 4.057859 -0.150364 0.000000
vt 4.688934 -0.262755 0.000000
vt 5.017083 -0.346480 0.000000
vt 5.170349 -0.405340 0.000000
vt 5.238682 -0.447195 0.000000
vt 5.253612 -0.460752 0.000000
vt 5.265918 -0.475651 0.000000
vt 5.274474 -0.492076 0.000000
vt 5.276933 -0.501131 0.000000
vt 5.277778 -0.510509 0.000000
vt 5.276933 -0.519887 0.000000
vt 5.274474 -0.528941 0.000000
vt 5.265918 -0.545366 0.000000
vt 5.253612 -0.560266 0.000000
vt 5.238682 -0.573822 0.000000
vt 5.170349 -0.615678 0.000000
vt 5.017083 -0.674537 0.000000
vt 4.688934 -0.758262 0.000000
vt 4.057859 -0.870654 0.000000
vt 0.000000 0.293838 0.000000
vt 0.000000 0.132969 0.000000
vt 0.000000 -0.804347 0.000000
vt 2.729818 -0.531885 0.000000
vt 0.000000 -0.643478 0.000000
vt -0.000000 -0.482608 0.000000
vt 2.638889 -0.482608 0.000000
vt -0.000000 -0.321739 0.000000
vt 2.638889 -0.321739 0.000000
vt 0.000000 -0.160869 0.000000
vt 2.638889 -0.160869 0.000000
vt 0.000000 -0.000000 0.000000
vt 2.638889 -0.000000 0.000000
vt -0.000000 0.160869 0.000000
vt 2.638889 0.160869 0.000000
vt -0.000000 0.321739 0.000000
vt 2.638889 0.321739 0.000000
vt -0.000000 0.482608 0.000000
vt 2.638889 0.482608 0.000000
vt 2.729818 0.531885 0.000000
vt 4.057859 0.360145 0.000000
vt 4.688934 0.247754 0.000000
vt 5.017084 0.164028 0.000000
vt 5.170349 0.105169 0.000000
vt 5.238682 0.063313 0.000000
vt 5.253612 0.049757 0.000000
vt 5.265918 0.034857 0.000000
vt 5.274474 0.018432 0.000000
vt 5.276933 0.009378 0.000000
vt 5.277778 0.000000 0.000000
vt 5.276933 -0.009378 0.000000
vt 5.274474 -0.018432 0.000000
vt 5.265918 -0.034857 0.000000
vt 5.253612 -0.049757 0.000000
vt 5.238682 -0.063313 0.000000
vt 5.170349 -0.105169 0.000000
vt 5.017084 -0.164028 0.000000
vt 4.688934 -0.247754 0.000000
vt 4.057859 -0.360145 0.000000
vt 0.000000 0.804347 0.000000
vt 0.000000 0.643478 0.000000
vt 0.000000 -0.804347 0.000000
vt 2.729818 -0.531885 0.000000
vt -0.000000 -0.643478 0.000000
vt 0.000000 -0.482608 0.000000
vt 2.638889 -0.482608 0.000000
vt 0.000000 -0.321739 0.000000
vt 2.638889 -0.321739 0.000000
vt 0.000000 -0.160869 0.000000
vt 2.638889 -0.160869 0.000000
vt 0.000000 -0.000000 0.000000
vt 2.638889 -0.000000 0.000000
vt 0.000000 0.160869 0.000000
vt 2.638889 0.160869 0.000000
vt 0.000000 0.321739 0.000000
vt 2.638889 0.321739 0.000000
vt 0.000000 0.482608 0.000000
vt 2.638889 0.482608 0.000000
vt 2.729818 0.531885 0.000000
vt 4.057859 0.360145 0.000000
vt 4.688934 0.247754 0.000000
vt 5.017084 0.164028 0.000000
vt 5.170349 0.105169 0.000000
vt 5.238682 0.063313 0.000000
vt 5.253612 0.049757 0.000000
vt 5.265918 0.034857 0.000000
vt 5.274474 0.018432 0.000000
vt 5.276933 0.009378 0.000000
vt 5.277778 -0.000000 0.000000
vt 5.276933 -0.009378 0.000000
vt 5.274474 -0.018432 0.000000
vt 5.265918 -0.034857 0.000000
vt 5.253612 -0.049757 0.000000
vt 5.238682 -0.063313 0.000000
vt 5.170349 -0.105169 0.000000
vt 5.017084 -0.164028 0.000000
vt 4.688934 -0.247754 0.000000
vt 4.057859 -0.360145 0.000000
vt 0.000000 0.804347 0.000000
vt 0.000000 0.643478 0.000000
vt -3.960887 -3.092248 0.000000
vt -3.808999 -3.040508 0.000000
vt -4.542290 -2.149007 0.000000
vt -3.649063 -3.027554 0.000000
vt -3.490828 -3.054174 0.000000
vt -4.902837 -1.101276 0.000000
vt -3.343935 -3.118746 0.000000
vt -5.025000 -0.000000 0.000000
vt -3.343935 3.118746 0.000000
vt -4.902837 1.101276 0.000000
vt -3.490828 3.054174 0.000000
vt -4.542290 2.149007 0.000000
vt -3.649063 3.027554 0.000000
vt -3.808999 3.040508 0.000000
vt -3.217336 -3.217336 0.000000
vt -3.217336 3.217336 0.000000
vt 3.217336 -3.217336 0.000000
vt 3.217336 3.217336 0.000000
vt 3.343935 3.118746 0.000000
vt 3.343935 -3.118746 0.000000
vt 5.019959 0.225030 0.000000
vt 5.019959 -0.225030 0.000000
vt 5.025000 -0.225000 0.000000
vt 3.118746 -3.343935 0.000000
vt -3.118746 -3.343935 0.000000
vt 0.000000 -5.025000 0.000000
vt -1.101276 -4.902837 0.000000
vt -3.054174 -3.490828 0.000000
vt -2.149007 -4.542290 0.000000
vt -3.027554 -3.649063 0.000000
vt -3.040508 -3.808999 0.000000
vt -3.092248 -3.960887 0.000000
vt 1.101276 -4.902837 0.000000
vt 3.054174 -3.490828 0.000000
vt 2.149007 -4.542290 0.000000
vt 3.027554 -3.649063 0.000000
vt 3.040508 -3.808999 0.000000
vt 3.092248 -3.960887 0.000000
vt 4.867767 -1.247185 0.000000
vt 3.490828 -3.054174 0.000000
vt 4.509695 -2.216591 0.000000
vt 3.649063 -3.027554 0.000000
vt 3.808999 -3.040508 0.000000
vt 3.960887 -3.092248 0.000000
vt 5.025000 0.225000 0.000000
vt 4.867767 1.247185 0.000000
vt 3.490828 3.054174 0.000000
vt 4.509695 2.216591 0.000000
vt 3.649063 3.027554 0.000000
vt 3.808999 3.040508 0.000000
vt 3.960887 3.092248 0.000000
vt -3.118746 3.343935 0.000000
vt 3.118746 3.343935 0.000000
vt 0.000000 5.025000 0.000000
vt 1.101276 4.902837 0.000000
vt 3.054174 3.490828 0.000000
vt 2.149007 4.542290 0.000000
vt 3.027554 3.649063 0.000000
vt 3.040508 3.808999 0.000000
vt 3.092248 3.960887 0.000000
vt -1.101276 4.902837 0.000000
vt -3.054174 3.490828 0.000000
vt -2.149007 4.542290 0.000000
vt -3.027554 3.649063 0.000000
vt -3.040508 3.808999 0.000000
vt -3.092248 3.960887 0.000000
vt -3.960887 3.092248 0.000000
vt 0.225000 0.000000 0.000000
vt 0.148638 0.000668 0.000000
vt -0.003959 0.000000 0.000000
vt 0.072299 0.002670 0.000000
vt -0.003994 0.006007 0.000000
vt 1.000000 0.228959 0.000000
vt 0.000000 0.223094 0.000000
vt 1.000000 -0.000000 0.000000
vt 0.000000 -0.223094 0.000000
vt 1.000000 -0.228959 0.000000
vt 0.225000 0.000000 0.000000
vt 0.453959 0.000000 0.000000
vt 0.301362 0.000668 0.000000
vt 0.377701 0.002670 0.000000
vt 0.453994 0.006007 0.000000
vt 0.680995 7.499462 0.000000
vt 0.675012 7.500000 0.000000
vt 0.355200 3.885289 0.000000
vt -0.325006 7.500000 0.000000
vt -7.458758 3.937107 0.000000
vt -7.404073 8.363286 0.000000
vt -8.525147 5.705817 0.000000
vt -8.525147 7.370640 0.000000
vt -8.496070 7.610028 0.000000
vt -8.410531 7.835495 0.000000
vt -8.273505 8.033930 0.000000
vt -8.092959 8.193793 0.000000
vt -7.879392 8.305788 0.000000
vt -7.645224 8.363403 0.000000
vt -8.478232 5.275172 0.000000
vt -8.339688 4.864730 0.000000
vt -8.116016 4.493747 0.000000
vt -7.817707 4.179627 0.000000
vt -0.000000 0.000000 0.000000
vt 0.005041 0.000000 0.000000
vt -8.530188 0.000000 0.000000
vt -8.525147 0.000000 0.000000
vt -8.880266 3.884391 0.000000
vt -1.066388 3.937107 0.000000
vt -8.200141 7.500000 0.000000
vt -1.121074 8.363286 0.000000
vt -0.000000 5.705817 0.000000
vt -0.000000 7.370640 0.000000
vt -0.707439 4.179627 0.000000
vt -0.409131 4.493747 0.000000
vt -0.185458 4.864730 0.000000
vt -0.046915 5.275172 0.000000
vt -0.029077 7.610028 0.000000
vt -0.114615 7.835495 0.000000
vt -0.251642 8.033930 0.000000
vt -0.432188 8.193793 0.000000
vt -0.645755 8.305788 0.000000
vt -0.879922 8.363403 0.000000
vt -9.200158 7.500000 0.000000
vt -9.206141 7.499462 0.000000
vt 0.000000 -0.181575 0.000000
vt 7.131391 -0.223094 0.000000
vt 0.000000 0.181575 0.000000
vt 7.131391 0.223094 0.000000
vt 8.433977 -0.181254 0.000000
vt 8.433977 0.181254 0.000000
vt -0.000000 -0.225000 0.000000
vt 0.000000 0.225000 0.000000
vt -4.348492 0.114535 0.000000
vt -4.350000 0.000000 0.000000
vt 4.350000 -0.000000 0.000000
vt -4.349623 -0.057273 0.000000
vt -4.348492 -0.114535 0.000000
vt -4.346607 -0.171778 0.000000
vt -4.343969 -0.228991 0.000000
vt 4.269186 -0.834595 0.000000
vt -4.219332 -1.058175 0.000000
vt 4.029748 -1.638180 0.000000
vt -3.937924 -1.848041 0.000000
vt 3.640581 -2.380897 0.000000
vt -3.510199 -2.569242 0.000000
vt 3.116146 -3.035150 0.000000
vt -2.952050 -3.194981 0.000000
vt 2.475928 -3.576630 0.000000
vt -2.284215 -3.702008 0.000000
vt 1.743715 -3.985217 0.000000
vt -1.531509 -4.071484 0.000000
vt 0.946713 -4.245731 0.000000
vt -0.721898 -4.289681 0.000000
vt 0.114535 -4.348492 0.000000
vt -4.343969 0.228991 0.000000
vt 4.269186 0.834595 0.000000
vt -4.219332 1.058175 0.000000
vt 4.029748 1.638180 0.000000
vt -3.937924 1.848041 0.000000
vt 3.640581 2.380897 0.000000
vt -3.510199 2.569242 0.000000
vt 3.116146 3.035150 0.000000
vt -2.952050 3.194981 0.000000
vt 2.475928 3.576630 0.000000
vt -2.284215 3.702008 0.000000
vt 1.743715 3.985217 0.000000
vt -1.531509 4.071484 0.000000
vt 0.946713 4.245731 0.000000
vt -0.721898 4.289681 0.000000
vt 0.114535 4.348492 0.000000
vt 1.956000 0.524109 0.000000
vt 1.448889 0.388229 0.000000
vt 2.025000 -0.000000 0.000000
vt 1.500000 0.000000 0.000000
vt 1.956000 -0.524109 0.000000
vt 1.448889 -0.388229 0.000000
vt 1.299038 -0.750000 0.000000
vt 1.299038 0.750000 0.000000
vt 1.753701 1.012500 0.000000
vt 1.060660 1.060660 0.000000
vt 1.431891 1.431891 0.000000
vt 0.750000 1.299038 0.000000
vt 1.012500 1.753701 0.000000
vt 0.388229 1.448889 0.000000
vt 0.524109 1.956000 0.000000
vt -0.000000 1.500000 0.000000
vt -0.000000 2.025000 0.000000
vt -0.524109 1.956000 0.000000
vt -0.388229 1.448889 0.000000
vt -1.012500 1.753701 0.000000
vt -0.750000 1.299038 0.000000
vt -1.431891 1.431891 0.000000
vt -1.060660 1.060660 0.000000
vt -1.753701 1.012500 0.000000
vt -1.299038 0.750000 0.000000
vt -1.956000 0.524109 0.000000
vt -1.448889 0.388229 0.000000
vt -2.025000 0.000000 0.000000
vt -1.500000 0.000000 0.000000
vt -1.448889 -0.388229 0.000000
vt -1.956000 -0.524109 0.000000
vt -1.299038 -0.750000 0.000000
vt -1.753701 -1.012500 0.000000
vt -1.060660 -1.060660 0.000000
vt -1.431891 -1.431891 0.000000
vt -0.750000 -1.299038 0.000000
vt -1.012500 -1.753701 0.000000
vt -0.388229 -1.448889 0.000000
vt -0.524109 -1.956000 0.000000
vt -0.000000 -1.500000 0.000000
vt -0.000000 -2.025000 0.000000
vt 0.524109 -1.956000 0.000000
vt 0.388229 -1.448889 0.000000
vt 1.012500 -1.753701 0.000000
vt 0.750000 -1.299038 0.000000
vt 1.431891 -1.431891 0.000000
vt 1.060660 -1.060660 0.000000
vt 1.753701 -1.012500 0.000000
vt -0.000000 -5.831581 0.000000
vt -2.673487 -6.256297 0.000000
vt -0.000000 -6.361725 0.000000
vt 0.000000 6.361725 0.000000
vt -2.673487 6.467153 0.000000
vt -2.679771 6.072822 0.000000
vt 0.000000 5.831581 0.000000
vt -2.713093 5.666313 0.000000
vt 0.000000 5.301438 0.000000
vt -2.767931 5.258990 0.000000
vt -2.832270 4.862518 0.000000
vt -0.000000 -5.301438 0.000000
vt -2.740646 -5.446044 0.000000
vt -2.694555 -5.854402 0.000000
vt -2.802384 -5.042972 0.000000
vt -0.000000 -4.771294 0.000000
vt -2.866398 -4.653889 0.000000
vt -0.000000 -4.241150 0.000000
vt -2.923837 -4.252846 0.000000
vt -2.960031 -3.843870 0.000000
vt -0.000000 -3.711006 0.000000
vt -2.962990 -3.439493 0.000000
vt -0.000000 -3.180863 0.000000
vt -2.929858 -3.048170 0.000000
vt -0.000000 -2.650719 0.000000
vt -2.861350 -2.650485 0.000000
vt -2.764977 -2.252044 0.000000
vt -0.000000 -2.120575 0.000000
vt -2.654884 -1.860708 0.000000
vt -0.000000 -1.590431 0.000000
vt -2.546465 -1.482106 0.000000
vt -0.000000 -1.060288 0.000000
vt -2.445467 -1.091062 0.000000
vt -2.365351 -0.689768 0.000000
vt -0.000000 -0.530144 0.000000
vt -2.318226 -0.287704 0.000000
vt -0.000000 0.000000 0.000000
vt -2.309389 0.105250 0.000000
vt -0.000000 0.530144 0.000000
vt -2.339027 0.504023 0.000000
vt -2.405090 0.906864 0.000000
vt -0.000000 1.060288 0.000000
vt -2.498322 1.303917 0.000000
vt -0.000000 1.590431 0.000000
vt -2.604119 1.685321 0.000000
vt -0.000000 2.120575 0.000000
vt -2.714971 2.070380 0.000000
vt -2.819671 2.466523 0.000000
vt -0.000000 2.650719 0.000000
vt -2.902483 2.865647 0.000000
vt -0.000000 3.180863 0.000000
vt -2.952187 3.258828 0.000000
vt 0.000000 3.711006 0.000000
vt -2.965956 3.656174 0.000000
vt -2.944066 4.064674 0.000000
vt 0.000000 4.241150 0.000000
vt -2.894478 4.470983 0.000000
vt 0.000000 4.771294 0.000000
vt -0.000000 -4.319690 0.000000
vt -8.333333 -4.319690 0.000000
vt -0.000000 -4.712389 0.000000
vt -8.333333 -4.712389 0.000000
vt -0.000000 4.712389 0.000000
vt -8.333333 4.712389 0.000000
vt -0.000000 4.319690 0.000000
vt -8.333333 4.319690 0.000000
vt -0.000000 3.926991 0.000000
vt -8.333333 3.926991 0.000000
vt -0.000000 3.534292 0.000000
vt -8.333333 3.534292 0.000000
vt -0.000000 3.141593 0.000000
vt -8.333333 3.141593 0.000000
vt -0.000000 2.748894 0.000000
vt -8.333333 2.748894 0.000000
vt -0.000000 2.356194 0.000000
vt -8.333333 2.356194 0.000000
vt -0.000000 1.963495 0.000000
vt -8.333333 1.963495 0.000000
vt -0.000000 1.570796 0.000000
vt -8.333333 1.570796 0.000000
vt -0.000000 1.178097 0.000000
vt -8.333333 1.178097 0.000000
vt -0.000000 0.785398 0.000000
vt -8.333333 0.785398 0.000000
vt -0.000000 0.392699 0.000000
vt -8.333333 0.392699 0.000000
vt -0.000000 0.000000 0.000000
vt -8.333333 0.000000 0.000000
vt -0.000000 -0.392699 0.000000
vt -8.333333 -0.392699 0.000000
vt -0.000000 -0.785398 0.000000
vt -8.333333 -0.785398 0.000000
vt -0.000000 -1.178097 0.000000
vt -8.333333 -1.178097 0.000000
vt -0.000000 -1.570796 0.000000
vt -8.333333 -1.570796 0.000000
vt -0.000000 -1.963495 0.000000
vt -8.333333 -1.963495 0.000000
vt -0.000000 -2.356194 0.000000
vt -8.333333 -2.356194 0.000000
vt -0.000000 -2.748894 0.000000
vt -8.333333 -2.748894 0.000000
vt -0.000000 -3.141593 0.000000
vt -8.333333 -3.141593 0.000000
vt -0.000000 -3.534292 0.000000
vt -8.333333 -3.534292 0.000000
vt -0.000000 -3.926991 0.000000
vt -8.333333 -3.926991 0.000000
vt -50.000000 4.319690 0.000000
vt -41.666667 4.319690 0.000000
vt -50.000000 4.712389 0.000000
vt -41.666667 4.712389 0.000000
vt -50.000000 -4.712389 0.000000
vt -41.666667 -4.712389 0.000000
vt -50.000000 -4.319690 0.000000
vt -41.666667 -4.319690 0.000000
vt -50.000000 -3.926991 0.000000
vt -41.666667 -3.926991 0.000000
vt -50.000000 -3.534292 0.000000
vt -41.666667 -3.534292 0.000000
vt -50.000000 -3.141593 0.000000
vt -41.666667 -3.141593 0.000000
vt -50.000000 -2.748894 0.000000
vt -41.666667 -2.748894 0.000000
vt -50.000000 -2.356194 0.000000
vt -41.666667 -2.356194 0.000000
vt -50.000000 -1.963495 0.000000
vt -41.666667 -1.963495 0.000000
vt -50.000000 -1.570796 0.000000
vt -41.666667 -1.570796 0.000000
vt -50.000000 -1.178097 0.000000
vt -41.666667 -1.178097 0.000000
vt -50.000000 -0.785398 0.000000
vt -41.666667 -0.785398 0.000000
vt -50.000000 -0.392699 0.000000
vt -41.666667 -0.392699 0.000000
vt -50.000000 0.000000 0.000000
vt -41.666667 0.000000 0.000000
vt -50.000000 0.392699 0.000000
vt -41.666667 0.392699 0.000000
vt -50.000000 0.785398 0.000000
vt -41.666667 0.785398 0.000000
vt -50.000000 1.178097 0.000000
vt -41.666667 1.178097 0.000000
vt -50.000000 1.570796 0.000000
vt -41.666667 1.570796 0.000000
vt -50.000000 1.963495 0.000000
vt -41.666667 1.963495 0.000000
vt -50.000000 2.356194 0.000000
vt -41.666667 2.356194 0.000000
vt -50.000000 2.748894 0.000000
vt -41.666667 2.748894 0.000000
vt -50.000000 3.141593 0.000000
vt -41.666667 3.141593 0.000000
vt -50.000000 3.534292 0.000000
vt -41.666667 3.534292 0.000000
vt -50.000000 3.926991 0.000000
vt -41.666667 3.926991 0.000000
vt -16.666667 4.712389 0.000000
vt -16.666667 4.319690 0.000000
vt -16.666667 3.926991 0.000000
vt -16.666667 3.534292 0.000000
vt -16.666667 3.141593 0.000000
vt -16.666667 2.748894 0.000000
vt -16.666667 2.356194 0.000000
vt -16.666667 1.963495 0.000000
vt -16.666667 1.570796 0.000000
vt -16.666667 1.178097 0.000000
vt -16.666667 0.785398 0.000000
vt -16.666667 0.392699 0.000000
vt -16.666667 0.000000 0.000000
vt -16.666667 -0.392699 0.000000
vt -16.666667 -0.785398 0.000000
vt -16.666667 -1.178097 0.000000
vt -16.666667 -1.570796 0.000000
vt -16.666667 -1.963495 0.000000
vt -16.666667 -2.356194 0.000000
vt -16.666667 -2.748894 0.000000
vt -16.666667 -3.141593 0.000000
vt -16.666667 -3.534292 0.000000
vt -16.666667 -3.926991 0.000000
vt -16.666667 -4.319690 0.000000
vt -16.666667 -4.712389 0.000000
vt -25.000000 4.712389 0.000000
vt -25.000000 4.319690 0.000000
vt -25.000000 3.926991 0.000000
vt -25.000000 3.534292 0.000000
vt -25.000000 3.141593 0.000000
vt -25.000000 2.748894 0.000000
vt -25.000000 2.356194 0.000000
vt -25.000000 1.963495 0.000000
vt -25.000000 1.570796 0.000000
vt -25.000000 1.178097 0.000000
vt -25.000000 0.785398 0.000000
vt -25.000000 0.392699 0.000000
vt -25.000000 0.000000 0.000000
vt -25.000000 -0.392699 0.000000
vt -25.000000 -0.785398 0.000000
vt -25.000000 -1.178097 0.000000
vt -25.000000 -1.570796 0.000000
vt -25.000000 -1.963495 0.000000
vt -25.000000 -2.356194 0.000000
vt -25.000000 -2.748894 0.000000
vt -25.000000 -3.141593 0.000000
vt -25.000000 -3.534292 0.000000
vt -25.000000 -3.926991 0.000000
vt -25.000000 -4.319690 0.000000
vt -25.000000 -4.712389 0.000000
vt -33.333333 4.712389 0.000000
vt -33.333333 4.319690 0.000000
vt -33.333333 3.926991 0.000000
vt -33.333333 3.534292 0.000000
vt -33.333333 3.141593 0.000000
vt -33.333333 2.748894 0.000000
vt -33.333333 2.356194 0.000000
vt -33.333333 1.963495 0.000000
vt -33.333333 1.570796 0.000000
vt -33.333333 1.178097 0.000000
vt -33.333333 0.785398 0.000000
vt -33.333333 0.392699 0.000000
vt -33.333333 0.000000 0.000000
vt -33.333333 -0.392699 0.000000
vt -33.333333 -0.785398 0.000000
vt -33.333333 -1.178097 0.000000
vt -33.333333 -1.570796 0.000000
vt -33.333333 -1.963495 0.000000
vt -33.333333 -2.356194 0.000000
vt -33.333333 -2.748894 0.000000
vt -33.333333 -3.141593 0.000000
vt -33.333333 -3.534292 0.000000
vt -33.333333 -3.926991 0.000000
vt -33.333333 -4.319690 0.000000
vt -33.333333 -4.712389 0.000000
vt -1.448889 -0.388229 0.000000
vt 1.448889 -0.388229 0.000000
vt -1.500000 -0.000000 0.000000
vt 1.500000 0.000000 0.000000
vt -1.448889 0.388229 0.000000
vt 1.448889 0.388229 0.000000
vt -1.299038 0.750000 0.000000
vt 1.299038 0.750000 0.000000
vt -1.060660 1.060660 0.000000
vt 1.060660 1.060660 0.000000
vt -0.750000 1.299038 0.000000
vt 0.750000 1.299038 0.000000
vt -0.388229 1.448889 0.000000
vt 0.388229 1.448889 0.000000
vt 0.000000 1.500000 0.000000
vt 1.299038 -0.750000 0.000000
vt -1.299038 -0.750000 0.000000
vt 1.060660 -1.060660 0.000000
vt -1.060660 -1.060660 0.000000
vt 0.750000 -1.299038 0.000000
vt -0.750000 -1.299038 0.000000
vt 0.388229 -1.448889 0.000000
vt -0.388229 -1.448889 0.000000
vt 0.000000 -1.500000 0.000000
vt -0.175000 0.000000 0.000000
vt 0.175000 0.000000 0.000000
vt -0.175171 0.241735 0.000000
vt 0.175171 0.241735 0.000000
vt -0.175672 0.483471 0.000000
vt 0.175672 0.483471 0.000000
vt -0.176476 0.725206 0.000000
vt 0.176476 0.725206 0.000000
vt -0.177535 0.966942 0.000000
vt 0.177535 0.966942 0.000000
vt -0.178787 1.208677 0.000000
vt 0.178787 1.208677 0.000000
vt -0.180161 1.450413 0.000000
vt 0.180161 1.450413 0.000000
vt -0.181575 1.692148 0.000000
vt 0.181575 1.692148 0.000000
vt 0.000000 -0.175000 0.000000
vt 1.664823 -0.175000 0.000000
vt 0.000000 0.175000 0.000000
vt 1.664823 0.175000 0.000000
vt -0.181254 -0.000000 0.000000
vt 0.181254 -0.000000 0.000000
vt -0.179149 0.434044 0.000000
vt 0.179149 0.434044 0.000000
vt -0.177400 0.868088 0.000000
vt 0.177400 0.868088 0.000000
vt -0.176088 1.302133 0.000000
vt 0.176088 1.302133 0.000000
vt -0.175275 1.736177 0.000000
vt 0.175275 1.736177 0.000000
vt -0.175000 2.170221 0.000000
vt 0.175000 2.170221 0.000000
vn -0.418029 0.089638 0.904001
vn -0.375077 0.089638 0.922650
vn -0.426283 0.089638 0.900138
vn -0.545129 0.089638 0.833546
vn -0.612896 0.089638 0.785063
vn -0.630858 0.089638 0.770703
vn -0.650671 0.089638 0.754051
vn -0.666292 0.089638 0.740283
vn -0.694927 0.089638 0.713472
vn -0.678825 0.089638 0.728808
vn -0.687901 0.089638 0.720248
vn -0.694416 0.089638 0.713969
vn -0.696528 0.089638 0.711909
vn -0.698848 0.089638 0.709631
vn -0.701402 0.089638 0.707107
vn -0.702807 0.089638 0.705710
vn -0.704260 0.089638 0.704260
vn -0.705710 0.089638 0.702807
vn -0.707107 0.089638 0.701402
vn -0.709631 0.089638 0.698848
vn -0.711909 0.089638 0.696528
vn -0.713969 0.089638 0.694416
vn -0.720248 0.089638 0.687901
vn -0.728808 0.089638 0.678825
vn -0.818904 0.089638 0.566888
vn -0.740283 0.089638 0.666292
vn -0.754051 0.089638 0.650671
vn -0.770703 0.089638 0.630858
vn -0.785063 0.089638 0.612896
vn -0.900299 0.089638 0.425941
vn -0.912454 0.089638 0.399240
vn -0.971761 0.089638 0.218277
vn -0.972101 0.089638 0.216759
vn -0.995629 0.089638 0.026224
vn -0.392421 0.089638 0.915407
vn -0.350427 0.089638 0.932291
vn -0.295737 0.089638 0.951055
vn -0.191089 0.089638 0.977471
vn -0.228181 0.089638 0.969484
vn -0.148817 0.089638 0.984794
vn -0.062965 0.089638 0.993982
vn 0.000000 0.089638 0.995974
vn 0.023053 0.089638 0.995708
vn 0.109694 0.089638 0.989915
vn 0.191089 0.089638 0.977471
vn 0.192793 0.089638 0.977137
vn 0.266360 0.089638 0.959697
vn 0.375077 0.089638 0.922650
vn 0.326504 0.089638 0.940936
vn 0.374945 0.089638 0.922703
vn 0.408387 0.089638 0.908397
vn 0.424571 0.089638 0.900947
vn 0.545129 0.089638 0.833546
vn 0.612896 0.089638 0.785063
vn 0.630858 0.089638 0.770703
vn 0.425941 0.089638 0.900299
vn 0.423975 0.089638 0.901227
vn 0.407373 0.089638 0.908852
vn 0.375534 0.089638 0.922464
vn 0.330877 0.089638 0.939407
vn 0.276740 0.089638 0.956755
vn 0.218277 0.089638 0.971761
vn 0.211573 0.089638 0.973243
vn 0.137323 0.089638 0.986462
vn 0.000000 0.089638 0.995974
vn 0.058102 0.089638 0.994278
vn -0.021310 0.089638 0.995746
vn -0.101158 0.089638 0.990824
vn -0.218277 0.089638 0.971761
vn -0.178264 0.089638 0.979891
vn -0.248081 0.089638 0.964583
vn -0.307026 0.089638 0.947470
vn -0.425941 0.089638 0.900299
vn -0.356355 0.089638 0.930041
vn -0.394491 0.089638 0.914517
vn -0.418320 0.089638 0.903866
vn 0.000000 0.089638 -0.995974
vn 0.026224 0.089638 -0.995629
vn 0.017484 0.089638 -0.995821
vn 0.034962 0.089638 -0.995361
vn 0.052430 0.089638 -0.994593
vn 0.052430 0.089638 -0.994593
vn 0.242279 0.089638 -0.966057
vn 0.048374 0.089638 -0.994799
vn 0.247197 0.089638 -0.964810
vn 0.044602 0.089638 -0.994975
vn 0.423127 0.089638 -0.901626
vn 0.439337 0.089638 -0.893839
vn 0.588253 0.089638 -0.803694
vn 0.612896 0.089638 -0.785063
vn 0.630858 0.089638 -0.770703
vn 0.650671 0.089638 -0.754051
vn 0.666292 0.089638 -0.740283
vn 0.678825 0.089638 -0.728808
vn 0.687901 0.089638 -0.720248
vn 0.731522 0.089638 -0.675900
vn 0.694416 0.089638 -0.713969
vn 0.696528 0.089638 -0.711909
vn 0.698848 0.089638 -0.709631
vn 0.701402 0.089638 -0.707107
vn 0.702807 0.089638 -0.705710
vn 0.704260 0.089638 -0.704260
vn 0.705710 0.089638 -0.702807
vn 0.707107 0.089638 -0.701402
vn 0.709631 0.089638 -0.698848
vn 0.711909 0.089638 -0.696528
vn 0.713969 0.089638 -0.694416
vn 0.720248 0.089638 -0.687901
vn 0.728808 0.089638 -0.678825
vn 0.740283 0.089638 -0.666292
vn 0.754051 0.089638 -0.650671
vn 0.770703 0.089638 -0.630858
vn 0.847610 0.089638 -0.522993
vn 0.785063 0.089638 -0.612896
vn 0.900299 0.089638 -0.425941
vn 0.932206 0.089638 -0.350654
vn 0.971761 0.089638 -0.218277
vn 0.982164 0.089638 -0.165285
vn 0.995974 0.089638 -0.000000
vn 0.995629 0.089638 0.026224
vn 0.971761 0.089638 0.218277
vn 0.972101 0.089638 0.216759
vn 0.912454 0.089638 0.399240
vn 0.900299 0.089638 0.425941
vn 0.818904 0.089638 0.566888
vn 0.785063 0.089638 0.612896
vn 0.770703 0.089638 0.630858
vn 0.754051 0.089638 0.650671
vn 0.740283 0.089638 0.666292
vn 0.728808 0.089638 0.678825
vn 0.694927 0.089638 0.713472
vn 0.720248 0.089638 0.687901
vn 0.713969 0.089638 0.694416
vn 0.711909 0.089638 0.696528
vn 0.709631 0.089638 0.698848
vn 0.707107 0.089638 0.701402
vn 0.705710 0.089638 0.702807
vn 0.704260 0.089638 0.704260
vn 0.702807 0.089638 0.705710
vn 0.701402 0.089638 0.707107
vn 0.698848 0.089638 0.709631
vn 0.696528 0.089638 0.711909
vn 0.694416 0.089638 0.713969
vn 0.687901 0.089638 0.720248
vn 0.678825 0.089638 0.728808
vn 0.666292 0.089638 0.740283
vn 0.650671 0.089638 0.754051
vn -0.995974 0.089638 0.000000
vn -0.982164 0.089638 -0.165285
vn -0.971761 0.089638 -0.218277
vn -0.932206 0.089638 -0.350654
vn -0.900299 0.089638 -0.425941
vn -0.847610 0.089638 -0.522993
vn -0.785063 0.089638 -0.612896
vn -0.770703 0.089638 -0.630858
vn -0.754051 0.089638 -0.650671
vn -0.740283 0.089638 -0.666292
vn -0.731522 0.089638 -0.675900
vn -0.728808 0.089638 -0.678825
vn -0.720248 0.089638 -0.687901
vn -0.713969 0.089638 -0.694416
vn -0.711909 0.089638 -0.696528
vn -0.709631 0.089638 -0.698848
vn -0.707107 0.089638 -0.701402
vn -0.705710 0.089638 -0.702807
vn -0.704260 0.089638 -0.704260
vn -0.702807 0.089638 -0.705710
vn -0.701402 0.089638 -0.707107
vn -0.698848 0.089638 -0.709631
vn -0.696528 0.089638 -0.711909
vn -0.694416 0.089638 -0.713969
vn -0.687901 0.089638 -0.720248
vn -0.588253 0.089638 -0.803694
vn -0.678825 0.089638 -0.728808
vn -0.666292 0.089638 -0.740283
vn -0.650671 0.089638 -0.754051
vn -0.630858 0.089638 -0.770703
vn -0.612896 0.089638 -0.785063
vn -0.439337 0.089638 -0.893839
vn -0.423127 0.089638 -0.901626
vn -0.247197 0.089638 -0.964810
vn -0.242279 0.089638 -0.966057
vn -0.048375 0.089638 -0.994799
vn -0.052430 0.089638 -0.994593
vn -0.052430 0.089638 -0.994593
vn -0.039330 0.089638 -0.995198
vn -0.034962 0.089638 -0.995361
vn -0.026224 0.089638 -0.995629
vn -0.017484 0.089638 -0.995821
vn -0.013113 0.089638 -0.995888
vn -0.044602 0.089638 -0.994975
vn -0.899550 0.000000 -0.436818
vn -0.999459 0.000000 -0.032880
vn -0.979149 0.000000 -0.203144
vn -0.999079 0.000000 0.042911
vn -0.999079 0.000000 0.042911
vn -0.958125 0.000000 0.286350
vn -0.958125 0.000000 0.286350
vn -0.858783 0.000000 0.512339
vn -0.858783 0.000000 0.512339
vn -0.707107 0.000000 0.707107
vn -0.707107 0.000000 0.707107
vn -0.512339 0.000000 0.858783
vn -0.512339 0.000000 0.858783
vn -0.286350 0.000000 0.958125
vn -0.286350 0.000000 0.958125
vn -0.042911 0.000000 0.999079
vn -0.042911 0.000000 0.999079
vn 0.032880 -0.000000 0.999459
vn -0.229271 0.000000 0.973363
vn -0.393319 0.000000 0.919402
vn -0.508160 0.000000 0.861263
vn -0.583961 0.000000 0.811782
vn -0.634988 0.000000 0.772522
vn -0.650961 0.000000 0.759112
vn -0.668189 0.000000 0.743992
vn -0.686773 0.000000 0.726872
vn -0.696831 0.000000 0.717235
vn -0.707107 0.000000 0.707107
vn -0.717235 0.000000 0.696831
vn -0.726872 0.000000 0.686773
vn -0.743992 0.000000 0.668189
vn -0.759112 0.000000 0.650961
vn -0.772522 0.000000 0.634988
vn -0.811782 0.000000 0.583961
vn -0.861263 0.000000 0.508160
vn -0.919402 0.000000 0.393319
vn -0.973363 0.000000 0.229271
vn 0.436818 -0.000000 0.899550
vn 0.203144 -0.000000 0.979149
vn 0.436818 -0.000000 -0.899550
vn 0.032881 -0.000000 -0.999459
vn 0.203144 -0.000000 -0.979149
vn -0.042911 0.000000 -0.999079
vn -0.042911 0.000000 -0.999079
vn -0.286350 0.000000 -0.958125
vn -0.286350 0.000000 -0.958125
vn -0.512339 0.000000 -0.858783
vn -0.512339 0.000000 -0.858783
vn -0.707107 0.000000 -0.707107
vn -0.707107 0.000000 -0.707107
vn -0.858783 0.000000 -0.512339
vn -0.858783 0.000000 -0.512339
vn -0.958125 0.000000 -0.286350
vn -0.958125 0.000000 -0.286350
vn -0.999079 0.000000 -0.042911
vn -0.999079 0.000000 -0.042911
vn -0.999459 0.000000 0.032881
vn -0.973363 0.000000 -0.229271
vn -0.919402 0.000000 -0.393319
vn -0.861263 0.000000 -0.508160
vn -0.811782 0.000000 -0.583961
vn -0.772522 0.000000 -0.634988
vn -0.759112 0.000000 -0.650960
vn -0.743992 0.000000 -0.668189
vn -0.726872 0.000000 -0.686773
vn -0.717235 0.000000 -0.696831
vn -0.707107 0.000000 -0.707107
vn -0.696831 0.000000 -0.717235
vn -0.686773 0.000000 -0.726872
vn -0.668189 0.000000 -0.743992
vn -0.650960 0.000000 -0.759112
vn -0.634988 0.000000 -0.772522
vn -0.583961 0.000000 -0.811782
vn -0.508160 0.000000 -0.861263
vn -0.393319 0.000000 -0.919402
vn -0.229271 0.000000 -0.973363
vn -0.899550 0.000000 0.436818
vn -0.979149 0.000000 0.203144
vn -0.436818 0.000000 0.899550
vn -0.032880 0.000000 0.999459
vn -0.203144 0.000000 0.979149
vn 0.042911 -0.000000 0.999079
vn 0.042911 -0.000000 0.999079
vn 0.286350 -0.000000 0.958125
vn 0.286350 -0.000000 0.958125
vn 0.512339 -0.000000 0.858783
vn 0.512339 -0.000000 0.858783
vn 0.707107 -0.000000 0.707107
vn 0.707107 -0.000000 0.707107
vn 0.858783 -0.000000 0.512339
vn 0.858783 -0.000000 0.512339
vn 0.958125 -0.000000 0.286350
vn 0.958125 -0.000000 0.286350
vn 0.999079 -0.000000 0.042911
vn 0.999079 -0.000000 0.042911
vn 0.999459 -0.000000 -0.032880
vn 0.973363 -0.000000 0.229271
vn 0.919402 -0.000000 0.393319
vn 0.861263 -0.000000 0.508160
vn 0.811782 -0.000000 0.583961
vn 0.772522 -0.000000 0.634988
vn 0.759112 -0.000000 0.650961
vn 0.743992 -0.000000 0.668189
vn 0.726872 -0.000000 0.686773
vn 0.717235 -0.000000 0.696831
vn 0.707107 -0.000000 0.707107
vn 0.696831 -0.000000 0.717235
vn 0.686773 -0.000000 0.726872
vn 0.668189 -0.000000 0.743992
vn 0.650961 -0.000000 0.759112
vn 0.634988 -0.000000 0.772522
vn 0.583961 -0.000000 0.811782
vn 0.508160 -0.000000 0.861263
vn 0.393319 -0.000000 0.919402
vn 0.229271 -0.000000 0.973363
vn 0.899550 -0.000000 -0.436818
vn 0.979149 -0.000000 -0.203144
vn 0.899550 -0.000000 0.436818
vn 0.999459 -0.000000 0.032880
vn 0.979149 -0.000000 0.203144
vn 0.999079 -0.000000 -0.042911
vn 0.999079 -0.000000 -0.042911
vn 0.958125 -0.000000 -0.286350
vn 0.958125 -0.000000 -0.286350
vn 0.858783 -0.000000 -0.512339
vn 0.858783 -0.000000 -0.512339
vn 0.707107 -0.000000 -0.707107
vn 0.707107 -0.000000 -0.707107
vn 0.512339 -0.000000 -0.858783
vn 0.512339 -0.000000 -0.858783
vn 0.286350 -0.000000 -0.958125
vn 0.286350 -0.000000 -0.958125
vn 0.042911 -0.000000 -0.999079
vn 0.042911 -0.000000 -0.999079
vn -0.032880 0.000000 -0.999459
vn 0.229271 -0.000000 -0.973363
vn 0.393319 -0.000000 -0.919402
vn 0.508160 -0.000000 -0.861263
vn 0.583961 -0.000000 -0.811782
vn 0.634988 -0.000000 -0.772522
vn 0.650961 -0.000000 -0.759112
vn 0.668189 -0.000000 -0.743992
vn 0.686773 -0.000000 -0.726872
vn 0.696831 -0.000000 -0.717235
vn 0.707107 -0.000000 -0.707107
vn 0.717235 -0.000000 -0.696831
vn 0.726872 -0.000000 -0.686773
vn 0.743992 -0.000000 -0.668189
vn 0.759112 -0.000000 -0.650961
vn 0.772522 -0.000000 -0.634988
vn 0.811782 -0.000000 -0.583961
vn 0.861263 -0.000000 -0.508160
vn 0.919402 -0.000000 -0.393319
vn 0.973363 -0.000000 -0.229271
vn -0.436818 0.000000 -0.899550
vn -0.203144 0.000000 -0.979149
vn -0.000000 -1.000000 -0.000000
vn -0.000000 -1.000000 -0.000000
vn -0.000000 -1.000000 -0.000000
vn -0.000000 -1.000000 -0.000000
vn -0.000000 -1.000000 -0.000000
vn -0.000000 -1.000000 -0.000000
vn -0.000000 -1.000000 -0.000000
vn -0.000000 -1.000000 -0.000000
vn -0.000000 -1.000000 -0.000000
vn -0.000000 -1.000000 -0.000000
vn -0.000000 -1.000000 -0.000000
vn -0.000000 -1.000000 -0.000000
vn -0.000000 -1.000000 -0.000000
vn -0.000000 -1.000000 -0.000000
vn -0.000000 -1.000000 -0.000000
vn -0.000000 -1.000000 -0.000000
vn -0.000000 -1.000000 -0.000000
vn -0.000000 -1.000000 -0.000000
vn -0.000000 -1.000000 -0.000000
vn -0.000000 -1.000000 -0.000000
vn -0.000000 -1.000000 -0.000000
vn -0.000000 -1.000000 -0.000000
vn -0.000000 -1.000000 -0.000000
vn -0.000000 -1.000000 -0.000000
vn -0.000000 -1.000000 -0.000000
vn -0.000000 -1.000000 -0.000000
vn -0.000000 -1.000000 -0.000000
vn -0.000000 -1.000000 -0.000000
vn -0.000000 -1.000000 -0.000000
vn -0.000000 -1.000000 -0.000000
vn -0.000000 -1.000000 -0.000000
vn -0.000000 -1.000000 -0.000000
vn -0.000000 -1.000000 -0.000000
vn -0.000000 -1.000000 -0.000000
vn -0.000000 -1.000000 -0.000000
vn -0.000000 -1.000000 -0.000000
vn -0.000000 -1.000000 -0.000000
vn -0.000000 -1.000000 -0.000000
vn -0.000000 -1.000000 -0.000000
vn -0.000000 -1.000000 -0.000000
vn -0.000000 -1.000000 -0.000000
vn -0.000000 -1.000000 -0.000000
vn -0.000000 -1.000000 -0.000000
vn -0.000000 -1.000000 -0.000000
vn -0.000000 -1.000000 -0.000000
vn -0.000000 -1.000000 -0.000000
vn -0.000000 -1.000000 -0.000000
vn -0.000000 -1.000000 -0.000000
vn -0.000000 -1.000000 -0.000000
vn -0.000000 -1.000000 -0.000000
vn -0.000000 -1.000000 -0.000000
vn -0.000000 -1.000000 -0.000000
vn -0.000000 -1.000000 -0.000000
vn -0.000000 -1.000000 -0.000000
vn -0.000000 -1.000000 -0.000000
vn -0.000000 -1.000000 -0.000000
vn -0.000000 -1.000000 -0.000000
vn -0.000000 -1.000000 -0.000000
vn -0.000000 -1.000000 -0.000000
vn -0.000000 -1.000000 -0.000000
vn -0.000000 -1.000000 -0.000000
vn -0.000000 -1.000000 -0.000000
vn -0.000000 -1.000000 -0.000000
vn -0.000000 -1.000000 -0.000000
vn -0.000000 -1.000000 -0.000000
vn -0.000000 -1.000000 -0.000000
vn -0.000000 -1.000000 -0.000000
vn 0.000000 0.995974 0.089638
vn 0.000000 0.995974 0.089638
vn 0.000000 0.995974 0.089638
vn 0.000000 0.995974 0.089638
vn 0.000000 0.995974 0.089638
vn 0.000000 1.000000 0.000000
vn 0.000000 1.000000 0.000000
vn 0.000000 1.000000 0.000000
vn 0.000000 1.000000 0.000000
vn 0.000000 1.000000 0.000000
vn 0.000000 0.995974 0.089638
vn 0.000000 0.995974 0.089638
vn 0.000000 0.995974 0.089638
vn 0.000000 0.995974 0.089638
vn -0.999983 0.000000 -0.005865
vn -0.999983 0.000000 -0.005865
vn -0.999983 0.000000 -0.005865
vn -0.999983 0.000000 -0.005865
vn -0.999983 0.000000 -0.005865
vn -0.999983 0.000000 -0.005865
vn -0.999983 0.000000 -0.005865
vn -0.999983 0.000000 -0.005865
vn -0.999983 0.000000 -0.005865
vn -0.999983 0.000000 -0.005865
vn -0.999983 0.000000 -0.005865
vn -0.999983 0.000000 -0.005865
vn -0.999983 0.000000 -0.005865
vn -0.999983 0.000000 -0.005865
vn -0.999983 0.000000 -0.005865
vn -0.999983 0.000000 -0.005865
vn -0.999983 0.000000 -0.005865
vn -0.999983 0.000000 -0.005865
vn -0.999983 0.000000 -0.005865
vn -0.999983 0.000000 -0.005865
vn 0.999983 -0.000000 -0.005865
vn 0.999983 -0.000000 -0.005865
vn 0.999983 -0.000000 -0.005865
vn 0.999983 -0.000000 -0.005865
vn 0.999983 -0.000000 -0.005865
vn 0.999983 -0.000000 -0.005865
vn 0.999983 -0.000000 -0.005865
vn 0.999983 -0.000000 -0.005865
vn 0.999983 -0.000000 -0.005865
vn 0.999983 -0.000000 -0.005865
vn 0.999983 -0.000000 -0.005865
vn 0.999983 -0.000000 -0.005865
vn 0.999983 -0.000000 -0.005865
vn 0.999983 -0.000000 -0.005865
vn 0.999983 -0.000000 -0.005865
vn 0.999983 -0.000000 -0.005865
vn 0.999983 -0.000000 -0.005865
vn 0.999983 -0.000000 -0.005865
vn 0.999983 -0.000000 -0.005865
vn 0.999983 -0.000000 -0.005865
vn 0.000000 0.992646 0.121054
vn 0.000000 0.992646 0.121054
vn 0.000000 0.992646 0.121054
vn 0.000000 0.992646 0.121054
vn -0.000000 -0.884355 -0.466815
vn -0.000000 -0.884355 -0.466815
vn -0.000000 -0.884355 -0.466815
vn -0.000000 -0.884355 -0.466815
vn 0.000000 1.000000 0.000000
vn 0.000000 1.000000 0.000000
vn 0.000000 1.000000 0.000000
vn 0.000000 1.000000 0.000000
vn 0.000000 1.000000 0.000000
vn 0.000000 1.000000 0.000000
vn 0.000000 1.000000 0.000000
vn 0.000000 1.000000 0.000000
vn 0.000000 1.000000 0.000000
vn 0.000000 1.000000 0.000000
vn 0.000000 1.000000 0.000000
vn 0.000000 1.000000 0.000000
vn 0.000000 1.000000 0.000000
vn 0.000000 1.000000 0.000000
vn 0.000000 1.000000 0.000000
vn 0.000000 1.000000 0.000000
vn 0.000000 1.000000 0.000000
vn 0.000000 1.000000 0.000000
vn 0.000000 1.000000 0.000000
vn 0.000000 1.000000 0.000000
vn 0.000000 1.000000 0.000000
vn 0.000000 1.000000 0.000000
vn 0.000000 1.000000 0.000000
vn 0.000000 1.000000 0.000000
vn 0.000000 1.000000 0.000000
vn 0.000000 1.000000 0.000000
vn 0.000000 1.000000 0.000000
vn 0.000000 1.000000 0.000000
vn 0.000000 1.000000 0.000000
vn 0.000000 1.000000 0.000000
vn 0.000000 1.000000 0.000000
vn 0.000000 1.000000 0.000000
vn 0.000000 1.000000 0.000000
vn 0.000000 1.000000 0.000000
vn 0.000000 1.000000 0.000000
vn 0.000000 1.000000 0.000000
vn 0.000000 1.000000 0.000000
vn 0.000000 -0.000000 1.000000
vn 0.000000 -0.000000 1.000000
vn 0.000000 -0.000000 1.000000
vn 0.000000 -0.000000 1.000000
vn 0.000000 -0.000000 1.000000
vn 0.000000 -0.000000 1.000000
vn 0.000000 -0.000000 1.000000
vn 0.000000 -0.000000 1.000000
vn 0.000000 -0.000000 1.000000
vn 0.000000 -0.000000 1.000000
vn 0.000000 -0.000000 1.000000
vn 0.000000 -0.000000 1.000000
vn 0.000000 -0.000000 1.000000
vn 0.000000 -0.000000 1.000000
vn 0.000000 -0.000000 1.000000
vn 0.000000 -0.000000 1.000000
vn 0.000000 -0.000000 1.000000
vn 0.000000 -0.000000 1.000000
vn 0.000000 -0.000000 1.000000
vn 0.000000 -0.000000 1.000000
vn 0.000000 -0.000000 1.000000
vn 0.000000 -0.000000 1.000000
vn 0.000000 -0.000000 1.000000
vn 0.000000 -0.000000 1.000000
vn 0.000000 -0.000000 1.000000
vn 0.000000 -0.000000 1.000000
vn 0.000000 -0.000000 1.000000
vn 0.000000 -0.000000 1.000000
vn 0.000000 -0.000000 1.000000
vn 0.000000 -0.000000 1.000000
vn 0.000000 -0.000000 1.000000
vn 0.000000 -0.000000 1.000000
vn 0.000000 -0.000000 1.000000
vn 0.000000 -0.000000 1.000000
vn 0.000000 -0.000000 1.000000
vn 0.000000 -0.000000 1.000000
vn 0.000000 -0.000000 1.000000
vn 0.000000 -0.000000 1.000000
vn 0.000000 -0.000000 1.000000
vn 0.000000 -0.000000 1.000000
vn 0.000000 -0.000000 1.000000
vn 0.000000 -0.000000 1.000000
vn 0.000000 -0.000000 1.000000
vn 0.000000 -0.000000 1.000000
vn 0.000000 -0.000000 1.000000
vn 0.000000 -0.000000 1.000000
vn 0.000000 -0.000000 1.000000
vn 0.000000 -0.000000 1.000000
vn 0.258819 0.965926 0.000000
vn 0.052040 0.998645 0.000000
vn 0.000000 1.000000 0.000000
vn -0.142185 0.989840 0.000000
vn -0.258819 0.965926 0.000000
vn -0.336703 0.941611 0.000000
vn -0.500000 0.866025 0.000000
vn -0.518042 0.855355 0.000000
vn -0.674546 0.738233 0.000000
vn 0.500000 0.866025 0.000000
vn 0.436935 0.899493 0.000000
vn 0.247917 0.968781 0.000000
vn 0.606170 0.795335 0.000000
vn 0.707107 0.707107 0.000000
vn 0.746892 0.664945 0.000000
vn 0.866025 0.500000 -0.000000
vn 0.863123 0.504994 -0.000000
vn 0.946878 0.321592 -0.000000
vn 0.965926 0.258819 -0.000000
vn 0.991855 0.127372 -0.000000
vn 1.000000 -0.000000 -0.000000
vn 0.997854 -0.065480 -0.000000
vn 0.965926 -0.258819 -0.000000
vn 0.965896 -0.258930 -0.000000
vn 0.896640 -0.442761 -0.000000
vn 0.866025 -0.500000 -0.000000
vn 0.794915 -0.606720 -0.000000
vn 0.707107 -0.707107 -0.000000
vn 0.668287 -0.743903 -0.000000
vn 0.500000 -0.866025 -0.000000
vn 0.513103 -0.858327 -0.000000
vn 0.334077 -0.942546 -0.000000
vn 0.258819 -0.965926 -0.000000
vn 0.141599 -0.989924 -0.000000
vn -0.000000 -1.000000 -0.000000
vn -0.051952 -0.998650 -0.000000
vn -0.258819 -0.965926 -0.000000
vn -0.246338 -0.969184 -0.000000
vn -0.433014 -0.901387 -0.000000
vn -0.500000 -0.866025 -0.000000
vn -0.600327 -0.799755 -0.000000
vn -0.707107 -0.707107 -0.000000
vn -0.739453 -0.673208 -0.000000
vn -0.866025 -0.500000 0.000000
vn -0.853367 -0.521311 0.000000
vn -0.938423 -0.345489 0.000000
vn -0.965926 -0.258819 0.000000
vn -0.987909 -0.155034 0.000000
vn -1.000000 0.000000 0.000000
vn -0.999259 0.038492 0.000000
vn -0.965926 0.258819 0.000000
vn -0.972579 0.232572 0.000000
vn -0.906258 0.422725 0.000000
vn -0.866025 0.500000 0.000000
vn -0.803826 0.594864 0.000000
vn -0.707107 0.707107 0.000000
vn -0.258819 0.965926 0.000000
vn -0.258819 0.965926 0.000000
vn 0.000000 1.000000 0.000000
vn 0.000000 1.000000 0.000000
vn 0.258819 0.965926 0.000000
vn 0.258819 0.965926 0.000000
vn 0.500000 0.866025 0.000000
vn 0.500000 0.866025 0.000000
vn 0.707107 0.707107 0.000000
vn 0.707107 0.707107 0.000000
vn 0.866025 0.500000 -0.000000
vn 0.866025 0.500000 -0.000000
vn 0.965926 0.258819 -0.000000
vn 0.965926 0.258819 -0.000000
vn 1.000000 -0.000000 -0.000000
vn 1.000000 -0.000000 -0.000000
vn 0.965926 -0.258819 -0.000000
vn 0.965926 -0.258819 -0.000000
vn 0.866025 -0.500000 -0.000000
vn 0.866025 -0.500000 -0.000000
vn 0.707107 -0.707107 -0.000000
vn 0.707107 -0.707107 -0.000000
vn 0.500000 -0.866025 -0.000000
vn 0.500000 -0.866025 -0.000000
vn 0.258819 -0.965926 -0.000000
vn 0.258819 -0.965926 -0.000000
vn -0.000000 -1.000000 -0.000000
vn -0.000000 -1.000000 -0.000000
vn -0.258819 -0.965926 -0.000000
vn -0.258819 -0.965926 -0.000000
vn -0.500000 -0.866025 -0.000000
vn -0.500000 -0.866025 -0.000000
vn -0.707107 -0.707107 -0.000000
vn -0.707107 -0.707107 -0.000000
vn -0.866025 -0.500000 0.000000
vn -0.866025 -0.500000 0.000000
vn -0.965926 -0.258819 0.000000
vn -0.965926 -0.258819 0.000000
vn -1.000000 0.000000 0.000000
vn -1.000000 0.000000 0.000000
vn -0.965926 0.258819 0.000000
vn -0.965926 0.258819 0.000000
vn -0.866025 0.500000 0.000000
vn -0.866025 0.500000 0.000000
vn -0.707107 0.707107 0.000000
vn -0.707107 0.707107 0.000000
vn -0.500000 0.866025 0.000000
vn -0.500000 0.866025 0.000000
vn 0.258819 0.965926 0.000000
vn 0.258819 0.965926 0.000000
vn 0.000000 1.000000 0.000000
vn 0.000000 1.000000 0.000000
vn -0.258819 0.965926 0.000000
vn -0.258819 0.965926 0.000000
vn -0.500000 0.866025 0.000000
vn -0.500000 0.866025 0.000000
vn -0.707107 0.707107 0.000000
vn -0.707107 0.707107 0.000000
vn -0.866025 0.500000 0.000000
vn -0.866025 0.500000 0.000000
vn -0.965926 0.258819 0.000000
vn -0.965926 0.258819 0.000000
vn -1.000000 0.000000 0.000000
vn -1.000000 0.000000 0.000000
vn -0.965926 -0.258819 0.000000
vn -0.965926 -0.258819 0.000000
vn -0.866025 -0.500000 0.000000
vn -0.866025 -0.500000 0.000000
vn -0.707107 -0.707107 -0.000000
vn -0.707107 -0.707107 -0.000000
vn -0.500000 -0.866025 -0.000000
vn -0.500000 -0.866025 -0.000000
vn -0.258819 -0.965926 -0.000000
vn -0.258819 -0.965926 -0.000000
vn -0.000000 -1.000000 -0.000000
vn -0.000000 -1.000000 -0.000000
vn 0.258819 -0.965926 -0.000000
vn 0.258819 -0.965926 -0.000000
vn 0.500000 -0.866025 -0.000000
vn 0.500000 -0.866025 -0.000000
vn 0.707107 -0.707107 -0.000000
vn 0.707107 -0.707107 -0.000000
vn 0.866025 -0.500000 -0.000000
vn 0.866025 -0.500000 -0.000000
vn 0.965926 -0.258819 -0.000000
vn 0.965926 -0.258819 -0.000000
vn 1.000000 -0.000000 -0.000000
vn 1.000000 -0.000000 -0.000000
vn 0.965926 0.258819 -0.000000
vn 0.965926 0.258819 -0.000000
vn 0.866025 0.500000 -0.000000
vn 0.866025 0.500000 -0.000000
vn 0.707107 0.707107 0.000000
vn 0.707107 0.707107 0.000000
vn 0.500000 0.866025 0.000000
vn 0.500000 0.866025 0.000000
vn 0.000000 1.000000 0.000000
vn 0.258819 0.965926 0.000000
vn 0.500000 0.866025 0.000000
vn 0.707107 0.707107 0.000000
vn 0.866025 0.500000 -0.000000
vn 0.965926 0.258819 -0.000000
vn 1.000000 -0.000000 -0.000000
vn 0.965926 -0.258819 -0.000000
vn 0.866025 -0.500000 -0.000000
vn 0.707107 -0.707107 -0.000000
vn 0.500000 -0.866025 -0.000000
vn 0.258819 -0.965926 -0.000000
vn -0.000000 -1.000000 -0.000000
vn -0.258819 -0.965926 -0.000000
vn -0.500000 -0.866025 -0.000000
vn -0.707107 -0.707107 -0.000000
vn -0.866025 -0.500000 0.000000
vn -0.965926 -0.258819 0.000000
vn -1.000000 0.000000 0.000000
vn -0.965926 0.258819 0.000000
vn -0.866025 0.500000 0.000000
vn -0.707107 0.707107 0.000000
vn -0.500000 0.866025 0.000000
vn -0.258819 0.965926 0.000000
vn 0.000000 1.000000 0.000000
vn 0.258819 0.965926 0.000000
vn 0.500000 0.866025 0.000000
vn 0.707107 0.707107 0.000000
vn 0.866025 0.500000 -0.000000
vn 0.965926 0.258819 -0.000000
vn 1.000000 -0.000000 -0.000000
vn 0.965926 -0.258819 -0.000000
vn 0.866025 -0.500000 -0.000000
vn 0.707107 -0.707107 -0.000000
vn 0.500000 -0.866025 -0.000000
vn 0.258819 -0.965926 -0.000000
vn -0.000000 -1.000000 -0.000000
vn -0.258819 -0.965926 -0.000000
vn -0.500000 -0.866025 -0.000000
vn -0.707107 -0.707107 -0.000000
vn -0.866025 -0.500000 0.000000
vn -0.965926 -0.258819 0.000000
vn -1.000000 0.000000 0.000000
vn -0.965926 0.258819 0.000000
vn -0.866025 0.500000 0.000000
vn -0.707107 0.707107 0.000000
vn -0.500000 0.866025 0.000000
vn -0.258819 0.965926 0.000000
vn 0.000000 1.000000 0.000000
vn 0.258819 0.965926 0.000000
vn 0.500000 0.866025 0.000000
vn 0.707107 0.707107 0.000000
vn 0.866025 0.500000 -0.000000
vn 0.965926 0.258819 -0.000000
vn 1.000000 -0.000000 -0.000000
vn 0.965926 -0.258819 -0.000000
vn 0.866025 -0.500000 -0.000000
vn 0.707107 -0.707107 -0.000000
vn 0.500000 -0.866025 -0.000000
vn 0.258819 -0.965926 -0.000000
vn -0.000000 -1.000000 -0.000000
vn -0.258819 -0.965926 -0.000000
vn -0.500000 -0.866025 -0.000000
vn -0.707107 -0.707107 -0.000000
vn -0.866025 -0.500000 0.000000
vn -0.965926 -0.258819 0.000000
vn -1.000000 0.000000 0.000000
vn -0.965926 0.258819 0.000000
vn -0.866025 0.500000 0.000000
vn -0.707107 0.707107 0.000000
vn -0.500000 0.866025 0.000000
vn -0.258819 0.965926 0.000000
vn 0.000000 -0.000000 1.000000
vn 0.000000 -0.000000 1.000000
vn 0.000000 -0.000000 1.000000
vn 0.000000 -0.000000 1.000000
vn 0.000000 -0.000000 1.000000
vn 0.000000 -0.000000 1.000000
vn 0.000000 -0.000000 1.000000
vn 0.000000 -0.000000 1.000000
vn 0.000000 -0.000000 1.000000
vn 0.000000 -0.000000 1.000000
vn 0.000000 -0.000000 1.000000
vn 0.000000 -0.000000 1.000000
vn 0.000000 -0.000000 1.000000
vn 0.000000 -0.000000 1.000000
vn 0.000000 -0.000000 1.000000
vn 0.000000 -0.000000 1.000000
vn 0.000000 -0.000000 1.000000
vn 0.000000 -0.000000 1.000000
vn 0.000000 -0.000000 1.000000
vn 0.000000 -0.000000 1.000000
vn 0.000000 -0.000000 1.000000
vn 0.000000 -0.000000 1.000000
vn 0.000000 -0.000000 1.000000
vn 0.000000 -0.000000 1.000000
vn -0.000000 0.000000 -1.000000
vn -0.000000 0.000000 -1.000000
vn 0.000000 0.239388 -0.970924
vn 0.000000 0.239388 -0.970924
vn 0.000000 0.464855 -0.885387
vn 0.000000 0.464855 -0.885387
vn 0.000000 0.663290 -0.748363
vn 0.000000 0.663290 -0.748363
vn 0.000000 0.823153 -0.567819
vn 0.000000 0.823153 -0.567819
vn 0.000000 0.935148 -0.354257
vn 0.000000 0.935148 -0.354257
vn 0.000000 0.992763 -0.120093
vn 0.000000 0.992763 -0.120093
vn -0.000000 -0.000000 -1.000000
vn -0.000000 -0.000000 -1.000000
vn -0.000000 -0.763095 -0.646286
vn -0.000000 -0.763095 -0.646286
vn -0.000000 -0.606035 -0.795438
vn -0.000000 -0.606035 -0.795438
vn -0.000000 -0.420543 -0.907272
vn -0.000000 -0.420543 -0.907272
vn -0.000000 -0.215323 -0.976543
vn -0.000000 -0.215323 -0.976543
f 362/666/658 413/667/659 361/668/660
f 361/668/660 413/667/659 414/669/661
f 361/668/660 414/669/661 488/670/662
f 488/670/662 414/669/661 487/671/663
f 487/671/663 414/669/661 486/672/664
f 486/672/664 414/669/661 485/673/665
f 485/673/665 414/669/661 415/674/666
f 485/673/665 415/674/666 484/675/667
f 484/675/667 415/674/666 483/676/668
f 483/676/668 415/674/666 482/677/669
f 482/677/669 415/674/666 481/678/670
f 481/678/670 415/674/666 480/679/671
f 480/679/671 415/674/666 479/680/672
f 479/680/672 415/674/666 478/681/673
f 478/681/673 415/674/666 477/682/674
f 477/682/674 415/674/666 476/683/675
f 476/683/675 415/674/666 475/684/676
f 475/684/676 415/674/666 474/685/677
f 474/685/677 415/674/666 473/686/678
f 473/686/678 415/674/666 472/687/679
f 472/687/679 415/674/666 471/688/680
f 471/688/680 415/674/666 470/689/681
f 470/689/681 415/674/666 416/690/682
f 470/689/681 416/690/682 469/691/683
f 469/691/683 416/690/682 468/692/684
f 468/692/684 416/690/682 467/693/685
f 467/693/685 416/690/682 466/694/686
f 466/694/686 416/690/682 465/695/687
f 465/695/687 416/690/682 417/696/688
f 465/695/687 417/696/688 464/697/689
f 464/697/689 417/696/688 418/698/690
f 464/697/689 418/698/690 419/699/691
f 362/666/658 363/700/692 413/667/659
f 413/667/659 363/700/692 364/701/693
f 413/667/659 364/701/693 365/702/694
f 413/667/659 365/702/694 412/703/695
f 412/703/695 365/702/694 366/704/696
f 412/703/695 366/704/696 367/705/697
f 367/705/697 368/706/698 412/703/695
f 412/703/695 368/706/698 411/707/699
f 411/707/699 368/706/698 369/708/700
f 411/707/699 369/708/700 370/709/701
f 411/707/699 370/709/701 410/710/702
f 410/710/702 370/709/701 371/711/703
f 410/710/702 371/711/703 372/712/704
f 410/710/702 372/712/704 409/713/705
f 409/713/705 372/712/704 373/714/706
f 409/713/705 373/714/706 374/715/707
f 374/715/707 375/716/708 409/713/705
f 409/713/705 375/716/708 376/717/709
f 409/713/705 376/717/709 408/718/710
f 408/718/710 376/717/709 494/719/711
f 408/718/710 494/719/711 495/720/712
f 494/719/711 376/717/709 493/721/713
f 493/721/713 376/717/709 377/722/714
f 493/721/713 377/722/714 378/723/715
f 378/723/715 379/724/716 493/721/713
f 493/721/713 379/724/716 380/725/717
f 493/721/713 380/725/717 381/726/718
f 493/721/713 381/726/718 492/727/719
f 492/727/719 381/726/718 382/728/720
f 492/727/719 382/728/720 383/729/721
f 492/727/719 383/729/721 491/730/722
f 491/730/722 383/729/721 384/731/723
f 491/730/722 384/731/723 385/732/724
f 385/732/724 386/733/725 491/730/722
f 491/730/722 386/733/725 490/734/726
f 490/734/726 386/733/725 387/735/727
f 490/734/726 387/735/727 388/736/728
f 388/736/728 389/737/729 490/734/726
f 490/734/726 389/737/729 489/738/730
f 489/738/730 389/737/729 390/739/731
f 489/738/730 390/739/731 391/740/732
f 391/740/732 392/741/733 489/738/730
f 489/738/730 392/741/733 361/668/660
f 489/738/730 361/668/660 488/670/662
f 393/742/734 394/743/735 551/744/736
f 551/744/736 394/743/735 550/745/737
f 550/745/737 394/743/735 395/746/738
f 550/745/737 395/746/738 549/747/739
f 549/747/739 395/746/738 396/748/740
f 549/747/739 396/748/740 548/749/741
f 548/749/741 396/748/740 546/750/742
f 548/749/741 546/750/742 547/751/743
f 396/748/740 397/752/744 546/750/742
f 546/750/742 397/752/744 545/753/745
f 545/753/745 397/752/744 398/754/746
f 545/753/745 398/754/746 544/755/747
f 544/755/747 398/754/746 543/756/748
f 543/756/748 398/754/746 542/757/749
f 542/757/749 398/754/746 541/758/750
f 541/758/750 398/754/746 540/759/751
f 540/759/751 398/754/746 539/760/752
f 539/760/752 398/754/746 399/761/753
f 539/760/752 399/761/753 538/762/754
f 538/762/754 399/761/753 537/763/755
f 537/763/755 399/761/753 536/764/756
f 536/764/756 399/761/753 535/765/757
f 535/765/757 399/761/753 534/766/758
f 534/766/758 399/761/753 533/767/759
f 533/767/759 399/761/753 532/768/760
f 532/768/760 399/761/753 531/769/761
f 531/769/761 399/761/753 530/770/762
f 530/770/762 399/761/753 529/771/763
f 529/771/763 399/761/753 528/772/764
f 528/772/764 399/761/753 527/773/765
f 527/773/765 399/761/753 526/774/766
f 526/774/766 399/761/753 525/775/767
f 525/775/767 399/761/753 524/776/768
f 524/776/768 399/761/753 523/777/769
f 523/777/769 399/761/753 400/778/770
f 523/777/769 400/778/770 522/779/771
f 522/779/771 400/778/770 521/780/772
f 521/780/772 400/778/770 401/781/773
f 521/780/772 401/781/773 520/782/774
f 520/782/774 401/781/773 402/783/775
f 520/782/774 402/783/775 519/784/776
f 519/784/776 402/783/775 403/785/777
f 519/784/776 403/785/777 518/786/778
f 518/786/778 403/785/777 404/787/779
f 518/786/778 404/787/779 405/788/780
f 518/786/778 405/788/780 517/789/781
f 517/789/781 405/788/780 406/790/782
f 517/789/781 406/790/782 516/791/783
f 516/791/783 406/790/782 515/792/784
f 515/792/784 406/790/782 514/793/785
f 514/793/785 406/790/782 513/794/786
f 513/794/786 406/790/782 512/795/787
f 512/795/787 406/790/782 407/796/788
f 512/795/787 407/796/788 511/797/789
f 511/797/789 407/796/788 510/798/790
f 510/798/790 407/796/788 509/799/791
f 509/799/791 407/796/788 508/800/792
f 508/800/792 407/796/788 507/801/793
f 507/801/793 407/796/788 506/802/794
f 506/802/794 407/796/788 505/803/795
f 505/803/795 407/796/788 504/804/796
f 504/804/796 407/796/788 503/805/797
f 503/805/797 407/796/788 502/806/798
f 502/806/798 407/796/788 501/807/799
f 501/807/799 407/796/788 500/808/800
f 500/808/800 407/796/788 499/809/801
f 499/809/801 407/796/788 498/810/802
f 498/810/802 407/796/788 497/811/803
f 497/811/803 407/796/788 496/812/804
f 496/812/804 407/796/788 495/720/712
f 495/720/712 407/796/788 408/718/710
f 464/697/689 419/699/691 463/813/805
f 463/814/805 419/815/691 420/816/806
f 463/814/805 420/816/806 462/817/807
f 462/817/807 420/816/806 421/818/808
f 462/817/807 421/818/808 461/819/809
f 461/819/809 421/818/808 422/820/810
f 461/819/809 422/820/810 460/821/811
f 460/821/811 422/820/810 459/822/812
f 459/822/812 422/820/810 458/823/813
f 458/823/813 422/820/810 457/824/814
f 457/824/814 422/820/810 423/825/815
f 457/824/814 423/825/815 456/826/816
f 456/826/816 423/825/815 455/827/817
f 455/827/817 423/825/815 454/828/818
f 454/828/818 423/825/815 453/829/819
f 453/829/819 423/825/815 452/830/820
f 452/830/820 423/825/815 451/831/821
f 451/831/821 423/825/815 450/832/822
f 450/832/822 423/825/815 449/833/823
f 449/833/823 423/825/815 448/834/824
f 448/834/824 423/825/815 447/835/825
f 447/835/825 423/825/815 446/836/826
f 446/836/826 423/825/815 445/837/827
f 445/837/827 423/825/815 444/838/828
f 444/838/828 423/825/815 443/839/829
f 443/839/829 423/825/815 424/840/830
f 443/839/829 424/840/830 442/841/831
f 442/841/831 424/840/830 441/842/832
f 441/842/832 424/840/830 440/843/833
f 440/843/833 424/840/830 439/844/834
f 439/844/834 424/840/830 438/845/835
f 438/845/835 424/840/830 437/846/836
f 437/846/836 424/840/830 425/847/837
f 437/846/836 425/847/837 436/848/838
f 436/848/838 425/847/837 426/849/839
f 436/848/838 426/849/839 434/850/840
f 434/850/840 426/849/839 433/851/841
f 433/851/841 426/849/839 427/852/842
f 433/851/841 427/852/842 428/853/843
f 433/851/841 428/853/843 432/854/844
f 432/854/844 428/853/843 429/855/845
f 432/854/844 429/855/845 431/856/846
f 431/856/846 429/855/845 430/857/847
f 431/856/846 430/857/847 393/742/734
f 434/850/840 435/858/848 436/848/838
f 488/859/849 487/860/850 560/861/851
f 560/861/851 487/860/850 559/862/852
f 559/862/852 487/860/850 561/863/853
f 559/862/852 561/863/853 558/864/854
f 558/864/854 561/863/853 562/865/855
f 558/864/854 562/865/855 557/866/856
f 557/866/856 562/865/855 563/867/857
f 557/866/856 563/867/857 556/868/858
f 556/868/858 563/867/857 564/869/859
f 556/868/858 564/869/859 555/870/860
f 555/870/860 564/869/859 565/871/861
f 555/870/860 565/871/861 554/872/862
f 554/872/862 565/871/861 566/873/863
f 554/872/862 566/873/863 553/874/864
f 553/874/864 566/873/863 567/875/865
f 553/874/864 567/875/865 467/876/866
f 467/876/866 567/875/865 468/877/867
f 468/877/867 567/875/865 566/873/863
f 468/877/867 566/873/863 469/878/868
f 469/878/868 566/873/863 565/871/861
f 469/878/868 565/871/861 470/879/869
f 470/879/869 565/871/861 471/880/870
f 471/880/870 565/871/861 564/869/859
f 471/880/870 564/869/859 472/881/871
f 472/881/871 564/869/859 473/882/872
f 473/882/872 564/869/859 474/883/873
f 474/883/873 564/869/859 475/884/874
f 475/884/874 564/869/859 476/885/875
f 476/885/875 564/869/859 477/886/876
f 477/886/876 564/869/859 478/887/877
f 478/887/877 564/869/859 479/888/878
f 479/888/878 564/869/859 480/889/879
f 480/889/879 564/869/859 481/890/880
f 481/890/880 564/869/859 482/891/881
f 482/891/881 564/869/859 563/867/857
f 482/891/881 563/867/857 483/892/882
f 483/892/882 563/867/857 484/893/883
f 484/893/883 563/867/857 485/894/884
f 485/894/884 563/867/857 562/865/855
f 485/894/884 562/865/855 486/895/885
f 486/895/885 562/865/855 561/863/853
f 486/895/885 561/863/853 487/860/850
f 466/896/886 552/897/887 467/876/866
f 467/876/866 552/897/887 553/874/864
f 460/898/888 459/899/889 576/900/890
f 576/900/890 459/899/889 575/901/891
f 575/901/891 459/899/889 577/902/892
f 575/901/891 577/902/892 574/903/893
f 574/903/893 577/902/892 578/904/894
f 574/903/893 578/904/894 573/905/895
f 573/905/895 578/904/894 579/906/896
f 573/905/895 579/906/896 572/907/897
f 572/907/897 579/906/896 580/908/898
f 572/907/897 580/908/898 571/909/899
f 571/909/899 580/908/898 581/910/900
f 571/909/899 581/910/900 570/911/901
f 570/911/901 581/910/900 582/912/902
f 570/911/901 582/912/902 569/913/903
f 569/913/903 582/912/902 583/914/904
f 569/913/903 583/914/904 439/915/905
f 439/915/905 583/914/904 440/916/906
f 440/916/906 583/914/904 582/912/902
f 440/916/906 582/912/902 441/917/907
f 441/917/907 582/912/902 581/910/900
f 441/917/907 581/910/900 442/918/908
f 442/918/908 581/910/900 443/919/909
f 443/919/909 581/910/900 580/908/898
f 443/919/909 580/908/898 444/920/910
f 444/920/910 580/908/898 445/921/911
f 445/921/911 580/908/898 446/922/912
f 446/922/912 580/908/898 447/923/913
f 447/923/913 580/908/898 448/924/914
f 448/924/914 580/908/898 449/925/915
f 449/925/915 580/908/898 450/926/916
f 450/926/916 580/908/898 451/927/917
f 451/927/917 580/908/898 452/928/918
f 452/928/918 580/908/898 453/929/919
f 453/929/919 580/908/898 454/930/920
f 454/930/920 580/908/898 579/906/896
f 454/930/920 579/906/896 455/931/921
f 455/931/921 579/906/896 456/932/922
f 456/932/922 579/906/896 457/933/923
f 457/933/923 579/906/896 578/904/894
f 457/933/923 578/904/894 458/934/924
f 458/934/924 578/904/894 577/902/892
f 458/934/924 577/902/892 459/899/889
f 438/935/925 568/936/926 439/915/905
f 439/915/905 568/936/926 569/913/903
f 516/937/927 515/938/928 592/939/929
f 592/939/929 515/938/928 591/940/930
f 591/940/930 515/938/928 593/941/931
f 591/940/930 593/941/931 590/942/932
f 590/942/932 593/941/931 594/943/933
f 590/942/932 594/943/933 589/944/934
f 589/944/934 594/943/933 595/945/935
f 589/944/934 595/945/935 588/946/936
f 588/946/936 595/945/935 596/947/937
f 588/946/936 596/947/937 587/948/938
f 587/948/938 596/947/937 597/949/939
f 587/948/938 597/949/939 586/950/940
f 586/950/940 597/949/939 598/951/941
f 586/950/940 598/951/941 585/952/942
f 585/952/942 598/951/941 599/953/943
f 585/952/942 599/953/943 495/954/944
f 495/954/944 599/953/943 496/955/945
f 496/955/945 599/953/943 598/951/941
f 496/955/945 598/951/941 497/956/946
f 497/956/946 598/951/941 597/949/939
f 497/956/946 597/949/939 498/957/947
f 498/957/947 597/949/939 499/958/948
f 499/958/948 597/949/939 596/947/937
f 499/958/948 596/947/937 500/959/949
f 500/959/949 596/947/937 501/960/950
f 501/960/950 596/947/937 502/961/951
f 502/961/951 596/947/937 503/962/952
f 503/962/952 596/947/937 504/963/953
f 504/963/953 596/947/937 505/964/954
f 505/964/954 596/947/937 506/965/955
f 506/965/955 596/947/937 507/966/956
f 507/966/956 596/947/937 508/967/957
f 508/967/957 596/947/937 509/968/958
f 509/968/958 596/947/937 510/969/959
f 510/969/959 596/947/937 595/945/935
f 510/969/959 595/945/935 511/970/960
f 511/970/960 595/945/935 512/971/961
f 512/971/961 595/945/935 513/972/962
f 513/972/962 595/945/935 594/943/933
f 513/972/962 594/943/933 514/973/963
f 514/973/963 594/943/933 593/941/931
f 514/973/963 593/941/931 515/938/928
f 494/974/964 584/975/965 495/954/944
f 495/954/944 584/975/965 585/952/942
f 544/976/966 543/977/967 608/978/968
f 608/978/968 543/977/967 607/979/969
f 607/979/969 543/977/967 609/980/970
f 607/979/969 609/980/970 606/981/971
f 606/981/971 609/980/970 610/982/972
f 606/981/971 610/982/972 605/983/973
f 605/983/973 610/982/972 611/984/974
f 605/983/973 611/984/974 604/985/975
f 604/985/975 611/984/974 612/986/976
f 604/985/975 612/986/976 603/987/977
f 603/987/977 612/986/976 613/988/978
f 603/987/977 613/988/978 602/989/979
f 602/989/979 613/988/978 614/990/980
f 602/989/979 614/990/980 601/991/981
f 601/991/981 614/990/980 615/992/982
f 601/991/981 615/992/982 523/993/983
f 523/993/983 615/992/982 524/994/984
f 524/994/984 615/992/982 614/990/980
f 524/994/984 614/990/980 525/995/985
f 525/995/985 614/990/980 613/988/978
f 525/995/985 613/988/978 526/996/986
f 526/996/986 613/988/978 527/997/987
f 527/997/987 613/988/978 612/986/976
f 527/997/987 612/986/976 528/998/988
f 528/998/988 612/986/976 529/999/989
f 529/999/989 612/986/976 530/1000/990
f 530/1000/990 612/986/976 531/1001/991
f 531/1001/991 612/986/976 532/1002/992
f 532/1002/992 612/986/976 533/1003/993
f 533/1003/993 612/986/976 534/1004/994
f 534/1004/994 612/986/976 535/1005/995
f 535/1005/995 612/986/976 536/1006/996
f 536/1006/996 612/986/976 537/1007/997
f 537/1007/997 612/986/976 538/1008/998
f 538/1008/998 612/986/976 611/984/974
f 538/1008/998 611/984/974 539/1009/999
f 539/1009/999 611/984/974 540/1010/1000
f 540/1010/1000 611/984/974 541/1011/1001
f 541/1011/1001 611/984/974 610/982/972
f 541/1011/1001 610/982/972 542/1012/1002
f 542/1012/1002 610/982/972 609/980/970
f 542/1012/1002 609/980/970 543/977/967
f 522/1013/1003 600/1014/1004 523/993/983
f 523/993/983 600/1014/1004 601/991/981
f 488/1015/1005 560/1016/1006 489/1017/1007
f 489/1017/1007 560/1016/1006 559/1018/1008
f 489/1017/1007 559/1018/1008 558/1019/1009
f 489/1017/1007 558/1019/1009 490/1020/1010
f 490/1020/1010 558/1019/1009 557/1021/1011
f 490/1020/1010 557/1021/1011 491/1022/1012
f 491/1022/1012 557/1021/1011 587/1023/1013
f 491/1022/1012 587/1023/1013 492/1024/1014
f 492/1024/1014 587/1023/1013 586/1025/1015
f 492/1024/1014 586/1025/1015 493/1026/1016
f 493/1026/1016 586/1025/1015 585/1027/1017
f 493/1026/1016 585/1027/1017 584/1028/1018
f 557/1021/1011 556/1029/1019 587/1023/1013
f 587/1023/1013 556/1029/1019 588/1030/1020
f 588/1030/1020 556/1029/1019 572/1031/1021
f 588/1030/1020 572/1031/1021 604/1032/1022
f 604/1032/1022 572/1031/1021 605/1033/1023
f 605/1033/1023 572/1031/1021 571/1034/1024
f 605/1033/1023 571/1034/1024 547/1035/1025
f 547/1035/1025 571/1034/1024 435/1036/1026
f 547/1035/1025 435/1036/1026 616/1037/1027
f 572/1031/1021 556/1029/1019 573/1038/1028
f 573/1038/1028 556/1029/1019 555/1039/1029
f 573/1038/1028 555/1039/1029 463/1040/1030
f 463/1040/1030 555/1039/1029 464/1041/1031
f 464/1041/1031 555/1039/1029 554/1042/1032
f 464/1041/1031 554/1042/1032 465/1043/1033
f 465/1043/1033 554/1042/1032 553/1044/1034
f 465/1043/1033 553/1044/1034 552/1045/1035
f 552/1045/1035 466/1046/1036 465/1043/1033
f 463/1040/1030 462/1047/1037 573/1038/1028
f 573/1038/1028 462/1047/1037 574/1048/1038
f 574/1048/1038 462/1047/1037 461/1049/1039
f 574/1048/1038 461/1049/1039 575/1050/1040
f 575/1050/1040 461/1049/1039 576/1051/1041
f 576/1051/1041 461/1049/1039 460/1052/1042
f 435/1036/1026 571/1034/1024 436/1053/1043
f 436/1053/1043 571/1034/1024 570/1054/1044
f 436/1053/1043 570/1054/1044 437/1055/1045
f 437/1055/1045 570/1054/1044 569/1056/1046
f 437/1055/1045 569/1056/1046 568/1057/1047
f 568/1057/1047 438/1058/1048 437/1055/1045
f 616/1037/1027 617/1059/1049 547/1035/1025
f 547/1035/1025 546/1060/1050 605/1033/1023
f 605/1033/1023 546/1060/1050 606/1061/1051
f 606/1061/1051 546/1060/1050 545/1062/1052
f 606/1061/1051 545/1062/1052 607/1063/1053
f 607/1063/1053 545/1062/1052 608/1064/1054
f 608/1064/1054 545/1062/1052 544/1065/1055
f 588/1030/1020 604/1032/1022 589/1066/1056
f 589/1066/1056 604/1032/1022 603/1067/1057
f 589/1066/1056 603/1067/1057 519/1068/1058
f 519/1068/1058 603/1067/1057 520/1069/1059
f 520/1069/1059 603/1067/1057 602/1070/1060
f 520/1069/1059 602/1070/1060 521/1071/1061
f 521/1071/1061 602/1070/1060 601/1072/1062
f 521/1071/1061 601/1072/1062 600/1073/1063
f 600/1073/1063 522/1074/1064 521/1071/1061
f 519/1068/1058 518/1075/1065 589/1066/1056
f 589/1066/1056 518/1075/1065 590/1076/1066
f 590/1076/1066 518/1075/1065 517/1077/1067
f 590/1076/1066 517/1077/1067 591/1078/1068
f 591/1078/1068 517/1077/1067 592/1079/1069
f 592/1079/1069 517/1077/1067 516/1080/1070
f 584/1028/1018 494/1081/1071 493/1026/1016
f 393/1082/1072 551/1083/1073 618/1084/1074
f 618/1084/1074 551/1083/1073 550/1085/1075
f 618/1084/1074 550/1085/1075 549/1086/1076
f 618/1087/1077 619/1088/1078 393/1089/1079
f 393/1089/1079 619/1088/1078 620/1090/1080
f 393/1089/1079 620/1090/1080 621/1091/1081
f 393/1092/1072 621/1093/1082 431/1094/1083
f 431/1094/1083 621/1093/1082 432/1095/1084
f 432/1095/1084 621/1093/1082 433/1096/1085
f 433/1097/1086 621/1098/1087 434/1099/1088
f 434/1099/1088 621/1098/1087 620/1100/1089
f 434/1099/1088 620/1100/1089 635/1101/1090
f 635/1101/1090 620/1100/1089 622/1102/1091
f 635/1101/1090 622/1102/1091 630/1103/1092
f 630/1103/1092 622/1102/1091 629/1104/1093
f 629/1104/1093 622/1102/1091 628/1105/1094
f 628/1105/1094 622/1102/1091 627/1106/1095
f 627/1106/1095 622/1102/1091 626/1107/1096
f 626/1107/1096 622/1102/1091 625/1108/1097
f 625/1108/1097 622/1102/1091 624/1109/1098
f 624/1109/1098 622/1102/1091 623/1110/1099
f 630/1103/1092 631/1111/1100 635/1101/1090
f 635/1101/1090 631/1111/1100 632/1112/1101
f 635/1101/1090 632/1112/1101 633/1113/1102
f 633/1113/1102 634/1114/1103 635/1101/1090
f 635/1101/1090 616/1115/1104 434/1099/1088
f 434/1099/1088 616/1115/1104 435/1116/1105
f 547/1117/1106 617/1118/1107 548/1119/1108
f 548/1119/1108 617/1118/1107 636/1120/1109
f 548/1119/1108 636/1120/1109 619/1121/1110
f 619/1121/1110 636/1120/1109 649/1122/1111
f 649/1122/1111 636/1120/1109 641/1123/1112
f 649/1122/1111 641/1123/1112 642/1124/1113
f 637/1125/1114 638/1126/1115 636/1120/1109
f 636/1120/1109 638/1126/1115 639/1127/1116
f 636/1120/1109 639/1127/1116 640/1128/1117
f 640/1128/1117 641/1123/1112 636/1120/1109
f 642/1124/1113 643/1129/1118 649/1122/1111
f 649/1122/1111 643/1129/1118 644/1130/1119
f 649/1122/1111 644/1130/1119 645/1131/1120
f 645/1131/1120 646/1132/1121 649/1122/1111
f 649/1122/1111 646/1132/1121 647/1133/1122
f 649/1122/1111 647/1133/1122 648/1134/1123
f 619/1121/1110 618/1135/1124 548/1119/1108
f 548/1119/1108 618/1135/1124 549/1136/1125
f 622/1137/1126 620/1138/1127 649/1139/1128
f 649/1139/1128 620/1138/1127 619/1140/1129
f 635/1141/1130 636/1142/1131 616/1143/1132
f 616/1143/1132 636/1142/1131 617/1144/1133
f 394/1145/1134 393/1146/1079 411/1147/1135
f 411/1147/1135 393/1146/1079 430/1148/1136
f 411/1147/1135 430/1148/1136 429/1149/1137
f 429/1149/1137 428/1150/1138 411/1147/1135
f 411/1147/1135 428/1150/1138 427/1151/1139
f 411/1147/1135 427/1151/1139 412/1152/1140
f 412/1152/1140 427/1151/1139 426/1153/1141
f 412/1152/1140 426/1153/1141 413/1154/1142
f 413/1154/1142 426/1153/1141 425/1155/1143
f 413/1154/1142 425/1155/1143 414/1156/1144
f 414/1156/1144 425/1155/1143 424/1157/1145
f 414/1156/1144 424/1157/1145 415/1158/1146
f 415/1158/1146 424/1157/1145 423/1159/1147
f 415/1158/1146 423/1159/1147 416/1160/1148
f 416/1160/1148 423/1159/1147 422/1161/1149
f 416/1160/1148 422/1161/1149 417/1162/1150
f 417/1162/1150 422/1161/1149 421/1163/1151
f 417/1162/1150 421/1163/1151 418/1164/1152
f 418/1164/1152 421/1163/1151 420/1165/1153
f 418/1164/1152 420/1165/1153 419/1166/1154
f 394/1145/1134 411/1147/1135 395/1167/1155
f 395/1167/1155 411/1147/1135 410/1168/1156
f 395/1167/1155 410/1168/1156 396/1169/1157
f 396/1169/1157 410/1168/1156 409/1170/1158
f 396/1169/1157 409/1170/1158 397/1171/1159
f 397/1171/1159 409/1170/1158 408/1172/1160
f 397/1171/1159 408/1172/1160 398/1173/1161
f 398/1173/1161 408/1172/1160 407/1174/1162
f 398/1173/1161 407/1174/1162 399/1175/1163
f 399/1175/1163 407/1174/1162 406/1176/1164
f 399/1175/1163 406/1176/1164 400/1177/1165
f 400/1177/1165 406/1176/1164 405/1178/1166
f 400/1177/1165 405/1178/1166 401/1179/1167
f 401/1179/1167 405/1178/1166 404/1180/1168
f 401/1179/1167 404/1180/1168 402/1181/1169
f 402/1181/1169 404/1180/1168 403/1182/1170
f 651/1183/1171 697/1184/1172 650/1185/1173
f 650/1185/1173 697/1184/1172 674/1186/1174
f 650/1185/1173 674/1186/1174 673/1187/1175
f 673/1187/1175 674/1186/1174 675/1188/1176
f 673/1187/1175 675/1188/1176 676/1189/1177
f 697/1184/1172 651/1183/1171 696/1190/1178
f 696/1190/1178 651/1183/1171 652/1191/1179
f 696/1190/1178 652/1191/1179 695/1192/1180
f 695/1192/1180 652/1191/1179 653/1193/1181
f 695/1192/1180 653/1193/1181 694/1194/1182
f 694/1194/1182 653/1193/1181 654/1195/1183
f 694/1194/1182 654/1195/1183 693/1196/1184
f 693/1196/1184 654/1195/1183 655/1197/1185
f 693/1196/1184 655/1197/1185 692/1198/1186
f 692/1198/1186 655/1197/1185 656/1199/1187
f 692/1198/1186 656/1199/1187 657/1200/1188
f 692/1198/1186 657/1200/1188 691/1201/1189
f 691/1201/1189 657/1200/1188 658/1202/1190
f 691/1201/1189 658/1202/1190 690/1203/1191
f 690/1203/1191 658/1202/1190 659/1204/1192
f 690/1203/1191 659/1204/1192 689/1205/1193
f 689/1205/1193 659/1204/1192 660/1206/1194
f 689/1205/1193 660/1206/1194 688/1207/1195
f 688/1207/1195 660/1206/1194 661/1208/1196
f 688/1207/1195 661/1208/1196 687/1209/1197
f 687/1209/1197 661/1208/1196 662/1210/1198
f 687/1209/1197 662/1210/1198 686/1211/1199
f 686/1211/1199 662/1210/1198 685/1212/1200
f 685/1212/1200 662/1210/1198 663/1213/1201
f 685/1212/1200 663/1213/1201 684/1214/1202
f 684/1214/1202 663/1213/1201 664/1215/1203
f 684/1214/1202 664/1215/1203 683/1216/1204
f 683/1216/1204 664/1215/1203 665/1217/1205
f 683/1216/1204 665/1217/1205 682/1218/1206
f 682/1218/1206 665/1217/1205 666/1219/1207
f 682/1218/1206 666/1219/1207 681/1220/1208
f 681/1220/1208 666/1219/1207 667/1221/1209
f 681/1220/1208 667/1221/1209 680/1222/1210
f 680/1222/1210 667/1221/1209 668/1223/1211
f 680/1222/1210 668/1223/1211 669/1224/1212
f 680/1222/1210 669/1224/1212 679/1225/1213
f 679/1225/1213 669/1224/1212 670/1226/1214
f 679/1225/1213 670/1226/1214 678/1227/1215
f 678/1227/1215 670/1226/1214 671/1228/1216
f 678/1227/1215 671/1228/1216 677/1229/1217
f 677/1229/1217 671/1228/1216 672/1230/1218
f 677/1229/1217 672/1230/1218 676/1189/1177
f 676/1189/1177 672/1230/1218 673/1187/1175
f 673/1231/1219 369/1232/1220 650/1233/1221
f 650/1234/1221 369/1235/1220 368/1236/1222
f 650/1234/1221 368/1236/1222 651/1237/1223
f 651/1237/1223 368/1236/1222 367/1238/1224
f 651/1237/1223 367/1238/1224 652/1239/1225
f 652/1239/1225 367/1238/1224 366/1240/1226
f 652/1239/1225 366/1240/1226 365/1241/1227
f 672/1242/1228 371/1243/1229 673/1231/1219
f 673/1231/1219 371/1243/1229 370/1244/1230
f 673/1231/1219 370/1244/1230 369/1232/1220
f 371/1243/1229 672/1242/1228 372/1245/1231
f 372/1245/1231 672/1242/1228 671/1246/1232
f 372/1245/1231 671/1246/1232 373/1247/1233
f 373/1247/1233 671/1246/1232 670/1248/1234
f 373/1247/1233 670/1248/1234 374/1249/1235
f 374/1249/1235 670/1248/1234 375/1250/1236
f 375/1250/1236 670/1248/1234 669/1251/1237
f 375/1250/1236 669/1251/1237 376/1252/1238
f 376/1252/1238 669/1251/1237 668/1253/1239
f 376/1252/1238 668/1253/1239 377/1254/1240
f 377/1254/1240 668/1253/1239 667/1255/1241
f 377/1254/1240 667/1255/1241 378/1256/1242
f 378/1256/1242 667/1255/1241 379/1257/1243
f 379/1257/1243 667/1255/1241 666/1258/1244
f 379/1257/1243 666/1258/1244 380/1259/1245
f 380/1259/1245 666/1258/1244 665/1260/1246
f 380/1259/1245 665/1260/1246 381/1261/1247
f 381/1261/1247 665/1260/1246 664/1262/1248
f 381/1261/1247 664/1262/1248 382/1263/1249
f 382/1263/1249 664/1262/1248 383/1264/1250
f 383/1264/1250 664/1262/1248 663/1265/1251
f 383/1264/1250 663/1265/1251 384/1266/1252
f 384/1266/1252 663/1265/1251 662/1267/1253
f 384/1266/1252 662/1267/1253 385/1268/1254
f 385/1268/1254 662/1267/1253 661/1269/1255
f 385/1268/1254 661/1269/1255 386/1270/1256
f 386/1270/1256 661/1269/1255 387/1271/1257
f 387/1271/1257 661/1269/1255 660/1272/1258
f 387/1271/1257 660/1272/1258 388/1273/1259
f 388/1273/1259 660/1272/1258 659/1274/1260
f 388/1273/1259 659/1274/1260 389/1275/1261
f 389/1275/1261 659/1274/1260 658/1276/1262
f 389/1275/1261 658/1276/1262 390/1277/1263
f 390/1277/1263 658/1276/1262 391/1278/1264
f 391/1278/1264 658/1276/1262 657/1279/1265
f 391/1278/1264 657/1279/1265 392/1280/1266
f 392/1280/1266 657/1279/1265 656/1281/1267
f 392/1280/1266 656/1281/1267 361/1282/1268
f 361/1282/1268 656/1281/1267 655/1283/1269
f 361/1282/1268 655/1283/1269 362/1284/1270
f 362/1284/1270 655/1283/1269 363/1285/1271
f 363/1285/1271 655/1283/1269 654/1286/1272
f 363/1285/1271 654/1286/1272 364/1287/1273
f 364/1287/1273 654/1286/1272 653/1288/1274
f 364/1287/1273 653/1288/1274 365/1241/1227
f 365/1241/1227 653/1288/1274 652/1239/1225
f 697/1289/1275 727/1290/1276 674/1291/1277
f 674/1291/1277 727/1290/1276 722/1292/1278
f 674/1293/1277 722/1294/1278 675/1295/1279
f 675/1295/1279 722/1294/1278 837/1296/1280
f 675/1295/1279 837/1296/1280 676/1297/1281
f 676/1297/1281 837/1296/1280 832/1298/1282
f 676/1297/1281 832/1298/1282 677/1299/1283
f 677/1299/1283 832/1298/1282 827/1300/1284
f 677/1299/1283 827/1300/1284 678/1301/1285
f 678/1301/1285 827/1300/1284 822/1302/1286
f 678/1301/1285 822/1302/1286 679/1303/1287
f 679/1303/1287 822/1302/1286 817/1304/1288
f 679/1303/1287 817/1304/1288 680/1305/1289
f 680/1305/1289 817/1304/1288 812/1306/1290
f 680/1305/1289 812/1306/1290 681/1307/1291
f 681/1307/1291 812/1306/1290 807/1308/1292
f 681/1307/1291 807/1308/1292 682/1309/1293
f 682/1309/1293 807/1308/1292 802/1310/1294
f 682/1309/1293 802/1310/1294 683/1311/1295
f 683/1311/1295 802/1310/1294 797/1312/1296
f 683/1311/1295 797/1312/1296 684/1313/1297
f 684/1313/1297 797/1312/1296 792/1314/1298
f 684/1313/1297 792/1314/1298 685/1315/1299
f 685/1315/1299 792/1314/1298 787/1316/1300
f 685/1315/1299 787/1316/1300 686/1317/1301
f 686/1317/1301 787/1316/1300 782/1318/1302
f 686/1317/1301 782/1318/1302 687/1319/1303
f 687/1319/1303 782/1318/1302 777/1320/1304
f 687/1319/1303 777/1320/1304 688/1321/1305
f 688/1321/1305 777/1320/1304 772/1322/1306
f 688/1321/1305 772/1322/1306 689/1323/1307
f 689/1323/1307 772/1322/1306 767/1324/1308
f 689/1323/1307 767/1324/1308 690/1325/1309
f 690/1325/1309 767/1324/1308 762/1326/1310
f 690/1325/1309 762/1326/1310 691/1327/1311
f 691/1327/1311 762/1326/1310 757/1328/1312
f 691/1327/1311 757/1328/1312 692/1329/1313
f 692/1329/1313 757/1328/1312 752/1330/1314
f 692/1329/1313 752/1330/1314 693/1331/1315
f 693/1331/1315 752/1330/1314 747/1332/1316
f 693/1331/1315 747/1332/1316 694/1333/1317
f 694/1333/1317 747/1332/1316 742/1334/1318
f 694/1333/1317 742/1334/1318 695/1335/1319
f 695/1335/1319 742/1334/1318 737/1336/1320
f 695/1335/1319 737/1336/1320 696/1337/1321
f 696/1337/1321 737/1336/1320 732/1338/1322
f 696/1337/1321 732/1338/1322 697/1289/1275
f 697/1289/1275 732/1338/1322 727/1290/1276
f 699/1339/1323 841/1340/1324 698/1341/1325
f 698/1341/1325 841/1340/1324 726/1342/1326
f 698/1343/1325 726/1344/1326 721/1345/1327
f 721/1345/1327 726/1344/1326 731/1346/1328
f 721/1345/1327 731/1346/1328 720/1347/1329
f 720/1347/1329 731/1346/1328 736/1348/1330
f 720/1347/1329 736/1348/1330 719/1349/1331
f 719/1349/1331 736/1348/1330 741/1350/1332
f 719/1349/1331 741/1350/1332 718/1351/1333
f 718/1351/1333 741/1350/1332 746/1352/1334
f 718/1351/1333 746/1352/1334 717/1353/1335
f 717/1353/1335 746/1352/1334 751/1354/1336
f 717/1353/1335 751/1354/1336 716/1355/1337
f 716/1355/1337 751/1354/1336 756/1356/1338
f 716/1355/1337 756/1356/1338 715/1357/1339
f 715/1357/1339 756/1356/1338 761/1358/1340
f 715/1357/1339 761/1358/1340 714/1359/1341
f 714/1359/1341 761/1358/1340 766/1360/1342
f 714/1359/1341 766/1360/1342 713/1361/1343
f 713/1361/1343 766/1360/1342 771/1362/1344
f 713/1361/1343 771/1362/1344 712/1363/1345
f 712/1363/1345 771/1362/1344 776/1364/1346
f 712/1363/1345 776/1364/1346 711/1365/1347
f 711/1365/1347 776/1364/1346 781/1366/1348
f 711/1365/1347 781/1366/1348 710/1367/1349
f 710/1367/1349 781/1366/1348 786/1368/1350
f 710/1367/1349 786/1368/1350 709/1369/1351
f 709/1369/1351 786/1368/1350 791/1370/1352
f 709/1369/1351 791/1370/1352 708/1371/1353
f 708/1371/1353 791/1370/1352 796/1372/1354
f 708/1371/1353 796/1372/1354 707/1373/1355
f 707/1373/1355 796/1372/1354 801/1374/1356
f 707/1373/1355 801/1374/1356 706/1375/1357
f 706/1375/1357 801/1374/1356 806/1376/1358
f 706/1375/1357 806/1376/1358 705/1377/1359
f 705/1377/1359 806/1376/1358 811/1378/1360
f 705/1377/1359 811/1378/1360 704/1379/1361
f 704/1379/1361 811/1378/1360 816/1380/1362
f 704/1379/1361 816/1380/1362 703/1381/1363
f 703/1381/1363 816/1380/1362 821/1382/1364
f 703/1381/1363 821/1382/1364 702/1383/1365
f 702/1383/1365 821/1382/1364 826/1384/1366
f 702/1383/1365 826/1384/1366 701/1385/1367
f 701/1385/1367 826/1384/1366 831/1386/1368
f 701/1385/1367 831/1386/1368 700/1387/1369
f 700/1387/1369 831/1386/1368 836/1388/1370
f 700/1387/1369 836/1388/1370 699/1339/1323
f 699/1339/1323 836/1388/1370 841/1340/1324
f 722/1294/1278 723/1389/1371 837/1296/1280
f 837/1296/1280 723/1389/1371 838/1390/1372
f 837/1296/1280 838/1390/1372 832/1298/1282
f 832/1298/1282 838/1390/1372 833/1391/1373
f 832/1298/1282 833/1391/1373 827/1300/1284
f 827/1300/1284 833/1391/1373 828/1392/1374
f 827/1300/1284 828/1392/1374 822/1302/1286
f 822/1302/1286 828/1392/1374 823/1393/1375
f 822/1302/1286 823/1393/1375 817/1304/1288
f 817/1304/1288 823/1393/1375 818/1394/1376
f 817/1304/1288 818/1394/1376 812/1306/1290
f 812/1306/1290 818/1394/1376 813/1395/1377
f 812/1306/1290 813/1395/1377 807/1308/1292
f 807/1308/1292 813/1395/1377 808/1396/1378
f 807/1308/1292 808/1396/1378 802/1310/1294
f 802/1310/1294 808/1396/1378 803/1397/1379
f 802/1310/1294 803/1397/1379 797/1312/1296
f 797/1312/1296 803/1397/1379 798/1398/1380
f 797/1312/1296 798/1398/1380 792/1314/1298
f 792/1314/1298 798/1398/1380 793/1399/1381
f 792/1314/1298 793/1399/1381 787/1316/1300
f 787/1316/1300 793/1399/1381 788/1400/1382
f 787/1316/1300 788/1400/1382 782/1318/1302
f 782/1318/1302 788/1400/1382 783/1401/1383
f 782/1318/1302 783/1401/1383 777/1320/1304
f 777/1320/1304 783/1401/1383 778/1402/1384
f 777/1320/1304 778/1402/1384 772/1322/1306
f 772/1322/1306 778/1402/1384 773/1403/1385
f 772/1322/1306 773/1403/1385 767/1324/1308
f 767/1324/1308 773/1403/1385 768/1404/1386
f 767/1324/1308 768/1404/1386 762/1326/1310
f 762/1326/1310 768/1404/1386 763/1405/1387
f 762/1326/1310 763/1405/1387 757/1328/1312
f 757/1328/1312 763/1405/1387 758/1406/1388
f 757/1328/1312 758/1406/1388 752/1330/1314
f 752/1330/1314 758/1406/1388 753/1407/1389
f 752/1330/1314 753/1407/1389 747/1332/1316
f 747/1332/1316 753/1407/1389 748/1408/1390
f 747/1332/1316 748/1408/1390 742/1334/1318
f 742/1334/1318 748/1408/1390 743/1409/1391
f 742/1334/1318 743/1409/1391 737/1336/1320
f 737/1336/1320 743/1409/1391 738/1410/1392
f 737/1336/1320 738/1410/1392 732/1338/1322
f 732/1338/1322 738/1410/1392 733/1411/1393
f 732/1338/1322 733/1411/1393 727/1290/1276
f 727/1290/1276 733/1411/1393 728/1412/1394
f 727/1290/1276 728/1412/1394 722/1292/1278
f 722/1292/1278 728/1412/1394 723/1413/1371
f 723/1389/1371 724/1414/1395 838/1390/1372
f 838/1390/1372 724/1414/1395 839/1415/1396
f 838/1390/1372 839/1415/1396 833/1391/1373
f 833/1391/1373 839/1415/1396 834/1416/1397
f 833/1391/1373 834/1416/1397 828/1392/1374
f 828/1392/1374 834/1416/1397 829/1417/1398
f 828/1392/1374 829/1417/1398 823/1393/1375
f 823/1393/1375 829/1417/1398 824/1418/1399
f 823/1393/1375 824/1418/1399 818/1394/1376
f 818/1394/1376 824/1418/1399 819/1419/1400
f 818/1394/1376 819/1419/1400 813/1395/1377
f 813/1395/1377 819/1419/1400 814/1420/1401
f 813/1395/1377 814/1420/1401 808/1396/1378
f 808/1396/1378 814/1420/1401 809/1421/1402
f 808/1396/1378 809/1421/1402 803/1397/1379
f 803/1397/1379 809/1421/1402 804/1422/1403
f 803/1397/1379 804/1422/1403 798/1398/1380
f 798/1398/1380 804/1422/1403 799/1423/1404
f 798/1398/1380 799/1423/1404 793/1399/1381
f 793/1399/1381 799/1423/1404 794/1424/1405
f 793/1399/1381 794/1424/1405 788/1400/1382
f 788/1400/1382 794/1424/1405 789/1425/1406
f 788/1400/1382 789/1425/1406 783/1401/1383
f 783/1401/1383 789/1425/1406 784/1426/1407
f 783/1401/1383 784/1426/1407 778/1402/1384
f 778/1402/1384 784/1426/1407 779/1427/1408
f 778/1402/1384 779/1427/1408 773/1403/1385
f 773/1403/1385 779/1427/1408 774/1428/1409
f 773/1403/1385 774/1428/1409 768/1404/1386
f 768/1404/1386 774/1428/1409 769/1429/1410
f 768/1404/1386 769/1429/1410 763/1405/1387
f 763/1405/1387 769/1429/1410 764/1430/1411
f 763/1405/1387 764/1430/1411 758/1406/1388
f 758/1406/1388 764/1430/1411 759/1431/1412
f 758/1406/1388 759/1431/1412 753/1407/1389
f 753/1407/1389 759/1431/1412 754/1432/1413
f 753/1407/1389 754/1432/1413 748/1408/1390
f 748/1408/1390 754/1432/1413 749/1433/1414
f 748/1408/1390 749/1433/1414 743/1409/1391
f 743/1409/1391 749/1433/1414 744/1434/1415
f 743/1409/1391 744/1434/1415 738/1410/1392
f 738/1410/1392 744/1434/1415 739/1435/1416
f 738/1410/1392 739/1435/1416 733/1411/1393
f 733/1411/1393 739/1435/1416 734/1436/1417
f 733/1411/1393 734/1436/1417 728/1412/1394
f 728/1412/1394 734/1436/1417 729/1437/1418
f 728/1412/1394 729/1437/1418 723/1413/1371
f 723/1413/1371 729/1437/1418 724/1438/1395
f 724/1414/1395 725/1439/1419 839/1415/1396
f 839/1415/1396 725/1439/1419 840/1440/1420
f 839/1415/1396 840/1440/1420 834/1416/1397
f 834/1416/1397 840/1440/1420 835/1441/1421
f 834/1416/1397 835/1441/1421 829/1417/1398
f 829/1417/1398 835/1441/1421 830/1442/1422
f 829/1417/1398 830/1442/1422 824/1418/1399
f 824/1418/1399 830/1442/1422 825/1443/1423
f 824/1418/1399 825/1443/1423 819/1419/1400
f 819/1419/1400 825/1443/1423 820/1444/1424
f 819/1419/1400 820/1444/1424 814/1420/1401
f 814/1420/1401 820/1444/1424 815/1445/1425
f 814/1420/1401 815/1445/1425 809/1421/1402
f 809/1421/1402 815/1445/1425 810/1446/1426
f 809/1421/1402 810/1446/1426 804/1422/1403
f 804/1422/1403 810/1446/1426 805/1447/1427
f 804/1422/1403 805/1447/1427 799/1423/1404
f 799/1423/1404 805/1447/1427 800/1448/1428
f 799/1423/1404 800/1448/1428 794/1424/1405
f 794/1424/1405 800/1448/1428 795/1449/1429
f 794/1424/1405 795/1449/1429 789/1425/1406
f 789/1425/1406 795/1449/1429 790/1450/1430
f 789/1425/1406 790/1450/1430 784/1426/1407
f 784/1426/1407 790/1450/1430 785/1451/1431
f 784/1426/1407 785/1451/1431 779/1427/1408
f 779/1427/1408 785/1451/1431 780/1452/1432
f 779/1427/1408 780/1452/1432 774/1428/1409
f 774/1428/1409 780/1452/1432 775/1453/1433
f 774/1428/1409 775/1453/1433 769/1429/1410
f 769/1429/1410 775/1453/1433 770/1454/1434
f 769/1429/1410 770/1454/1434 764/1430/1411
f 764/1430/1411 770/1454/1434 765/1455/1435
f 764/1430/1411 765/1455/1435 759/1431/1412
f 759/1431/1412 765/1455/1435 760/1456/1436
f 759/1431/1412 760/1456/1436 754/1432/1413
f 754/1432/1413 760/1456/1436 755/1457/1437
f 754/1432/1413 755/1457/1437 749/1433/1414
f 749/1433/1414 755/1457/1437 750/1458/1438
f 749/1433/1414 750/1458/1438 744/1434/1415
f 744/1434/1415 750/1458/1438 745/1459/1439
f 744/1434/1415 745/1459/1439 739/1435/1416
f 739/1435/1416 745/1459/1439 740/1460/1440
f 739/1435/1416 740/1460/1440 734/1436/1417
f 734/1436/1417 740/1460/1440 735/1461/1441
f 734/1436/1417 735/1461/1441 729/1437/1418
f 729/1437/1418 735/1461/1441 730/1462/1442
f 729/1437/1418 730/1462/1442 724/1438/1395
f 724/1438/1395 730/1462/1442 725/1463/1419
f 725/1439/1419 726/1342/1326 840/1440/1420
f 840/1440/1420 726/1342/1326 841/1340/1324
f 840/1440/1420 841/1340/1324 835/1441/1421
f 835/1441/1421 841/1340/1324 836/1388/1370
f 835/1441/1421 836/1388/1370 830/1442/1422
f 830/1442/1422 836/1388/1370 831/1386/1368
f 830/1442/1422 831/1386/1368 825/1443/1423
f 825/1443/1423 831/1386/1368 826/1384/1366
f 825/1443/1423 826/1384/1366 820/1444/1424
f 820/1444/1424 826/1384/1366 821/1382/1364
f 820/1444/1424 821/1382/1364 815/1445/1425
f 815/1445/1425 821/1382/1364 816/1380/1362
f 815/1445/1425 816/1380/1362 810/1446/1426
f 810/1446/1426 816/1380/1362 811/1378/1360
f 810/1446/1426 811/1378/1360 805/1447/1427
f 805/1447/1427 811/1378/1360 806/1376/1358
f 805/1447/1427 806/1376/1358 800/1448/1428
f 800/1448/1428 806/1376/1358 801/1374/1356
f 800/1448/1428 801/1374/1356 795/1449/1429
f 795/1449/1429 801/1374/1356 796/1372/1354
f 795/1449/1429 796/1372/1354 790/1450/1430
f 790/1450/1430 796/1372/1354 791/1370/1352
f 790/1450/1430 791/1370/1352 785/1451/1431
f 785/1451/1431 791/1370/1352 786/1368/1350
f 785/1451/1431 786/1368/1350 780/1452/1432
f 780/1452/1432 786/1368/1350 781/1366/1348
f 780/1452/1432 781/1366/1348 775/1453/1433
f 775/1453/1433 781/1366/1348 776/1364/1346
f 775/1453/1433 776/1364/1346 770/1454/1434
f 770/1454/1434 776/1364/1346 771/1362/1344
f 770/1454/1434 771/1362/1344 765/1455/1435
f 765/1455/1435 771/1362/1344 766/1360/1342
f 765/1455/1435 766/1360/1342 760/1456/1436
f 760/1456/1436 766/1360/1342 761/1358/1340
f 760/1456/1436 761/1358/1340 755/1457/1437
f 755/1457/1437 761/1358/1340 756/1356/1338
f 755/1457/1437 756/1356/1338 750/1458/1438
f 750/1458/1438 756/1356/1338 751/1354/1336
f 750/1458/1438 751/1354/1336 745/1459/1439
f 745/1459/1439 751/1354/1336 746/1352/1334
f 745/1459/1439 746/1352/1334 740/1460/1440
f 740/1460/1440 746/1352/1334 741/1350/1332
f 740/1460/1440 741/1350/1332 735/1461/1441
f 735/1461/1441 741/1350/1332 736/1348/1330
f 735/1461/1441 736/1348/1330 730/1462/1442
f 730/1462/1442 736/1348/1330 731/1346/1328
f 730/1462/1442 731/1346/1328 725/1463/1419
f 725/1463/1419 731/1346/1328 726/1344/1326
f 721/1464/1443 711/1465/1444 698/1466/1445
f 698/1466/1445 711/1465/1444 710/1467/1446
f 698/1466/1445 710/1467/1446 699/1468/1447
f 699/1468/1447 710/1467/1446 709/1469/1448
f 699/1468/1447 709/1469/1448 700/1470/1449
f 700/1470/1449 709/1469/1448 708/1471/1450
f 700/1470/1449 708/1471/1450 701/1472/1451
f 701/1472/1451 708/1471/1450 707/1473/1452
f 701/1472/1451 707/1473/1452 702/1474/1453
f 702/1474/1453 707/1473/1452 706/1475/1454
f 702/1474/1453 706/1475/1454 703/1476/1455
f 703/1476/1455 706/1475/1454 705/1477/1456
f 703/1476/1455 705/1477/1456 704/1478/1457
f 711/1465/1444 721/1464/1443 712/1479/1458
f 712/1479/1458 721/1464/1443 720/1480/1459
f 712/1479/1458 720/1480/1459 713/1481/1460
f 713/1481/1460 720/1480/1459 719/1482/1461
f 713/1481/1460 719/1482/1461 714/1483/1462
f 714/1483/1462 719/1482/1461 718/1484/1463
f 714/1483/1462 718/1484/1463 715/1485/1464
f 715/1485/1464 718/1484/1463 717/1486/1465
f 715/1485/1464 717/1486/1465 716/1487/1466
f 642/1488/1467 629/1489/1468 643/1490/1469
f 643/1490/1469 629/1489/1468 628/1491/1470
f 643/1490/1469 628/1491/1470 644/1492/1471
f 644/1492/1471 628/1491/1470 627/1493/1472
f 644/1492/1471 627/1493/1472 645/1494/1473
f 645/1494/1473 627/1493/1472 626/1495/1474
f 645/1494/1473 626/1495/1474 646/1496/1475
f 646/1496/1475 626/1495/1474 625/1497/1476
f 646/1496/1475 625/1497/1476 647/1498/1477
f 647/1498/1477 625/1497/1476 624/1499/1478
f 647/1498/1477 624/1499/1478 648/1500/1479
f 648/1500/1479 624/1499/1478 623/1501/1480
f 648/1500/1479 623/1501/1480 649/1502/1128
f 649/1502/1128 623/1501/1480 622/1503/1126
f 630/1504/1481 629/1505/1468 641/1506/1482
f 641/1506/1482 629/1505/1468 642/1507/1467
f 636/1508/1131 635/1509/1130 637/1510/1483
f 637/1510/1483 635/1509/1130 634/1511/1484
f 637/1510/1483 634/1511/1484 638/1512/1485
f 638/1512/1485 634/1511/1484 633/1513/1486
f 638/1512/1485 633/1513/1486 639/1514/1487
f 639/1514/1487 633/1513/1486 632/1515/1488
f 639/1514/1487 632/1515/1488 640/1516/1489
f 640/1516/1489 632/1515/1488 631/1517/1490
f 640/1516/1489 631/1517/1490 641/1518/1482
f 641/1518/1482 631/1517/1490 630/1519/1481
g Body2

v 11.237085 11.756374 -321.029115
v 11.224548 11.756374 -321.140376
v 11.187569 11.756374 -321.246057
v 11.128000 11.756374 -321.340860
v 11.048829 11.756374 -321.420031
v 10.954026 11.756374 -321.479600
v 10.848345 11.756374 -321.516579
v 10.737085 11.756374 -321.529115
v 10.625824 11.756374 -321.516579
v 10.520143 11.756374 -321.479600
v 10.425340 11.756374 -321.420031
v 10.346169 11.756374 -321.340860
v 10.286600 11.756374 -321.246057
v 10.249621 11.756374 -321.140376
v 10.237085 11.756374 -321.029115
v 10.249621 11.756374 -320.917855
v 10.286600 11.756374 -320.812173
v 10.346169 11.756374 -320.717370
v 10.425340 11.756374 -320.638200
v 10.520143 11.756374 -320.578631
v 10.625824 11.756374 -320.541651
v 10.737085 11.756374 -320.529115
v 10.848345 11.756374 -320.541651
v 10.954026 11.756374 -320.578631
v 11.048829 11.756374 -320.638200
v 11.128000 11.756374 -320.717370
v 11.187569 11.756374 -320.812173
v 11.224548 11.756374 -320.917855
v 11.237085 14.756374 -321.029115
v 11.224548 14.756374 -320.917855
v 11.187569 14.756374 -320.812173
v 11.128000 14.756374 -320.717370
v 11.048829 14.756374 -320.638200
v 10.954026 14.756374 -320.578631
v 10.848345 14.756374 -320.541651
v 10.737085 14.756374 -320.529115
v 10.625824 14.756374 -320.541651
v 10.520143 14.756374 -320.578631
v 10.425340 14.756374 -320.638200
v 10.346169 14.756374 -320.717370
v 10.286600 14.756374 -320.812173
v 10.249621 14.756374 -320.917855
v 10.237085 14.756374 -321.029115
v 10.249621 14.756374 -321.140376
v 10.286600 14.756374 -321.246057
v 10.346169 14.756374 -321.340860
v 10.425340 14.756374 -321.420031
v 10.520143 14.756374 -321.479600
v 10.625824 14.756374 -321.516579
v 10.737085 14.756374 -321.529115
v 10.848345 14.756374 -321.516579
v 10.954026 14.756374 -321.479600
v 11.048829 14.756374 -321.420031
v 11.128000 14.756374 -321.340860
v 11.187569 14.756374 -321.246057
v 11.224548 14.756374 -321.140376
v 11.237085 13.256374 -321.029115
v 11.224548 13.256374 -321.140376
v 11.187569 13.256374 -321.246057
v 11.128000 13.256374 -321.340860
v 11.048829 13.256374 -321.420031
v 10.954026 13.256374 -321.479600
v 10.848345 13.256374 -321.516579
v 10.737085 13.256374 -321.529115
v 10.625824 13.256374 -321.516579
v 10.520143 13.256374 -321.479600
v 10.425340 13.256374 -321.420031
v 10.346169 13.256374 -321.340860
v 10.286600 13.256374 -321.246057
v 10.249621 13.256374 -321.140376
v 10.237085 13.256374 -321.029115
v 10.249621 13.256374 -320.917855
v 10.286600 13.256374 -320.812173
v 10.346169 13.256374 -320.717370
v 10.425340 13.256374 -320.638200
v 10.520143 13.256374 -320.578631
v 10.625824 13.256374 -320.541651
v 10.737085 13.256374 -320.529115
v 10.848345 13.256374 -320.541651
v 10.954026 13.256374 -320.578631
v 11.048829 13.256374 -320.638200
v 11.128000 13.256374 -320.717370
v 11.187569 13.256374 -320.812173
v 11.224548 13.256374 -320.917855
vt -0.000000 -1.458597 0.000000
vt -1.500000 -1.458597 0.000000
vt -0.000000 -1.570796 0.000000
vt -1.500000 -1.570796 0.000000
vt -0.000000 1.570796 0.000000
vt -1.500000 1.570796 0.000000
vt -0.000000 1.458597 0.000000
vt -1.500000 1.458597 0.000000
vt -0.000000 1.346397 0.000000
vt -1.500000 1.346397 0.000000
vt -0.000000 1.234197 0.000000
vt -1.500000 1.234197 0.000000
vt -0.000000 1.121997 0.000000
vt -1.500000 1.121997 0.000000
vt -0.000000 1.009798 0.000000
vt -1.500000 1.009798 0.000000
vt -0.000000 0.897598 0.000000
vt -1.500000 0.897598 0.000000
vt -0.000000 0.785398 0.000000
vt -1.500000 0.785398 0.000000
vt -0.000000 0.673198 0.000000
vt -1.500000 0.673198 0.000000
vt -0.000000 0.560999 0.000000
vt -1.500000 0.560999 0.000000
vt -0.000000 0.448799 0.000000
vt -1.500000 0.448799 0.000000
vt -0.000000 0.336599 0.000000
vt -1.500000 0.336599 0.000000
vt -0.000000 0.224399 0.000000
vt -1.500000 0.224399 0.000000
vt -0.000000 0.112200 0.000000
vt -1.500000 0.112200 0.000000
vt -0.000000 0.000000 0.000000
vt -1.500000 0.000000 0.000000
vt 0.000000 -0.112200 0.000000
vt -1.500000 -0.112200 0.000000
vt 0.000000 -0.224399 0.000000
vt -1.500000 -0.224399 0.000000
vt 0.000000 -0.336599 0.000000
vt -1.500000 -0.336599 0.000000
vt -0.000000 -0.448799 0.000000
vt -1.500000 -0.448799 0.000000
vt 0.000000 -0.560999 0.000000
vt -1.500000 -0.560999 0.000000
vt -0.000000 -0.673198 0.000000
vt -1.500000 -0.673198 0.000000
vt 0.000000 -0.785398 0.000000
vt -1.500000 -0.785398 0.000000
vt -0.000000 -0.897598 0.000000
vt -1.500000 -0.897598 0.000000
vt -0.000000 -1.009798 0.000000
vt -1.500000 -1.009798 0.000000
vt -0.000000 -1.121997 0.000000
vt -1.500000 -1.121997 0.000000
vt -0.000000 -1.234197 0.000000
vt -1.500000 -1.234197 0.000000
vt -0.000000 -1.346397 0.000000
vt -1.500000 -1.346397 0.000000
vt -3.000000 1.458597 0.000000
vt -3.000000 1.570796 0.000000
vt -3.000000 -1.570796 0.000000
vt -3.000000 -1.458597 0.000000
vt -3.000000 -1.346397 0.000000
vt -3.000000 -1.234197 0.000000
vt -3.000000 -1.121997 0.000000
vt -3.000000 -1.009798 0.000000
vt -3.000000 -0.897598 0.000000
vt -3.000000 -0.785398 0.000000
vt -3.000000 -0.673198 0.000000
vt -3.000000 -0.560999 0.000000
vt -3.000000 -0.448799 0.000000
vt -3.000000 -0.336599 0.000000
vt -3.000000 -0.224399 0.000000
vt -3.000000 -0.112200 0.000000
vt -3.000000 0.000000 0.000000
vt -3.000000 0.112200 0.000000
vt -3.000000 0.224399 0.000000
vt -3.000000 0.336599 0.000000
vt -3.000000 0.448799 0.000000
vt -3.000000 0.560999 0.000000
vt -3.000000 0.673198 0.000000
vt -3.000000 0.785398 0.000000
vt -3.000000 0.897598 0.000000
vt -3.000000 1.009798 0.000000
vt -3.000000 1.121997 0.000000
vt -3.000000 1.234197 0.000000
vt -3.000000 1.346397 0.000000
vt -0.487464 -0.111260 0.000000
vt 0.487464 -0.111260 0.000000
vt -0.500000 0.000000 0.000000
vt 0.500000 0.000000 0.000000
vt -0.487464 0.111260 0.000000
vt 0.487464 0.111260 0.000000
vt -0.450484 0.216942 0.000000
vt 0.450484 0.216942 0.000000
vt -0.390916 0.311745 0.000000
vt 0.390916 0.311745 0.000000
vt -0.311745 0.390916 0.000000
vt 0.311745 0.390916 0.000000
vt -0.216942 0.450484 0.000000
vt 0.216942 0.450484 0.000000
vt -0.111260 0.487464 0.000000
vt 0.111260 0.487464 0.000000
vt 0.000000 0.500000 0.000000
vt 0.450484 -0.216942 0.000000
vt -0.450484 -0.216942 0.000000
vt 0.390916 -0.311745 0.000000
vt -0.390916 -0.311745 0.000000
vt 0.311745 -0.390916 0.000000
vt -0.311745 -0.390916 0.000000
vt 0.216942 -0.450484 0.000000
vt -0.216942 -0.450484 0.000000
vt 0.111260 -0.487464 0.000000
vt -0.111260 -0.487464 0.000000
vt 0.000000 -0.500000 0.000000
vt 0.487464 0.111260 0.000000
vt -0.487464 0.111260 0.000000
vt 0.500000 0.000000 0.000000
vt -0.500000 0.000000 0.000000
vt 0.487464 -0.111260 0.000000
vt -0.487464 -0.111260 0.000000
vt 0.450484 -0.216942 0.000000
vt -0.450484 -0.216942 0.000000
vt 0.390916 -0.311745 0.000000
vt -0.390916 -0.311745 0.000000
vt 0.311745 -0.390916 0.000000
vt -0.311745 -0.390916 0.000000
vt 0.216942 -0.450484 0.000000
vt -0.216942 -0.450484 0.000000
vt 0.111260 -0.487464 0.000000
vt -0.111260 -0.487464 0.000000
vt -0.000000 -0.500000 0.000000
vt -0.450484 0.216942 0.000000
vt 0.450484 0.216942 0.000000
vt -0.390916 0.311745 0.000000
vt 0.390916 0.311745 0.000000
vt -0.311745 0.390916 0.000000
vt 0.311745 0.390916 0.000000
vt -0.216942 0.450484 0.000000
vt 0.216942 0.450484 0.000000
vt -0.111260 0.487464 0.000000
vt 0.111260 0.487464 0.000000
vt -0.000000 0.500000 0.000000
vn 0.974928 -0.000000 -0.222521
vn 0.974928 -0.000000 -0.222521
vn 1.000000 -0.000000 -0.000000
vn 1.000000 -0.000000 -0.000000
vn 0.974928 -0.000000 0.222521
vn 0.974928 -0.000000 0.222521
vn 0.900969 -0.000000 0.433884
vn 0.900969 -0.000000 0.433884
vn 0.781831 -0.000000 0.623490
vn 0.781831 -0.000000 0.623490
vn 0.623490 -0.000000 0.781831
vn 0.623490 -0.000000 0.781831
vn 0.433884 -0.000000 0.900969
vn 0.433884 -0.000000 0.900969
vn 0.222521 -0.000000 0.974928
vn 0.222521 -0.000000 0.974928
vn 0.000000 -0.000000 1.000000
vn 0.000000 -0.000000 1.000000
vn -0.222521 0.000000 0.974928
vn -0.222521 0.000000 0.974928
vn -0.433884 0.000000 0.900969
vn -0.433884 0.000000 0.900969
vn -0.623490 0.000000 0.781831
vn -0.623490 0.000000 0.781831
vn -0.781831 0.000000 0.623490
vn -0.781831 0.000000 0.623490
vn -0.900969 0.000000 0.433884
vn -0.900969 0.000000 0.433884
vn -0.974928 0.000000 0.222521
vn -0.974928 0.000000 0.222521
vn -1.000000 0.000000 0.000000
vn -1.000000 0.000000 0.000000
vn -0.974928 0.000000 -0.222521
vn -0.974928 0.000000 -0.222521
vn -0.900969 0.000000 -0.433884
vn -0.900969 0.000000 -0.433884
vn -0.781831 0.000000 -0.623490
vn -0.781831 0.000000 -0.623490
vn -0.623490 0.000000 -0.781831
vn -0.623490 0.000000 -0.781831
vn -0.433884 0.000000 -0.900969
vn -0.433884 0.000000 -0.900969
vn -0.222521 0.000000 -0.974928
vn -0.222521 0.000000 -0.974928
vn -0.000000 0.000000 -1.000000
vn -0.000000 0.000000 -1.000000
vn 0.222521 -0.000000 -0.974928
vn 0.222521 -0.000000 -0.974928
vn 0.433884 -0.000000 -0.900969
vn 0.433884 -0.000000 -0.900969
vn 0.623490 -0.000000 -0.781831
vn 0.623490 -0.000000 -0.781831
vn 0.781831 -0.000000 -0.623490
vn 0.781831 -0.000000 -0.623490
vn 0.900969 -0.000000 -0.433884
vn 0.900969 -0.000000 -0.433884
vn 0.974928 -0.000000 0.222521
vn 1.000000 -0.000000 -0.000000
vn 0.974928 -0.000000 -0.222521
vn 0.900969 -0.000000 -0.433884
vn 0.781831 -0.000000 -0.623490
vn 0.623490 -0.000000 -0.781831
vn 0.433884 -0.000000 -0.900969
vn 0.222521 -0.000000 -0.974928
vn -0.000000 0.000000 -1.000000
vn -0.222521 0.000000 -0.974928
vn -0.433884 0.000000 -0.900969
vn -0.623490 0.000000 -0.781831
vn -0.781831 0.000000 -0.623490
vn -0.900969 0.000000 -0.433884
vn -0.974928 0.000000 -0.222521
vn -1.000000 0.000000 0.000000
vn -0.974928 0.000000 0.222521
vn -0.900969 0.000000 0.433884
vn -0.781831 0.000000 0.623490
vn -0.623490 0.000000 0.781831
vn -0.433884 0.000000 0.900969
vn -0.222521 0.000000 0.974928
vn 0.000000 -0.000000 1.000000
vn 0.222521 -0.000000 0.974928
vn 0.433884 -0.000000 0.900969
vn 0.623490 -0.000000 0.781831
vn 0.781831 -0.000000 0.623490
vn 0.900969 -0.000000 0.433884
vn 0.000000 1.000000 0.000000
vn 0.000000 1.000000 0.000000
vn 0.000000 1.000000 0.000000
vn 0.000000 1.000000 0.000000
vn 0.000000 1.000000 0.000000
vn 0.000000 1.000000 0.000000
vn 0.000000 1.000000 0.000000
vn 0.000000 1.000000 0.000000
vn 0.000000 1.000000 0.000000
vn 0.000000 1.000000 0.000000
vn 0.000000 1.000000 0.000000
vn 0.000000 1.000000 0.000000
vn 0.000000 1.000000 0.000000
vn 0.000000 1.000000 0.000000
vn 0.000000 1.000000 0.000000
vn 0.000000 1.000000 0.000000
vn 0.000000 1.000000 0.000000
vn 0.000000 1.000000 0.000000
vn 0.000000 1.000000 0.000000
vn 0.000000 1.000000 0.000000
vn 0.000000 1.000000 0.000000
vn 0.000000 1.000000 0.000000
vn 0.000000 1.000000 0.000000
vn 0.000000 1.000000 0.000000
vn 0.000000 1.000000 0.000000
vn 0.000000 1.000000 0.000000
vn 0.000000 1.000000 0.000000
vn 0.000000 1.000000 0.000000
vn -0.000000 -1.000000 -0.000000
vn -0.000000 -1.000000 -0.000000
vn -0.000000 -1.000000 -0.000000
vn -0.000000 -1.000000 -0.000000
vn -0.000000 -1.000000 -0.000000
vn -0.000000 -1.000000 -0.000000
vn -0.000000 -1.000000 -0.000000
vn -0.000000 -1.000000 -0.000000
vn -0.000000 -1.000000 -0.000000
vn -0.000000 -1.000000 -0.000000
vn -0.000000 -1.000000 -0.000000
vn -0.000000 -1.000000 -0.000000
vn -0.000000 -1.000000 -0.000000
vn -0.000000 -1.000000 -0.000000
vn -0.000000 -1.000000 -0.000000
vn -0.000000 -1.000000 -0.000000
vn -0.000000 -1.000000 -0.000000
vn -0.000000 -1.000000 -0.000000
vn -0.000000 -1.000000 -0.000000
vn -0.000000 -1.000000 -0.000000
vn -0.000000 -1.000000 -0.000000
vn -0.000000 -1.000000 -0.000000
vn -0.000000 -1.000000 -0.000000
vn -0.000000 -1.000000 -0.000000
vn -0.000000 -1.000000 -0.000000
vn -0.000000 -1.000000 -0.000000
vn -0.000000 -1.000000 -0.000000
vn -0.000000 -1.000000 -0.000000
f 843/1520/1491 899/1521/1492 842/1522/1493
f 842/1522/1493 899/1521/1492 898/1523/1494
f 842/1524/1493 898/1525/1494 869/1526/1495
f 869/1526/1495 898/1525/1494 925/1527/1496
f 869/1526/1495 925/1527/1496 868/1528/1497
f 868/1528/1497 925/1527/1496 924/1529/1498
f 868/1528/1497 924/1529/1498 867/1530/1499
f 867/1530/1499 924/1529/1498 923/1531/1500
f 867/1530/1499 923/1531/1500 866/1532/1501
f 866/1532/1501 923/1531/1500 922/1533/1502
f 866/1532/1501 922/1533/1502 865/1534/1503
f 865/1534/1503 922/1533/1502 921/1535/1504
f 865/1534/1503 921/1535/1504 864/1536/1505
f 864/1536/1505 921/1535/1504 920/1537/1506
f 864/1536/1505 920/1537/1506 863/1538/1507
f 863/1538/1507 920/1537/1506 919/1539/1508
f 863/1538/1507 919/1539/1508 862/1540/1509
f 862/1540/1509 919/1539/1508 918/1541/1510
f 862/1540/1509 918/1541/1510 861/1542/1511
f 861/1542/1511 918/1541/1510 917/1543/1512
f 861/1542/1511 917/1543/1512 860/1544/1513
f 860/1544/1513 917/1543/1512 916/1545/1514
f 860/1544/1513 916/1545/1514 859/1546/1515
f 859/1546/1515 916/1545/1514 915/1547/1516
f 859/1546/1515 915/1547/1516 858/1548/1517
f 858/1548/1517 915/1547/1516 914/1549/1518
f 858/1548/1517 914/1549/1518 857/1550/1519
f 857/1550/1519 914/1549/1518 913/1551/1520
f 857/1550/1519 913/1551/1520 856/1552/1521
f 856/1552/1521 913/1551/1520 912/1553/1522
f 856/1552/1521 912/1553/1522 855/1554/1523
f 855/1554/1523 912/1553/1522 911/1555/1524
f 855/1554/1523 911/1555/1524 854/1556/1525
f 854/1556/1525 911/1555/1524 910/1557/1526
f 854/1556/1525 910/1557/1526 853/1558/1527
f 853/1558/1527 910/1557/1526 909/1559/1528
f 853/1558/1527 909/1559/1528 852/1560/1529
f 852/1560/1529 909/1559/1528 908/1561/1530
f 852/1560/1529 908/1561/1530 851/1562/1531
f 851/1562/1531 908/1561/1530 907/1563/1532
f 851/1562/1531 907/1563/1532 850/1564/1533
f 850/1564/1533 907/1563/1532 906/1565/1534
f 850/1564/1533 906/1565/1534 849/1566/1535
f 849/1566/1535 906/1565/1534 905/1567/1536
f 849/1566/1535 905/1567/1536 848/1568/1537
f 848/1568/1537 905/1567/1536 904/1569/1538
f 848/1568/1537 904/1569/1538 847/1570/1539
f 847/1570/1539 904/1569/1538 903/1571/1540
f 847/1570/1539 903/1571/1540 846/1572/1541
f 846/1572/1541 903/1571/1540 902/1573/1542
f 846/1572/1541 902/1573/1542 845/1574/1543
f 845/1574/1543 902/1573/1542 901/1575/1544
f 845/1574/1543 901/1575/1544 844/1576/1545
f 844/1576/1545 901/1575/1544 900/1577/1546
f 844/1576/1545 900/1577/1546 843/1520/1491
f 843/1520/1491 900/1577/1546 899/1521/1492
f 871/1578/1547 925/1527/1496 870/1579/1548
f 870/1579/1548 925/1527/1496 898/1525/1494
f 870/1580/1548 898/1523/1494 897/1581/1549
f 897/1581/1549 898/1523/1494 899/1521/1492
f 897/1581/1549 899/1521/1492 896/1582/1550
f 896/1582/1550 899/1521/1492 900/1577/1546
f 896/1582/1550 900/1577/1546 895/1583/1551
f 895/1583/1551 900/1577/1546 901/1575/1544
f 895/1583/1551 901/1575/1544 894/1584/1552
f 894/1584/1552 901/1575/1544 902/1573/1542
f 894/1584/1552 902/1573/1542 893/1585/1553
f 893/1585/1553 902/1573/1542 903/1571/1540
f 893/1585/1553 903/1571/1540 892/1586/1554
f 892/1586/1554 903/1571/1540 904/1569/1538
f 892/1586/1554 904/1569/1538 891/1587/1555
f 891/1587/1555 904/1569/1538 905/1567/1536
f 891/1587/1555 905/1567/1536 890/1588/1556
f 890/1588/1556 905/1567/1536 906/1565/1534
f 890/1588/1556 906/1565/1534 889/1589/1557
f 889/1589/1557 906/1565/1534 907/1563/1532
f 889/1589/1557 907/1563/1532 888/1590/1558
f 888/1590/1558 907/1563/1532 908/1561/1530
f 888/1590/1558 908/1561/1530 887/1591/1559
f 887/1591/1559 908/1561/1530 909/1559/1528
f 887/1591/1559 909/1559/1528 886/1592/1560
f 886/1592/1560 909/1559/1528 910/1557/1526
f 886/1592/1560 910/1557/1526 885/1593/1561
f 885/1593/1561 910/1557/1526 911/1555/1524
f 885/1593/1561 911/1555/1524 884/1594/1562
f 884/1594/1562 911/1555/1524 912/1553/1522
f 884/1594/1562 912/1553/1522 883/1595/1563
f 883/1595/1563 912/1553/1522 913/1551/1520
f 883/1595/1563 913/1551/1520 882/1596/1564
f 882/1596/1564 913/1551/1520 914/1549/1518
f 882/1596/1564 914/1549/1518 881/1597/1565
f 881/1597/1565 914/1549/1518 915/1547/1516
f 881/1597/1565 915/1547/1516 880/1598/1566
f 880/1598/1566 915/1547/1516 916/1545/1514
f 880/1598/1566 916/1545/1514 879/1599/1567
f 879/1599/1567 916/1545/1514 917/1543/1512
f 879/1599/1567 917/1543/1512 878/1600/1568
f 878/1600/1568 917/1543/1512 918/1541/1510
f 878/1600/1568 918/1541/1510 877/1601/1569
f 877/1601/1569 918/1541/1510 919/1539/1508
f 877/1601/1569 919/1539/1508 876/1602/1570
f 876/1602/1570 919/1539/1508 920/1537/1506
f 876/1602/1570 920/1537/1506 875/1603/1571
f 875/1603/1571 920/1537/1506 921/1535/1504
f 875/1603/1571 921/1535/1504 874/1604/1572
f 874/1604/1572 921/1535/1504 922/1533/1502
f 874/1604/1572 922/1533/1502 873/1605/1573
f 873/1605/1573 922/1533/1502 923/1531/1500
f 873/1605/1573 923/1531/1500 872/1606/1574
f 872/1606/1574 923/1531/1500 924/1529/1498
f 872/1606/1574 924/1529/1498 871/1578/1547
f 871/1578/1547 924/1529/1498 925/1527/1496
f 897/1607/1575 885/1608/1576 870/1609/1577
f 870/1609/1577 885/1608/1576 884/1610/1578
f 870/1609/1577 884/1610/1578 871/1611/1579
f 871/1611/1579 884/1610/1578 883/1612/1580
f 871/1611/1579 883/1612/1580 872/1613/1581
f 872/1613/1581 883/1612/1580 882/1614/1582
f 872/1613/1581 882/1614/1582 873/1615/1583
f 873/1615/1583 882/1614/1582 881/1616/1584
f 873/1615/1583 881/1616/1584 874/1617/1585
f 874/1617/1585 881/1616/1584 880/1618/1586
f 874/1617/1585 880/1618/1586 875/1619/1587
f 875/1619/1587 880/1618/1586 879/1620/1588
f 875/1619/1587 879/1620/1588 876/1621/1589
f 876/1621/1589 879/1620/1588 878/1622/1590
f 876/1621/1589 878/1622/1590 877/1623/1591
f 885/1608/1576 897/1607/1575 886/1624/1592
f 886/1624/1592 897/1607/1575 896/1625/1593
f 886/1624/1592 896/1625/1593 887/1626/1594
f 887/1626/1594 896/1625/1593 895/1627/1595
f 887/1626/1594 895/1627/1595 888/1628/1596
f 888/1628/1596 895/1627/1595 894/1629/1597
f 888/1628/1596 894/1629/1597 889/1630/1598
f 889/1630/1598 894/1629/1597 893/1631/1599
f 889/1630/1598 893/1631/1599 890/1632/1600
f 890/1632/1600 893/1631/1599 892/1633/1601
f 890/1632/1600 892/1633/1601 891/1634/1602
f 869/1635/1603 857/1636/1604 842/1637/1605
f 842/1637/1605 857/1636/1604 856/1638/1606
f 842/1637/1605 856/1638/1606 843/1639/1607
f 843/1639/1607 856/1638/1606 855/1640/1608
f 843/1639/1607 855/1640/1608 844/1641/1609
f 844/1641/1609 855/1640/1608 854/1642/1610
f 844/1641/1609 854/1642/1610 845/1643/1611
f 845/1643/1611 854/1642/1610 853/1644/1612
f 845/1643/1611 853/1644/1612 846/1645/1613
f 846/1645/1613 853/1644/1612 852/1646/1614
f 846/1645/1613 852/1646/1614 847/1647/1615
f 847/1647/1615 852/1646/1614 851/1648/1616
f 847/1647/1615 851/1648/1616 848/1649/1617
f 848/1649/1617 851/1648/1616 850/1650/1618
f 848/1649/1617 850/1650/1618 849/1651/1619
f 857/1636/1604 869/1635/1603 858/1652/1620
f 858/1652/1620 869/1635/1603 868/1653/1621
f 858/1652/1620 868/1653/1621 859/1654/1622
f 859/1654/1622 868/1653/1621 867/1655/1623
f 859/1654/1622 867/1655/1623 860/1656/1624
f 860/1656/1624 867/1655/1623 866/1657/1625
f 860/1656/1624 866/1657/1625 861/1658/1626
f 861/1658/1626 866/1657/1625 865/1659/1627
f 861/1658/1626 865/1659/1627 862/1660/1628
f 862/1660/1628 865/1659/1627 864/1661/1629
f 862/1660/1628 864/1661/1629 863/1662/1630
g Body3

v 7.510129 3.656374 -324.706071
v 7.494796 3.656374 -324.589602
v 7.449841 3.656374 -324.481071
v 7.378327 3.656374 -324.387873
v 7.285129 3.656374 -324.316359
v 7.176598 3.656374 -324.271404
v 7.060129 3.656374 -324.256071
v 6.943661 3.656374 -324.271404
v 6.835129 3.656374 -324.316359
v 6.741931 3.656374 -324.387873
v 6.670418 3.656374 -324.481071
v 6.625463 3.656374 -324.589602
v 6.610129 3.656374 -324.706071
v 6.625463 3.656374 -324.822539
v 6.670418 3.656374 -324.931071
v 6.741931 3.656374 -325.024269
v 6.835129 3.656374 -325.095782
v 6.943661 3.656374 -325.140737
v 7.060129 3.656374 -325.156071
v 7.176598 3.656374 -325.140737
v 7.285129 3.656374 -325.095782
v 7.378327 3.656374 -325.024269
v 7.449841 3.656374 -324.931071
v 7.494796 3.656374 -324.822539
v 7.510129 4.256374 -324.706071
v 7.494796 4.256374 -324.822539
v 7.449841 4.256374 -324.931071
v 7.378327 4.256374 -325.024269
v 7.285129 4.256374 -325.095782
v 7.176598 4.256374 -325.140737
v 7.060129 4.256374 -325.156071
v 6.943661 4.256374 -325.140737
v 6.835129 4.256374 -325.095782
v 6.741931 4.256374 -325.024269
v 6.670418 4.256374 -324.931071
v 6.625463 4.256374 -324.822539
v 6.610129 4.256374 -324.706071
v 6.625463 4.256374 -324.589602
v 6.670418 4.256374 -324.481071
v 6.741931 4.256374 -324.387873
v 6.835129 4.256374 -324.316359
v 6.943661 4.256374 -324.271404
v 7.060129 4.256374 -324.256071
v 7.176598 4.256374 -324.271404
v 7.285129 4.256374 -324.316359
v 7.378327 4.256374 -324.387873
v 7.449841 4.256374 -324.481071
v 7.494796 4.256374 -324.589602
v 7.310129 3.656374 -324.706071
v 7.301611 3.656374 -324.641366
v 7.276636 3.656374 -324.581071
v 7.236906 3.656374 -324.529294
v 7.185129 3.656374 -324.489564
v 7.124834 3.656374 -324.464589
v 7.060129 3.656374 -324.456071
v 6.995424 3.656374 -324.464589
v 6.935129 3.656374 -324.489564
v 6.883353 3.656374 -324.529294
v 6.843623 3.656374 -324.581071
v 6.818648 3.656374 -324.641366
v 6.810129 3.656374 -324.706071
v 6.818648 3.656374 -324.770775
v 6.843623 3.656374 -324.831071
v 6.883353 3.656374 -324.882847
v 6.935129 3.656374 -324.922577
v 6.995424 3.656374 -324.947552
v 7.060129 3.656374 -324.956071
v 7.124834 3.656374 -324.947552
v 7.185129 3.656374 -324.922577
v 7.236906 3.656374 -324.882847
v 7.276636 3.656374 -324.831071
v 7.301611 3.656374 -324.770775
v 14.414040 3.656374 -324.256071
v 14.297571 3.656374 -324.271404
v 14.189040 3.656374 -324.316359
v 14.095842 3.656374 -324.387873
v 14.024328 3.656374 -324.481071
v 13.979373 3.656374 -324.589602
v 13.964040 3.656374 -324.706071
v 13.979373 3.656374 -324.822539
v 14.024328 3.656374 -324.931071
v 14.095842 3.656374 -325.024269
v 14.189040 3.656374 -325.095782
v 14.297571 3.656374 -325.140737
v 14.414040 3.656374 -325.156071
v 14.530508 3.656374 -325.140737
v 14.639040 3.656374 -325.095782
v 14.732238 3.656374 -325.024269
v 14.803751 3.656374 -324.931071
v 14.848706 3.656374 -324.822539
v 14.864040 3.656374 -324.706071
v 14.848706 3.656374 -324.589602
v 14.803751 3.656374 -324.481071
v 14.732238 3.656374 -324.387873
v 14.639040 3.656374 -324.316359
v 14.530508 3.656374 -324.271404
v 14.414040 4.256374 -324.256071
v 14.530508 4.256374 -324.271404
v 14.639040 4.256374 -324.316359
v 14.732238 4.256374 -324.387873
v 14.803751 4.256374 -324.481071
v 14.848706 4.256374 -324.589602
v 14.864040 4.256374 -324.706071
v 14.848706 4.256374 -324.822539
v 14.803751 4.256374 -324.931071
v 14.732238 4.256374 -325.024269
v 14.639040 4.256374 -325.095782
v 14.530508 4.256374 -325.140737
v 14.414040 4.256374 -325.156071
v 14.297571 4.256374 -325.140737
v 14.189040 4.256374 -325.095782
v 14.095842 4.256374 -325.024269
v 14.024328 4.256374 -324.931071
v 13.979373 4.256374 -324.822539
v 13.964040 4.256374 -324.706071
v 13.979373 4.256374 -324.589602
v 14.024328 4.256374 -324.481071
v 14.095842 4.256374 -324.387873
v 14.189040 4.256374 -324.316359
v 14.297571 4.256374 -324.271404
v 14.414040 3.656374 -324.456071
v 14.349335 3.656374 -324.464589
v 14.289040 3.656374 -324.489564
v 14.237263 3.656374 -324.529294
v 14.197533 3.656374 -324.581071
v 14.172558 3.656374 -324.641366
v 14.164040 3.656374 -324.706071
v 14.172558 3.656374 -324.770775
v 14.197533 3.656374 -324.831071
v 14.237263 3.656374 -324.882847
v 14.289040 3.656374 -324.922577
v 14.349335 3.656374 -324.947552
v 14.414040 3.656374 -324.956071
v 14.478745 3.656374 -324.947552
v 14.539040 3.656374 -324.922577
v 14.590816 3.656374 -324.882847
v 14.630546 3.656374 -324.831071
v 14.655521 3.656374 -324.770775
v 14.664040 3.656374 -324.706071
v 14.655521 3.656374 -324.641366
v 14.630546 3.656374 -324.581071
v 14.590816 3.656374 -324.529294
v 14.539040 3.656374 -324.489564
v 14.478745 3.656374 -324.464589
v 7.060129 3.656374 -317.802160
v 7.176598 3.656374 -317.786827
v 7.285129 3.656374 -317.741871
v 7.378327 3.656374 -317.670358
v 7.449841 3.656374 -317.577160
v 7.494796 3.656374 -317.468629
v 7.510129 3.656374 -317.352160
v 7.494796 3.656374 -317.235691
v 7.449841 3.656374 -317.127160
v 7.378327 3.656374 -317.033962
v 7.285129 3.656374 -316.962449
v 7.176598 3.656374 -316.917493
v 7.060129 3.656374 -316.902160
v 6.943661 3.656374 -316.917493
v 6.835129 3.656374 -316.962449
v 6.741931 3.656374 -317.033962
v 6.670418 3.656374 -317.127160
v 6.625463 3.656374 -317.235691
v 6.610129 3.656374 -317.352160
v 6.625463 3.656374 -317.468629
v 6.670418 3.656374 -317.577160
v 6.741931 3.656374 -317.670358
v 6.835129 3.656374 -317.741871
v 6.943661 3.656374 -317.786827
v 7.060129 4.256374 -317.802160
v 6.943661 4.256374 -317.786827
v 6.835129 4.256374 -317.741871
v 6.741931 4.256374 -317.670358
v 6.670418 4.256374 -317.577160
v 6.625463 4.256374 -317.468629
v 6.610129 4.256374 -317.352160
v 6.625463 4.256374 -317.235691
v 6.670418 4.256374 -317.127160
v 6.741931 4.256374 -317.033962
v 6.835129 4.256374 -316.962449
v 6.943661 4.256374 -316.917493
v 7.060129 4.256374 -316.902160
v 7.176598 4.256374 -316.917493
v 7.285129 4.256374 -316.962449
v 7.378327 4.256374 -317.033962
v 7.449841 4.256374 -317.127160
v 7.494796 4.256374 -317.235691
v 7.510129 4.256374 -317.352160
v 7.494796 4.256374 -317.468629
v 7.449841 4.256374 -317.577160
v 7.378327 4.256374 -317.670358
v 7.285129 4.256374 -317.741871
v 7.176598 4.256374 -317.786827
v 7.060129 3.656374 -317.602160
v 7.124834 3.656374 -317.593642
v 7.185129 3.656374 -317.568666
v 7.236906 3.656374 -317.528937
v 7.276636 3.656374 -317.477160
v 7.301611 3.656374 -317.416865
v 7.310129 3.656374 -317.352160
v 7.301611 3.656374 -317.287455
v 7.276636 3.656374 -317.227160
v 7.236906 3.656374 -317.175383
v 7.185129 3.656374 -317.135654
v 7.124834 3.656374 -317.110679
v 7.060129 3.656374 -317.102160
v 6.995424 3.656374 -317.110679
v 6.935129 3.656374 -317.135654
v 6.883353 3.656374 -317.175383
v 6.843623 3.656374 -317.227160
v 6.818648 3.656374 -317.287455
v 6.810129 3.656374 -317.352160
v 6.818648 3.656374 -317.416865
v 6.843623 3.656374 -317.477160
v 6.883353 3.656374 -317.528937
v 6.935129 3.656374 -317.568666
v 6.995424 3.656374 -317.593642
v 13.964040 3.656374 -317.352160
v 13.979373 3.656374 -317.468629
v 14.024328 3.656374 -317.577160
v 14.095842 3.656374 -317.670358
v 14.189040 3.656374 -317.741871
v 14.297571 3.656374 -317.786827
v 14.414040 3.656374 -317.802160
v 14.530508 3.656374 -317.786827
v 14.639040 3.656374 -317.741871
v 14.732238 3.656374 -317.670358
v 14.803751 3.656374 -317.577160
v 14.848706 3.656374 -317.468629
v 14.864040 3.656374 -317.352160
v 14.848706 3.656374 -317.235691
v 14.803751 3.656374 -317.127160
v 14.732238 3.656374 -317.033962
v 14.639040 3.656374 -316.962449
v 14.530508 3.656374 -316.917493
v 14.414040 3.656374 -316.902160
v 14.297571 3.656374 -316.917493
v 14.189040 3.656374 -316.962449
v 14.095842 3.656374 -317.033962
v 14.024328 3.656374 -317.127160
v 13.979373 3.656374 -317.235691
v 13.964040 4.256374 -317.352160
v 13.979373 4.256374 -317.235691
v 14.024328 4.256374 -317.127160
v 14.095842 4.256374 -317.033962
v 14.189040 4.256374 -316.962449
v 14.297571 4.256374 -316.917493
v 14.414040 4.256374 -316.902160
v 14.530508 4.256374 -316.917493
v 14.639040 4.256374 -316.962449
v 14.732238 4.256374 -317.033962
v 14.803751 4.256374 -317.127160
v 14.848706 4.256374 -317.235691
v 14.864040 4.256374 -317.352160
v 14.848706 4.256374 -317.468629
v 14.803751 4.256374 -317.577160
v 14.732238 4.256374 -317.670358
v 14.639040 4.256374 -317.741871
v 14.530508 4.256374 -317.786827
v 14.414040 4.256374 -317.802160
v 14.297571 4.256374 -317.786827
v 14.189040 4.256374 -317.741871
v 14.095842 4.256374 -317.670358
v 14.024328 4.256374 -317.577160
v 13.979373 4.256374 -317.468629
v 14.164040 3.656374 -317.352160
v 14.172558 3.656374 -317.416865
v 14.197533 3.656374 -317.477160
v 14.237263 3.656374 -317.528937
v 14.289040 3.656374 -317.568666
v 14.349335 3.656374 -317.593642
v 14.414040 3.656374 -317.602160
v 14.478745 3.656374 -317.593642
v 14.539040 3.656374 -317.568666
v 14.590816 3.656374 -317.528937
v 14.630546 3.656374 -317.477160
v 14.655521 3.656374 -317.416865
v 14.664040 3.656374 -317.352160
v 14.655521 3.656374 -317.287455
v 14.630546 3.656374 -317.227160
v 14.590816 3.656374 -317.175383
v 14.539040 3.656374 -317.135654
v 14.478745 3.656374 -317.110679
v 14.414040 3.656374 -317.102160
v 14.349335 3.656374 -317.110679
v 14.289040 3.656374 -317.135654
v 14.237263 3.656374 -317.175383
v 14.197533 3.656374 -317.227160
v 14.172558 3.656374 -317.287455
v 14.414040 -2.743626 -324.456071
v 14.349335 -2.743626 -324.464589
v 14.289040 -2.743626 -324.489564
v 14.237263 -2.743626 -324.529294
v 14.197533 -2.743626 -324.581071
v 14.172558 -2.743626 -324.641366
v 14.164040 -2.743626 -324.706071
v 14.172558 -2.743626 -324.770775
v 14.197533 -2.743626 -324.831071
v 14.237263 -2.743626 -324.882847
v 14.289040 -2.743626 -324.922577
v 14.349335 -2.743626 -324.947552
v 14.414040 -2.743626 -324.956071
v 14.478745 -2.743626 -324.947552
v 14.539040 -2.743626 -324.922577
v 14.590816 -2.743626 -324.882847
v 14.630546 -2.743626 -324.831071
v 14.655521 -2.743626 -324.770775
v 14.664040 -2.743626 -324.706071
v 14.655521 -2.743626 -324.641366
v 14.630546 -2.743626 -324.581071
v 14.590816 -2.743626 -324.529294
v 14.539040 -2.743626 -324.489564
v 14.478745 -2.743626 -324.464589
v 14.414040 2.376374 -324.456071
v 14.414040 1.096374 -324.456071
v 14.414040 -0.183626 -324.456071
v 14.414040 -1.463626 -324.456071
v 14.478745 2.376374 -324.464589
v 14.478745 1.096374 -324.464589
v 14.478745 -0.183626 -324.464589
v 14.478745 -1.463626 -324.464589
v 14.539040 2.376374 -324.489564
v 14.539040 1.096374 -324.489564
v 14.539040 -0.183626 -324.489564
v 14.539040 -1.463626 -324.489564
v 14.590816 2.376374 -324.529294
v 14.590816 1.096374 -324.529294
v 14.590816 -0.183626 -324.529294
v 14.590816 -1.463626 -324.529294
v 14.630546 2.376374 -324.581071
v 14.630546 1.096374 -324.581071
v 14.630546 -0.183626 -324.581071
v 14.630546 -1.463626 -324.581071
v 14.655521 2.376374 -324.641366
v 14.655521 1.096374 -324.641366
v 14.655521 -0.183626 -324.641366
v 14.655521 -1.463626 -324.641366
v 14.664040 2.376374 -324.706071
v 14.664040 1.096374 -324.706071
v 14.664040 -0.183626 -324.706071
v 14.664040 -1.463626 -324.706071
v 14.655521 2.376374 -324.770775
v 14.655521 1.096374 -324.770775
v 14.655521 -0.183626 -324.770775
v 14.655521 -1.463626 -324.770775
v 14.630546 2.376374 -324.831071
v 14.630546 1.096374 -324.831071
v 14.630546 -0.183626 -324.831071
v 14.630546 -1.463626 -324.831071
v 14.590816 2.376374 -324.882847
v 14.590816 1.096374 -324.882847
v 14.590816 -0.183626 -324.882847
v 14.590816 -1.463626 -324.882847
v 14.539040 2.376374 -324.922577
v 14.539040 1.096374 -324.922577
v 14.539040 -0.183626 -324.922577
v 14.539040 -1.463626 -324.922577
v 14.478745 2.376374 -324.947552
v 14.478745 1.096374 -324.947552
v 14.478745 -0.183626 -324.947552
v 14.478745 -1.463626 -324.947552
v 14.414040 2.376374 -324.956071
v 14.414040 1.096374 -324.956071
v 14.414040 -0.183626 -324.956071
v 14.414040 -1.463626 -324.956071
v 14.349335 2.376374 -324.947552
v 14.349335 1.096374 -324.947552
v 14.349335 -0.183626 -324.947552
v 14.349335 -1.463626 -324.947552
v 14.289040 2.376374 -324.922577
v 14.289040 1.096374 -324.922577
v 14.289040 -0.183626 -324.922577
v 14.289040 -1.463626 -324.922577
v 14.237263 2.376374 -324.882847
v 14.237263 1.096374 -324.882847
v 14.237263 -0.183626 -324.882847
v 14.237263 -1.463626 -324.882847
v 14.197533 2.376374 -324.831071
v 14.197533 1.096374 -324.831071
v 14.197533 -0.183626 -324.831071
v 14.197533 -1.463626 -324.831071
v 14.172558 2.376374 -324.770775
v 14.172558 1.096374 -324.770775
v 14.172558 -0.183626 -324.770775
v 14.172558 -1.463626 -324.770775
v 14.164040 2.376374 -324.706071
v 14.164040 1.096374 -324.706071
v 14.164040 -0.183626 -324.706071
v 14.164040 -1.463626 -324.706071
v 14.172558 2.376374 -324.641366
v 14.172558 1.096374 -324.641366
v 14.172558 -0.183626 -324.641366
v 14.172558 -1.463626 -324.641366
v 14.197533 2.376374 -324.581071
v 14.197533 1.096374 -324.581071
v 14.197533 -0.183626 -324.581071
v 14.197533 -1.463626 -324.581071
v 14.237263 2.376374 -324.529294
v 14.237263 1.096374 -324.529294
v 14.237263 -0.183626 -324.529294
v 14.237263 -1.463626 -324.529294
v 14.289040 2.376374 -324.489564
v 14.289040 1.096374 -324.489564
v 14.289040 -0.183626 -324.489564
v 14.289040 -1.463626 -324.489564
v 14.349335 2.376374 -324.464589
v 14.349335 1.096374 -324.464589
v 14.349335 -0.183626 -324.464589
v 14.349335 -1.463626 -324.464589
v 14.164040 -2.743626 -317.352160
v 14.172558 -2.743626 -317.416865
v 14.197533 -2.743626 -317.477160
v 14.237263 -2.743626 -317.528937
v 14.289040 -2.743626 -317.568666
v 14.349335 -2.743626 -317.593642
v 14.414040 -2.743626 -317.602160
v 14.478745 -2.743626 -317.593642
v 14.539040 -2.743626 -317.568666
v 14.590816 -2.743626 -317.528937
v 14.630546 -2.743626 -317.477160
v 14.655521 -2.743626 -317.416865
v 14.664040 -2.743626 -317.352160
v 14.655521 -2.743626 -317.287455
v 14.630546 -2.743626 -317.227160
v 14.590816 -2.743626 -317.175383
v 14.539040 -2.743626 -317.135654
v 14.478745 -2.743626 -317.110679
v 14.414040 -2.743626 -317.102160
v 14.349335 -2.743626 -317.110679
v 14.289040 -2.743626 -317.135654
v 14.237263 -2.743626 -317.175383
v 14.197533 -2.743626 -317.227160
v 14.172558 -2.743626 -317.287455
v 14.164040 2.376374 -317.352160
v 14.164040 1.096374 -317.352160
v 14.164040 -0.183626 -317.352160
v 14.164040 -1.463626 -317.352160
v 14.172558 2.376374 -317.287455
v 14.172558 1.096374 -317.287455
v 14.172558 -0.183626 -317.287455
v 14.172558 -1.463626 -317.287455
v 14.197533 2.376374 -317.227160
v 14.197533 1.096374 -317.227160
v 14.197533 -0.183626 -317.227160
v 14.197533 -1.463626 -317.227160
v 14.237263 2.376374 -317.175383
v 14.237263 1.096374 -317.175383
v 14.237263 -0.183626 -317.175383
v 14.237263 -1.463626 -317.175383
v 14.289040 2.376374 -317.135654
v 14.289040 1.096374 -317.135654
v 14.289040 -0.183626 -317.135654
v 14.289040 -1.463626 -317.135654
v 14.349335 2.376374 -317.110679
v 14.349335 1.096374 -317.110679
v 14.349335 -0.183626 -317.110679
v 14.349335 -1.463626 -317.110679
v 14.414040 2.376374 -317.102160
v 14.414040 1.096374 -317.102160
v 14.414040 -0.183626 -317.102160
v 14.414040 -1.463626 -317.102160
v 14.478745 2.376374 -317.110679
v 14.478745 1.096374 -317.110679
v 14.478745 -0.183626 -317.110679
v 14.478745 -1.463626 -317.110679
v 14.539040 2.376374 -317.135654
v 14.539040 1.096374 -317.135654
v 14.539040 -0.183626 -317.135654
v 14.539040 -1.463626 -317.135654
v 14.590816 2.376374 -317.175383
v 14.590816 1.096374 -317.175383
v 14.590816 -0.183626 -317.175383
v 14.590816 -1.463626 -317.175383
v 14.630546 2.376374 -317.227160
v 14.630546 1.096374 -317.227160
v 14.630546 -0.183626 -317.227160
v 14.630546 -1.463626 -317.227160
v 14.655521 2.376374 -317.287455
v 14.655521 1.096374 -317.287455
v 14.655521 -0.183626 -317.287455
v 14.655521 -1.463626 -317.287455
v 14.664040 2.376374 -317.352160
v 14.664040 1.096374 -317.352160
v 14.664040 -0.183626 -317.352160
v 14.664040 -1.463626 -317.352160
v 14.655521 2.376374 -317.416865
v 14.655521 1.096374 -317.416865
v 14.655521 -0.183626 -317.416865
v 14.655521 -1.463626 -317.416865
v 14.630546 2.376374 -317.477160
v 14.630546 1.096374 -317.477160
v 14.630546 -0.183626 -317.477160
v 14.630546 -1.463626 -317.477160
v 14.590816 2.376374 -317.528937
v 14.590816 1.096374 -317.528937
v 14.590816 -0.183626 -317.528937
v 14.590816 -1.463626 -317.528937
v 14.539040 2.376374 -317.568666
v 14.539040 1.096374 -317.568666
v 14.539040 -0.183626 -317.568666
v 14.539040 -1.463626 -317.568666
v 14.478745 2.376374 -317.593642
v 14.478745 1.096374 -317.593642
v 14.478745 -0.183626 -317.593642
v 14.478745 -1.463626 -317.593642
v 14.414040 2.376374 -317.602160
v 14.414040 1.096374 -317.602160
v 14.414040 -0.183626 -317.602160
v 14.414040 -1.463626 -317.602160
v 14.349335 2.376374 -317.593642
v 14.349335 1.096374 -317.593642
v 14.349335 -0.183626 -317.593642
v 14.349335 -1.463626 -317.593642
v 14.289040 2.376374 -317.568666
v 14.289040 1.096374 -317.568666
v 14.289040 -0.183626 -317.568666
v 14.289040 -1.463626 -317.568666
v 14.237263 2.376374 -317.528937
v 14.237263 1.096374 -317.528937
v 14.237263 -0.183626 -317.528937
v 14.237263 -1.463626 -317.528937
v 14.197533 2.376374 -317.477160
v 14.197533 1.096374 -317.477160
v 14.197533 -0.183626 -317.477160
v 14.197533 -1.463626 -317.477160
v 14.172558 2.376374 -317.416865
v 14.172558 1.096374 -317.416865
v 14.172558 -0.183626 -317.416865
v 14.172558 -1.463626 -317.416865
v 7.310129 -2.743626 -324.706071
v 7.301611 -2.743626 -324.641366
v 7.276636 -2.743626 -324.581071
v 7.236906 -2.743626 -324.529294
v 7.185129 -2.743626 -324.489564
v 7.124834 -2.743626 -324.464589
v 7.060129 -2.743626 -324.456071
v 6.995424 -2.743626 -324.464589
v 6.935129 -2.743626 -324.489564
v 6.883353 -2.743626 -324.529294
v 6.843623 -2.743626 -324.581071
v 6.818648 -2.743626 -324.641366
v 6.810129 -2.743626 -324.706071
v 6.818648 -2.743626 -324.770775
v 6.843623 -2.743626 -324.831071
v 6.883353 -2.743626 -324.882847
v 6.935129 -2.743626 -324.922577
v 6.995424 -2.743626 -324.947552
v 7.060129 -2.743626 -324.956071
v 7.124834 -2.743626 -324.947552
v 7.185129 -2.743626 -324.922577
v 7.236906 -2.743626 -324.882847
v 7.276636 -2.743626 -324.831071
v 7.301611 -2.743626 -324.770775
v 7.310129 2.376374 -324.706071
v 7.310129 1.096374 -324.706071
v 7.310129 -0.183626 -324.706071
v 7.310129 -1.463626 -324.706071
v 7.301611 2.376374 -324.770775
v 7.301611 1.096374 -324.770775
v 7.301611 -0.183626 -324.770775
v 7.301611 -1.463626 -324.770775
v 7.276636 2.376374 -324.831071
v 7.276636 1.096374 -324.831071
v 7.276636 -0.183626 -324.831071
v 7.276636 -1.463626 -324.831071
v 7.236906 2.376374 -324.882847
v 7.236906 1.096374 -324.882847
v 7.236906 -0.183626 -324.882847
v 7.236906 -1.463626 -324.882847
v 7.185129 2.376374 -324.922577
v 7.185129 1.096374 -324.922577
v 7.185129 -0.183626 -324.922577
v 7.185129 -1.463626 -324.922577
v 7.124834 2.376374 -324.947552
v 7.124834 1.096374 -324.947552
v 7.124834 -0.183626 -324.947552
v 7.124834 -1.463626 -324.947552
v 7.060129 2.376374 -324.956071
v 7.060129 1.096374 -324.956071
v 7.060129 -0.183626 -324.956071
v 7.060129 -1.463626 -324.956071
v 6.995424 2.376374 -324.947552
v 6.995424 1.096374 -324.947552
v 6.995424 -0.183626 -324.947552
v 6.995424 -1.463626 -324.947552
v 6.935129 2.376374 -324.922577
v 6.935129 1.096374 -324.922577
v 6.935129 -0.183626 -324.922577
v 6.935129 -1.463626 -324.922577
v 6.883353 2.376374 -324.882847
v 6.883353 1.096374 -324.882847
v 6.883353 -0.183626 -324.882847
v 6.883353 -1.463626 -324.882847
v 6.843623 2.376374 -324.831071
v 6.843623 1.096374 -324.831071
v 6.843623 -0.183626 -324.831071
v 6.843623 -1.463626 -324.831071
v 6.818648 2.376374 -324.770775
v 6.818648 1.096374 -324.770775
v 6.818648 -0.183626 -324.770775
v 6.818648 -1.463626 -324.770775
v 6.810129 2.376374 -324.706071
v 6.810129 1.096374 -324.706071
v 6.810129 -0.183626 -324.706071
v 6.810129 -1.463626 -324.706071
v 6.818648 2.376374 -324.641366
v 6.818648 1.096374 -324.641366
v 6.818648 -0.183626 -324.641366
v 6.818648 -1.463626 -324.641366
v 6.843623 2.376374 -324.581071
v 6.843623 1.096374 -324.581071
v 6.843623 -0.183626 -324.581071
v 6.843623 -1.463626 -324.581071
v 6.883353 2.376374 -324.529294
v 6.883353 1.096374 -324.529294
v 6.883353 -0.183626 -324.529294
v 6.883353 -1.463626 -324.529294
v 6.935129 2.376374 -324.489564
v 6.935129 1.096374 -324.489564
v 6.935129 -0.183626 -324.489564
v 6.935129 -1.463626 -324.489564
v 6.995424 2.376374 -324.464589
v 6.995424 1.096374 -324.464589
v 6.995424 -0.183626 -324.464589
v 6.995424 -1.463626 -324.464589
v 7.060129 2.376374 -324.456071
v 7.060129 1.096374 -324.456071
v 7.060129 -0.183626 -324.456071
v 7.060129 -1.463626 -324.456071
v 7.124834 2.376374 -324.464589
v 7.124834 1.096374 -324.464589
v 7.124834 -0.183626 -324.464589
v 7.124834 -1.463626 -324.464589
v 7.185129 2.376374 -324.489564
v 7.185129 1.096374 -324.489564
v 7.185129 -0.183626 -324.489564
v 7.185129 -1.463626 -324.489564
v 7.236906 2.376374 -324.529294
v 7.236906 1.096374 -324.529294
v 7.236906 -0.183626 -324.529294
v 7.236906 -1.463626 -324.529294
v 7.276636 2.376374 -324.581071
v 7.276636 1.096374 -324.581071
v 7.276636 -0.183626 -324.581071
v 7.276636 -1.463626 -324.581071
v 7.301611 2.376374 -324.641366
v 7.301611 1.096374 -324.641366
v 7.301611 -0.183626 -324.641366
v 7.301611 -1.463626 -324.641366
v 7.060129 -2.743626 -317.602160
v 7.124834 -2.743626 -317.593642
v 7.185129 -2.743626 -317.568666
v 7.236906 -2.743626 -317.528937
v 7.276636 -2.743626 -317.477160
v 7.301611 -2.743626 -317.416865
v 7.310129 -2.743626 -317.352160
v 7.301611 -2.743626 -317.287455
v 7.276636 -2.743626 -317.227160
v 7.236906 -2.743626 -317.175383
v 7.185129 -2.743626 -317.135654
v 7.124834 -2.743626 -317.110679
v 7.060129 -2.743626 -317.102160
v 6.995424 -2.743626 -317.110679
v 6.935129 -2.743626 -317.135654
v 6.883353 -2.743626 -317.175383
v 6.843623 -2.743626 -317.227160
v 6.818648 -2.743626 -317.287455
v 6.810129 -2.743626 -317.352160
v 6.818648 -2.743626 -317.416865
v 6.843623 -2.743626 -317.477160
v 6.883353 -2.743626 -317.528937
v 6.935129 -2.743626 -317.568666
v 6.995424 -2.743626 -317.593642
v 7.060129 2.376374 -317.602160
v 7.060129 1.096374 -317.602160
v 7.060129 -0.183626 -317.602160
v 7.060129 -1.463626 -317.602160
v 6.995424 2.376374 -317.593642
v 6.995424 1.096374 -317.593642
v 6.995424 -0.183626 -317.593642
v 6.995424 -1.463626 -317.593642
v 6.935129 2.376374 -317.568666
v 6.935129 1.096374 -317.568666
v 6.935129 -0.183626 -317.568666
v 6.935129 -1.463626 -317.568666
v 6.883353 2.376374 -317.528937
v 6.883353 1.096374 -317.528937
v 6.883353 -0.183626 -317.528937
v 6.883353 -1.463626 -317.528937
v 6.843623 2.376374 -317.477160
v 6.843623 1.096374 -317.477160
v 6.843623 -0.183626 -317.477160
v 6.843623 -1.463626 -317.477160
v 6.818648 2.376374 -317.416865
v 6.818648 1.096374 -317.416865
v 6.818648 -0.183626 -317.416865
v 6.818648 -1.463626 -317.416865
v 6.810129 2.376374 -317.352160
v 6.810129 1.096374 -317.352160
v 6.810129 -0.183626 -317.352160
v 6.810129 -1.463626 -317.352160
v 6.818648 2.376374 -317.287455
v 6.818648 1.096374 -317.287455
v 6.818648 -0.183626 -317.287455
v 6.818648 -1.463626 -317.287455
v 6.843623 2.376374 -317.227160
v 6.843623 1.096374 -317.227160
v 6.843623 -0.183626 -317.227160
v 6.843623 -1.463626 -317.227160
v 6.883353 2.376374 -317.175383
v 6.883353 1.096374 -317.175383
v 6.883353 -0.183626 -317.175383
v 6.883353 -1.463626 -317.175383
v 6.935129 2.376374 -317.135654
v 6.935129 1.096374 -317.135654
v 6.935129 -0.183626 -317.135654
v 6.935129 -1.463626 -317.135654
v 6.995424 2.376374 -317.110679
v 6.995424 1.096374 -317.110679
v 6.995424 -0.183626 -317.110679
v 6.995424 -1.463626 -317.110679
v 7.060129 2.376374 -317.102160
v 7.060129 1.096374 -317.102160
v 7.060129 -0.183626 -317.102160
v 7.060129 -1.463626 -317.102160
v 7.124834 2.376374 -317.110679
v 7.124834 1.096374 -317.110679
v 7.124834 -0.183626 -317.110679
v 7.124834 -1.463626 -317.110679
v 7.185129 2.376374 -317.135654
v 7.185129 1.096374 -317.135654
v 7.185129 -0.183626 -317.135654
v 7.185129 -1.463626 -317.135654
v 7.236906 2.376374 -317.175383
v 7.236906 1.096374 -317.175383
v 7.236906 -0.183626 -317.175383
v 7.236906 -1.463626 -317.175383
v 7.276636 2.376374 -317.227160
v 7.276636 1.096374 -317.227160
v 7.276636 -0.183626 -317.227160
v 7.276636 -1.463626 -317.227160
v 7.301611 2.376374 -317.287455
v 7.301611 1.096374 -317.287455
v 7.301611 -0.183626 -317.287455
v 7.301611 -1.463626 -317.287455
v 7.310129 2.376374 -317.352160
v 7.310129 1.096374 -317.352160
v 7.310129 -0.183626 -317.352160
v 7.310129 -1.463626 -317.352160
v 7.301611 2.376374 -317.416865
v 7.301611 1.096374 -317.416865
v 7.301611 -0.183626 -317.416865
v 7.301611 -1.463626 -317.416865
v 7.276636 2.376374 -317.477160
v 7.276636 1.096374 -317.477160
v 7.276636 -0.183626 -317.477160
v 7.276636 -1.463626 -317.477160
v 7.236906 2.376374 -317.528937
v 7.236906 1.096374 -317.528937
v 7.236906 -0.183626 -317.528937
v 7.236906 -1.463626 -317.528937
v 7.185129 2.376374 -317.568666
v 7.185129 1.096374 -317.568666
v 7.185129 -0.183626 -317.568666
v 7.185129 -1.463626 -317.568666
v 7.124834 2.376374 -317.593642
v 7.124834 1.096374 -317.593642
v 7.124834 -0.183626 -317.593642
v 7.124834 -1.463626 -317.593642
v 7.644837 4.256374 -324.990003
v 8.259662 4.256374 -325.400958
v 8.928146 4.256374 -325.717224
v 9.635808 4.256374 -325.931953
v 10.367323 4.256374 -326.040493
v 11.106846 4.256374 -326.040493
v 11.838361 4.256374 -325.931953
v 12.546023 4.256374 -325.717224
v 13.214507 4.256374 -325.400958
v 13.829332 4.256374 -324.990003
v 13.829332 -2.743626 -324.990003
v 13.214507 -2.743626 -325.400958
v 12.546023 -2.743626 -325.717224
v 11.838361 -2.743626 -325.931953
v 11.106846 -2.743626 -326.040493
v 10.367323 -2.743626 -326.040493
v 9.635808 -2.743626 -325.931953
v 8.928146 -2.743626 -325.717224
v 8.259662 -2.743626 -325.400958
v 7.644837 -2.743626 -324.990003
v 6.776197 4.256374 -324.121363
v 6.638440 4.256374 -324.211421
v 6.527719 4.256374 -324.333191
v 6.451131 4.256374 -324.478868
v 6.413587 4.256374 -324.639111
v 6.417495 4.256374 -324.803646
v 6.462603 4.256374 -324.961926
v 6.546020 4.256374 -325.103803
v 6.662397 4.256374 -325.220180
v 6.804273 4.256374 -325.303597
v 6.962553 4.256374 -325.348705
v 7.127089 4.256374 -325.352612
v 7.287332 4.256374 -325.315069
v 7.433009 4.256374 -325.238481
v 7.554779 4.256374 -325.127759
v 7.554779 -2.743626 -325.127759
v 7.433009 -2.743626 -325.238481
v 7.287332 -2.743626 -325.315069
v 7.127089 -2.743626 -325.352612
v 6.962553 -2.743626 -325.348705
v 6.804273 -2.743626 -325.303597
v 6.662397 -2.743626 -325.220180
v 6.546020 -2.743626 -325.103803
v 6.462603 -2.743626 -324.961926
v 6.417495 -2.743626 -324.803646
v 6.413587 -2.743626 -324.639111
v 6.451131 -2.743626 -324.478868
v 6.527719 -2.743626 -324.333191
v 6.638440 -2.743626 -324.211421
v 6.776197 -2.743626 -324.121363
v 6.638440 0.756374 -324.211421
v 6.527719 0.756374 -324.333191
v 6.451131 0.756374 -324.478868
v 6.413587 0.756374 -324.639111
v 6.417495 0.756374 -324.803646
v 6.462603 0.756374 -324.961926
v 6.546020 0.756374 -325.103803
v 6.662397 0.756374 -325.220180
v 6.804273 0.756374 -325.303597
v 6.962553 0.756374 -325.348705
v 7.127089 0.756374 -325.352612
v 7.287332 0.756374 -325.315069
v 7.433009 0.756374 -325.238481
v 7.554779 0.756374 -325.127759
v 6.776197 4.256374 -317.936867
v 6.365242 4.256374 -318.551693
v 6.048976 4.256374 -319.220176
v 5.834247 4.256374 -319.927839
v 5.725707 4.256374 -320.659354
v 5.725707 4.256374 -321.398877
v 5.834247 4.256374 -322.130392
v 6.048976 4.256374 -322.838054
v 6.365242 4.256374 -323.506538
v 6.365242 -2.743626 -323.506538
v 6.048976 -2.743626 -322.838054
v 5.834247 -2.743626 -322.130392
v 5.725707 -2.743626 -321.398877
v 5.725707 -2.743626 -320.659354
v 5.834247 -2.743626 -319.927839
v 6.048976 -2.743626 -319.220176
v 6.365242 -2.743626 -318.551693
v 6.776197 -2.743626 -317.936867
v 7.644837 4.256374 -317.068228
v 7.554779 4.256374 -316.930471
v 7.433009 4.256374 -316.819750
v 7.287332 4.256374 -316.743162
v 7.127089 4.256374 -316.705618
v 6.962553 4.256374 -316.709526
v 6.804273 4.256374 -316.754634
v 6.662397 4.256374 -316.838050
v 6.546020 4.256374 -316.954428
v 6.462603 4.256374 -317.096304
v 6.417495 4.256374 -317.254584
v 6.413587 4.256374 -317.419120
v 6.451131 4.256374 -317.579363
v 6.527719 4.256374 -317.725039
v 6.638440 4.256374 -317.846810
v 6.638440 -2.743626 -317.846810
v 6.527719 -2.743626 -317.725039
v 6.451131 -2.743626 -317.579363
v 6.413587 -2.743626 -317.419120
v 6.417495 -2.743626 -317.254584
v 6.462603 -2.743626 -317.096304
v 6.546020 -2.743626 -316.954428
v 6.662397 -2.743626 -316.838050
v 6.804273 -2.743626 -316.754634
v 6.962553 -2.743626 -316.709526
v 7.127089 -2.743626 -316.705618
v 7.287332 -2.743626 -316.743162
v 7.433009 -2.743626 -316.819750
v 7.554779 -2.743626 -316.930471
v 7.644837 -2.743626 -317.068228
v 7.554779 0.756374 -316.930471
v 7.433009 0.756374 -316.819750
v 7.287332 0.756374 -316.743162
v 7.127089 0.756374 -316.705618
v 6.962553 0.756374 -316.709526
v 6.804273 0.756374 -316.754634
v 6.662397 0.756374 -316.838050
v 6.546020 0.756374 -316.954428
v 6.462603 0.756374 -317.096304
v 6.417495 0.756374 -317.254584
v 6.413587 0.756374 -317.419120
v 6.451131 0.756374 -317.579363
v 6.527719 0.756374 -317.725039
v 6.638440 0.756374 -317.846810
v 13.829332 4.256374 -317.068228
v 13.214507 4.256374 -316.657273
v 12.546023 4.256374 -316.341006
v 11.838361 4.256374 -316.126278
v 11.106846 4.256374 -316.017738
v 10.367323 4.256374 -316.017738
v 9.635808 4.256374 -316.126278
v 8.928146 4.256374 -316.341006
v 8.259662 4.256374 -316.657273
v 8.259662 -2.743626 -316.657273
v 8.928146 -2.743626 -316.341006
v 9.635808 -2.743626 -316.126278
v 10.367323 -2.743626 -316.017738
v 11.106846 -2.743626 -316.017738
v 11.838361 -2.743626 -316.126278
v 12.546023 -2.743626 -316.341006
v 13.214507 -2.743626 -316.657273
v 13.829332 -2.743626 -317.068228
v 14.697972 4.256374 -317.936867
v 14.835729 4.256374 -317.846810
v 14.946450 4.256374 -317.725039
v 15.023038 4.256374 -317.579363
v 15.060582 4.256374 -317.419120
v 15.056674 4.256374 -317.254584
v 15.011566 4.256374 -317.096304
v 14.928150 4.256374 -316.954428
v 14.811772 4.256374 -316.838050
v 14.669896 4.256374 -316.754634
v 14.511616 4.256374 -316.709526
v 14.347080 4.256374 -316.705618
v 14.186837 4.256374 -316.743162
v 14.041160 4.256374 -316.819750
v 13.919390 4.256374 -316.930471
v 13.919390 -2.743626 -316.930471
v 14.041160 -2.743626 -316.819750
v 14.186837 -2.743626 -316.743162
v 14.347080 -2.743626 -316.705618
v 14.511616 -2.743626 -316.709526
v 14.669896 -2.743626 -316.754634
v 14.811772 -2.743626 -316.838050
v 14.928150 -2.743626 -316.954428
v 15.011566 -2.743626 -317.096304
v 15.056674 -2.743626 -317.254584
v 15.060582 -2.743626 -317.419120
v 15.023038 -2.743626 -317.579363
v 14.946450 -2.743626 -317.725039
v 14.835729 -2.743626 -317.846810
v 14.697972 -2.743626 -317.936867
v 14.835729 0.756374 -317.846810
v 14.946450 0.756374 -317.725039
v 15.023038 0.756374 -317.579363
v 15.060582 0.756374 -317.419120
v 15.056674 0.756374 -317.254584
v 15.011566 0.756374 -317.096304
v 14.928150 0.756374 -316.954428
v 14.811772 0.756374 -316.838050
v 14.669896 0.756374 -316.754634
v 14.511616 0.756374 -316.709526
v 14.347080 0.756374 -316.705618
v 14.186837 0.756374 -316.743162
v 14.041160 0.756374 -316.819750
v 13.919390 0.756374 -316.930471
v 14.697972 4.256374 -324.121363
v 15.108927 4.256374 -323.506538
v 15.425193 4.256374 -322.838054
v 15.639922 4.256374 -322.130392
v 15.748462 4.256374 -321.398877
v 15.748462 4.256374 -320.659354
v 15.639922 4.256374 -319.927839
v 15.425193 4.256374 -319.220176
v 15.108927 4.256374 -318.551693
v 15.108927 -2.743626 -318.551693
v 15.425193 -2.743626 -319.220176
v 15.639922 -2.743626 -319.927839
v 15.748462 -2.743626 -320.659354
v 15.748462 -2.743626 -321.398877
v 15.639922 -2.743626 -322.130392
v 15.425193 -2.743626 -322.838054
v 15.108927 -2.743626 -323.506538
v 14.697972 -2.743626 -324.121363
v 13.919390 4.256374 -325.127759
v 14.041160 4.256374 -325.238481
v 14.186837 4.256374 -325.315069
v 14.347080 4.256374 -325.352612
v 14.511616 4.256374 -325.348705
v 14.669896 4.256374 -325.303597
v 14.811772 4.256374 -325.220180
v 14.928150 4.256374 -325.103803
v 15.011566 4.256374 -324.961926
v 15.056674 4.256374 -324.803646
v 15.060582 4.256374 -324.639111
v 15.023038 4.256374 -324.478868
v 14.946450 4.256374 -324.333191
v 14.835729 4.256374 -324.211421
v 14.835729 -2.743626 -324.211421
v 14.946450 -2.743626 -324.333191
v 15.023038 -2.743626 -324.478868
v 15.060582 -2.743626 -324.639111
v 15.056674 -2.743626 -324.803646
v 15.011566 -2.743626 -324.961926
v 14.928150 -2.743626 -325.103803
v 14.811772 -2.743626 -325.220180
v 14.669896 -2.743626 -325.303597
v 14.511616 -2.743626 -325.348705
v 14.347080 -2.743626 -325.352612
v 14.186837 -2.743626 -325.315069
v 14.041160 -2.743626 -325.238481
v 13.919390 -2.743626 -325.127759
v 13.919390 0.756374 -325.127759
v 14.041160 0.756374 -325.238481
v 14.186837 0.756374 -325.315069
v 14.347080 0.756374 -325.352612
v 14.511616 0.756374 -325.348705
v 14.669896 0.756374 -325.303597
v 14.811772 0.756374 -325.220180
v 14.928150 0.756374 -325.103803
v 15.011566 0.756374 -324.961926
v 15.056674 0.756374 -324.803646
v 15.060582 0.756374 -324.639111
v 15.023038 0.756374 -324.478868
v 14.946450 0.756374 -324.333191
v 14.835729 0.756374 -324.211421
vt 0.600000 -1.295907 0.000000
vt 0.000000 -1.295907 0.000000
vt 0.600000 -1.413717 0.000000
vt 0.000000 -1.413717 0.000000
vt 0.600000 1.413717 0.000000
vt 0.000000 1.413717 0.000000
vt 0.600000 1.295907 0.000000
vt 0.000000 1.295907 0.000000
vt 0.600000 1.178097 0.000000
vt 0.000000 1.178097 0.000000
vt 0.600000 1.060288 0.000000
vt 0.000000 1.060288 0.000000
vt 0.600000 0.942478 0.000000
vt 0.000000 0.942478 0.000000
vt 0.600000 0.824668 0.000000
vt 0.000000 0.824668 0.000000
vt 0.600000 0.706858 0.000000
vt 0.000000 0.706858 0.000000
vt 0.600000 0.589049 0.000000
vt 0.000000 0.589049 0.000000
vt 0.600000 0.471239 0.000000
vt 0.000000 0.471239 0.000000
vt 0.600000 0.353429 0.000000
vt 0.000000 0.353429 0.000000
vt 0.600000 0.235619 0.000000
vt 0.000000 0.235619 0.000000
vt 0.600000 0.117810 0.000000
vt 0.000000 0.117810 0.000000
vt 0.600000 0.000000 0.000000
vt 0.000000 0.000000 0.000000
vt 0.600000 -0.117810 0.000000
vt 0.000000 -0.117810 0.000000
vt 0.600000 -0.235619 0.000000
vt 0.000000 -0.235619 0.000000
vt 0.600000 -0.353429 0.000000
vt 0.000000 -0.353429 0.000000
vt 0.600000 -0.471239 0.000000
vt 0.000000 -0.471239 0.000000
vt 0.600000 -0.589049 0.000000
vt 0.000000 -0.589049 0.000000
vt 0.600000 -0.706858 0.000000
vt 0.000000 -0.706858 0.000000
vt 0.600000 -0.824668 0.000000
vt 0.000000 -0.824668 0.000000
vt 0.600000 -0.942478 0.000000
vt 0.000000 -0.942478 0.000000
vt 0.600000 -1.060288 0.000000
vt 0.000000 -1.060288 0.000000
vt 0.600000 -1.178097 0.000000
vt 0.000000 -1.178097 0.000000
vt -0.434667 -0.116469 0.000000
vt -0.241481 -0.064705 0.000000
vt -0.450000 0.000000 0.000000
vt -0.250000 0.000000 0.000000
vt -0.241481 0.064705 0.000000
vt -0.216506 -0.125000 0.000000
vt -0.389711 -0.225000 0.000000
vt -0.176777 -0.176777 0.000000
vt -0.318198 -0.318198 0.000000
vt -0.125000 -0.216506 0.000000
vt -0.225000 -0.389711 0.000000
vt -0.064705 -0.241481 0.000000
vt -0.116469 -0.434667 0.000000
vt -0.000000 -0.250000 0.000000
vt -0.000000 -0.450000 0.000000
vt 0.116469 -0.434667 0.000000
vt 0.064705 -0.241481 0.000000
vt 0.225000 -0.389711 0.000000
vt 0.125000 -0.216506 0.000000
vt 0.318198 -0.318198 0.000000
vt 0.176777 -0.176777 0.000000
vt 0.389711 -0.225000 0.000000
vt 0.216506 -0.125000 0.000000
vt 0.434667 -0.116469 0.000000
vt 0.241481 -0.064705 0.000000
vt 0.250000 0.000000 0.000000
vt 0.450000 0.000000 0.000000
vt 0.241481 0.064705 0.000000
vt 0.434667 0.116469 0.000000
vt 0.216506 0.125000 0.000000
vt 0.389711 0.225000 0.000000
vt 0.176777 0.176777 0.000000
vt 0.318198 0.318198 0.000000
vt 0.125000 0.216506 0.000000
vt 0.225000 0.389711 0.000000
vt 0.064705 0.241481 0.000000
vt 0.116469 0.434667 0.000000
vt -0.000000 0.250000 0.000000
vt -0.000000 0.450000 0.000000
vt -0.116469 0.434667 0.000000
vt -0.064705 0.241481 0.000000
vt -0.225000 0.389711 0.000000
vt -0.125000 0.216506 0.000000
vt -0.318198 0.318198 0.000000
vt -0.176777 0.176777 0.000000
vt -0.389711 0.225000 0.000000
vt -0.216506 0.125000 0.000000
vt -0.434667 0.116469 0.000000
vt 0.600000 -1.295907 0.000000
vt 0.000000 -1.295907 0.000000
vt 0.600000 -1.413717 0.000000
vt 0.000000 -1.413717 0.000000
vt 0.600000 1.413717 0.000000
vt 0.000000 1.413717 0.000000
vt 0.600000 1.295907 0.000000
vt 0.000000 1.295907 0.000000
vt 0.600000 1.178097 0.000000
vt 0.000000 1.178097 0.000000
vt 0.600000 1.060288 0.000000
vt 0.000000 1.060288 0.000000
vt 0.600000 0.942478 0.000000
vt 0.000000 0.942478 0.000000
vt 0.600000 0.824668 0.000000
vt 0.000000 0.824668 0.000000
vt 0.600000 0.706858 0.000000
vt 0.000000 0.706858 0.000000
vt 0.600000 0.589049 0.000000
vt 0.000000 0.589049 0.000000
vt 0.600000 0.471239 0.000000
vt 0.000000 0.471239 0.000000
vt 0.600000 0.353429 0.000000
vt 0.000000 0.353429 0.000000
vt 0.600000 0.235619 0.000000
vt 0.000000 0.235619 0.000000
vt 0.600000 0.117810 0.000000
vt 0.000000 0.117810 0.000000
vt 0.600000 0.000000 0.000000
vt 0.000000 0.000000 0.000000
vt 0.600000 -0.117810 0.000000
vt 0.000000 -0.117810 0.000000
vt 0.600000 -0.235619 0.000000
vt 0.000000 -0.235619 0.000000
vt 0.600000 -0.353429 0.000000
vt 0.000000 -0.353429 0.000000
vt 0.600000 -0.471239 0.000000
vt 0.000000 -0.471239 0.000000
vt 0.600000 -0.589049 0.000000
vt 0.000000 -0.589049 0.000000
vt 0.600000 -0.706858 0.000000
vt 0.000000 -0.706858 0.000000
vt 0.600000 -0.824668 0.000000
vt 0.000000 -0.824668 0.000000
vt 0.600000 -0.942478 0.000000
vt 0.000000 -0.942478 0.000000
vt 0.600000 -1.060288 0.000000
vt 0.000000 -1.060288 0.000000
vt 0.600000 -1.178097 0.000000
vt 0.000000 -1.178097 0.000000
vt 0.116469 0.434667 0.000000
vt -0.000000 0.450000 0.000000
vt -0.000000 0.250000 0.000000
vt -0.116469 0.434667 0.000000
vt -0.064705 0.241481 0.000000
vt -0.225000 0.389711 0.000000
vt -0.125000 0.216506 0.000000
vt -0.318198 0.318198 0.000000
vt -0.176777 0.176777 0.000000
vt -0.389711 0.225000 0.000000
vt -0.216506 0.125000 0.000000
vt -0.434667 0.116469 0.000000
vt -0.241481 0.064705 0.000000
vt -0.450000 0.000000 0.000000
vt -0.250000 0.000000 0.000000
vt -0.241481 -0.064705 0.000000
vt -0.434667 -0.116469 0.000000
vt -0.216506 -0.125000 0.000000
vt -0.389711 -0.225000 0.000000
vt -0.176777 -0.176777 0.000000
vt -0.318198 -0.318198 0.000000
vt -0.125000 -0.216506 0.000000
vt -0.225000 -0.389711 0.000000
vt -0.064705 -0.241481 0.000000
vt -0.116469 -0.434667 0.000000
vt -0.000000 -0.250000 0.000000
vt -0.000000 -0.450000 0.000000
vt 0.116469 -0.434667 0.000000
vt 0.064705 -0.241481 0.000000
vt 0.225000 -0.389711 0.000000
vt 0.125000 -0.216506 0.000000
vt 0.318198 -0.318198 0.000000
vt 0.176777 -0.176777 0.000000
vt 0.389711 -0.225000 0.000000
vt 0.216506 -0.125000 0.000000
vt 0.434667 -0.116469 0.000000
vt 0.241481 -0.064705 0.000000
vt 0.250000 0.000000 0.000000
vt 0.450000 0.000000 0.000000
vt 0.241481 0.064705 0.000000
vt 0.434667 0.116469 0.000000
vt 0.216506 0.125000 0.000000
vt 0.389711 0.225000 0.000000
vt 0.176777 0.176777 0.000000
vt 0.318198 0.318198 0.000000
vt 0.125000 0.216506 0.000000
vt 0.225000 0.389711 0.000000
vt 0.064705 0.241481 0.000000
vt 0.600000 -1.295907 0.000000
vt 0.000000 -1.295907 0.000000
vt 0.600000 -1.413717 0.000000
vt 0.000000 -1.413717 0.000000
vt 0.600000 1.413717 0.000000
vt 0.000000 1.413717 0.000000
vt 0.600000 1.295907 0.000000
vt 0.000000 1.295907 0.000000
vt 0.600000 1.178097 0.000000
vt 0.000000 1.178097 0.000000
vt 0.600000 1.060288 0.000000
vt 0.000000 1.060288 0.000000
vt 0.600000 0.942478 0.000000
vt 0.000000 0.942478 0.000000
vt 0.600000 0.824668 0.000000
vt 0.000000 0.824668 0.000000
vt 0.600000 0.706858 0.000000
vt 0.000000 0.706858 0.000000
vt 0.600000 0.589049 0.000000
vt 0.000000 0.589049 0.000000
vt 0.600000 0.471239 0.000000
vt 0.000000 0.471239 0.000000
vt 0.600000 0.353429 0.000000
vt 0.000000 0.353429 0.000000
vt 0.600000 0.235619 0.000000
vt 0.000000 0.235619 0.000000
vt 0.600000 0.117810 0.000000
vt 0.000000 0.117810 0.000000
vt 0.600000 0.000000 0.000000
vt 0.000000 0.000000 0.000000
vt 0.600000 -0.117810 0.000000
vt 0.000000 -0.117810 0.000000
vt 0.600000 -0.235619 0.000000
vt 0.000000 -0.235619 0.000000
vt 0.600000 -0.353429 0.000000
vt 0.000000 -0.353429 0.000000
vt 0.600000 -0.471239 0.000000
vt 0.000000 -0.471239 0.000000
vt 0.600000 -0.589049 0.000000
vt 0.000000 -0.589049 0.000000
vt 0.600000 -0.706858 0.000000
vt 0.000000 -0.706858 0.000000
vt 0.600000 -0.824668 0.000000
vt 0.000000 -0.824668 0.000000
vt 0.600000 -0.942478 0.000000
vt 0.000000 -0.942478 0.000000
vt 0.600000 -1.060288 0.000000
vt 0.000000 -1.060288 0.000000
vt 0.600000 -1.178097 0.000000
vt 0.000000 -1.178097 0.000000
vt -0.116469 -0.434667 0.000000
vt -0.000000 -0.450000 0.000000
vt -0.000000 -0.250000 0.000000
vt 0.116469 -0.434667 0.000000
vt 0.064705 -0.241481 0.000000
vt 0.225000 -0.389711 0.000000
vt 0.125000 -0.216506 0.000000
vt 0.318198 -0.318198 0.000000
vt 0.176777 -0.176777 0.000000
vt 0.389711 -0.225000 0.000000
vt 0.216506 -0.125000 0.000000
vt 0.434667 -0.116469 0.000000
vt 0.241481 -0.064705 0.000000
vt 0.250000 0.000000 0.000000
vt 0.450000 0.000000 0.000000
vt 0.241481 0.064705 0.000000
vt 0.434667 0.116469 0.000000
vt 0.216506 0.125000 0.000000
vt 0.389711 0.225000 0.000000
vt 0.176777 0.176777 0.000000
vt 0.318198 0.318198 0.000000
vt 0.125000 0.216506 0.000000
vt 0.225000 0.389711 0.000000
vt 0.064705 0.241481 0.000000
vt 0.116469 0.434667 0.000000
vt -0.000000 0.250000 0.000000
vt -0.000000 0.450000 0.000000
vt -0.116469 0.434667 0.000000
vt -0.064705 0.241481 0.000000
vt -0.225000 0.389711 0.000000
vt -0.125000 0.216506 0.000000
vt -0.318198 0.318198 0.000000
vt -0.176777 0.176777 0.000000
vt -0.389711 0.225000 0.000000
vt -0.216506 0.125000 0.000000
vt -0.434667 0.116469 0.000000
vt -0.241481 0.064705 0.000000
vt -0.450000 0.000000 0.000000
vt -0.250000 0.000000 0.000000
vt -0.241481 -0.064705 0.000000
vt -0.434667 -0.116469 0.000000
vt -0.216506 -0.125000 0.000000
vt -0.389711 -0.225000 0.000000
vt -0.176777 -0.176777 0.000000
vt -0.318198 -0.318198 0.000000
vt -0.125000 -0.216506 0.000000
vt -0.225000 -0.389711 0.000000
vt -0.064705 -0.241481 0.000000
vt 0.600000 -1.295907 0.000000
vt 0.000000 -1.295907 0.000000
vt 0.600000 -1.413717 0.000000
vt 0.000000 -1.413717 0.000000
vt 0.600000 1.413717 0.000000
vt 0.000000 1.413717 0.000000
vt 0.600000 1.295907 0.000000
vt 0.000000 1.295907 0.000000
vt 0.600000 1.178097 0.000000
vt 0.000000 1.178097 0.000000
vt 0.600000 1.060288 0.000000
vt 0.000000 1.060288 0.000000
vt 0.600000 0.942478 0.000000
vt 0.000000 0.942478 0.000000
vt 0.600000 0.824668 0.000000
vt 0.000000 0.824668 0.000000
vt 0.600000 0.706858 0.000000
vt 0.000000 0.706858 0.000000
vt 0.600000 0.589049 0.000000
vt 0.000000 0.589049 0.000000
vt 0.600000 0.471239 0.000000
vt 0.000000 0.471239 0.000000
vt 0.600000 0.353429 0.000000
vt 0.000000 0.353429 0.000000
vt 0.600000 0.235619 0.000000
vt 0.000000 0.235619 0.000000
vt 0.600000 0.117810 0.000000
vt 0.000000 0.117810 0.000000
vt 0.600000 0.000000 0.000000
vt 0.000000 0.000000 0.000000
vt 0.600000 -0.117810 0.000000
vt 0.000000 -0.117810 0.000000
vt 0.600000 -0.235619 0.000000
vt 0.000000 -0.235619 0.000000
vt 0.600000 -0.353429 0.000000
vt 0.000000 -0.353429 0.000000
vt 0.600000 -0.471239 0.000000
vt 0.000000 -0.471239 0.000000
vt 0.600000 -0.589049 0.000000
vt 0.000000 -0.589049 0.000000
vt 0.600000 -0.706858 0.000000
vt 0.000000 -0.706858 0.000000
vt 0.600000 -0.824668 0.000000
vt 0.000000 -0.824668 0.000000
vt 0.600000 -0.942478 0.000000
vt 0.000000 -0.942478 0.000000
vt 0.600000 -1.060288 0.000000
vt 0.000000 -1.060288 0.000000
vt 0.600000 -1.178097 0.000000
vt 0.000000 -1.178097 0.000000
vt 0.434667 0.116469 0.000000
vt 0.241481 0.064705 0.000000
vt 0.450000 0.000000 0.000000
vt 0.250000 0.000000 0.000000
vt 0.434667 -0.116469 0.000000
vt 0.241481 -0.064705 0.000000
vt 0.216506 -0.125000 0.000000
vt 0.216506 0.125000 0.000000
vt 0.389711 0.225000 0.000000
vt 0.176777 0.176777 0.000000
vt 0.318198 0.318198 0.000000
vt 0.125000 0.216506 0.000000
vt 0.225000 0.389711 0.000000
vt 0.064705 0.241481 0.000000
vt 0.116469 0.434667 0.000000
vt -0.000000 0.250000 0.000000
vt -0.000000 0.450000 0.000000
vt -0.116469 0.434667 0.000000
vt -0.064705 0.241481 0.000000
vt -0.225000 0.389711 0.000000
vt -0.125000 0.216506 0.000000
vt -0.318198 0.318198 0.000000
vt -0.176777 0.176777 0.000000
vt -0.389711 0.225000 0.000000
vt -0.216506 0.125000 0.000000
vt -0.434667 0.116469 0.000000
vt -0.241481 0.064705 0.000000
vt -0.450000 0.000000 0.000000
vt -0.250000 0.000000 0.000000
vt -0.241481 -0.064705 0.000000
vt -0.434667 -0.116469 0.000000
vt -0.216506 -0.125000 0.000000
vt -0.389711 -0.225000 0.000000
vt -0.176777 -0.176777 0.000000
vt -0.318198 -0.318198 0.000000
vt -0.125000 -0.216506 0.000000
vt -0.225000 -0.389711 0.000000
vt -0.064705 -0.241481 0.000000
vt -0.116469 -0.434667 0.000000
vt -0.000000 -0.250000 0.000000
vt -0.000000 -0.450000 0.000000
vt 0.116469 -0.434667 0.000000
vt 0.064705 -0.241481 0.000000
vt 0.225000 -0.389711 0.000000
vt 0.125000 -0.216506 0.000000
vt 0.318198 -0.318198 0.000000
vt 0.176777 -0.176777 0.000000
vt 0.389711 -0.225000 0.000000
vt 0.600000 0.719948 0.000000
vt 1.880000 0.719948 0.000000
vt 0.600000 0.785398 0.000000
vt 1.880000 0.785398 0.000000
vt 0.600000 -0.785398 0.000000
vt 1.880000 -0.785398 0.000000
vt 0.600000 -0.719948 0.000000
vt 1.880000 -0.719948 0.000000
vt 0.600000 -0.654498 0.000000
vt 1.880000 -0.654498 0.000000
vt 0.600000 -0.589049 0.000000
vt 1.880000 -0.589049 0.000000
vt 0.600000 -0.523599 0.000000
vt 1.880000 -0.523599 0.000000
vt 0.600000 -0.458149 0.000000
vt 1.880000 -0.458149 0.000000
vt 0.600000 -0.392699 0.000000
vt 1.880000 -0.392699 0.000000
vt 0.600000 -0.327249 0.000000
vt 1.880000 -0.327249 0.000000
vt 0.600000 -0.261799 0.000000
vt 1.880000 -0.261799 0.000000
vt 0.600000 -0.196350 0.000000
vt 1.880000 -0.196350 0.000000
vt 0.600000 -0.130900 0.000000
vt 1.880000 -0.130900 0.000000
vt 0.600000 -0.065450 0.000000
vt 1.880000 -0.065450 0.000000
vt 0.600000 0.000000 0.000000
vt 1.880000 0.000000 0.000000
vt 0.600000 0.065450 0.000000
vt 1.880000 0.065450 0.000000
vt 0.600000 0.130900 0.000000
vt 1.880000 0.130900 0.000000
vt 0.600000 0.196350 0.000000
vt 1.880000 0.196350 0.000000
vt 0.600000 0.261799 0.000000
vt 1.880000 0.261799 0.000000
vt 0.600000 0.327249 0.000000
vt 1.880000 0.327249 0.000000
vt 0.600000 0.392699 0.000000
vt 1.880000 0.392699 0.000000
vt 0.600000 0.458149 0.000000
vt 1.880000 0.458149 0.000000
vt 0.600000 0.523599 0.000000
vt 1.880000 0.523599 0.000000
vt 0.600000 0.589049 0.000000
vt 1.880000 0.589049 0.000000
vt 0.600000 0.654498 0.000000
vt 1.880000 0.654498 0.000000
vt 7.000000 -0.719948 0.000000
vt 5.720000 -0.719948 0.000000
vt 7.000000 -0.785398 0.000000
vt 5.720000 -0.785398 0.000000
vt 7.000000 0.785398 0.000000
vt 5.720000 0.785398 0.000000
vt 7.000000 0.719948 0.000000
vt 5.720000 0.719948 0.000000
vt 7.000000 0.654498 0.000000
vt 5.720000 0.654498 0.000000
vt 7.000000 0.589049 0.000000
vt 5.720000 0.589049 0.000000
vt 7.000000 0.523599 0.000000
vt 5.720000 0.523599 0.000000
vt 7.000000 0.458149 0.000000
vt 5.720000 0.458149 0.000000
vt 7.000000 0.392699 0.000000
vt 5.720000 0.392699 0.000000
vt 7.000000 0.327249 0.000000
vt 5.720000 0.327249 0.000000
vt 7.000000 0.261799 0.000000
vt 5.720000 0.261799 0.000000
vt 7.000000 0.196350 0.000000
vt 5.720000 0.196350 0.000000
vt 7.000000 0.130900 0.000000
vt 5.720000 0.130900 0.000000
vt 7.000000 0.065450 0.000000
vt 5.720000 0.065450 0.000000
vt 7.000000 0.000000 0.000000
vt 5.720000 0.000000 0.000000
vt 7.000000 -0.065450 0.000000
vt 5.720000 -0.065450 0.000000
vt 7.000000 -0.130900 0.000000
vt 5.720000 -0.130900 0.000000
vt 7.000000 -0.196350 0.000000
vt 5.720000 -0.196350 0.000000
vt 7.000000 -0.261799 0.000000
vt 5.720000 -0.261799 0.000000
vt 7.000000 -0.327249 0.000000
vt 5.720000 -0.327249 0.000000
vt 7.000000 -0.392699 0.000000
vt 5.720000 -0.392699 0.000000
vt 7.000000 -0.458149 0.000000
vt 5.720000 -0.458149 0.000000
vt 7.000000 -0.523599 0.000000
vt 5.720000 -0.523599 0.000000
vt 7.000000 -0.589049 0.000000
vt 5.720000 -0.589049 0.000000
vt 7.000000 -0.654498 0.000000
vt 5.720000 -0.654498 0.000000
vt 3.160000 -0.785398 0.000000
vt 3.160000 -0.719948 0.000000
vt 3.160000 -0.654498 0.000000
vt 3.160000 -0.589049 0.000000
vt 3.160000 -0.523599 0.000000
vt 3.160000 -0.458149 0.000000
vt 3.160000 -0.392699 0.000000
vt 3.160000 -0.327249 0.000000
vt 3.160000 -0.261799 0.000000
vt 3.160000 -0.196350 0.000000
vt 3.160000 -0.130900 0.000000
vt 3.160000 -0.065450 0.000000
vt 3.160000 0.000000 0.000000
vt 3.160000 0.065450 0.000000
vt 3.160000 0.130900 0.000000
vt 3.160000 0.196350 0.000000
vt 3.160000 0.261799 0.000000
vt 3.160000 0.327249 0.000000
vt 3.160000 0.392699 0.000000
vt 3.160000 0.458149 0.000000
vt 3.160000 0.523599 0.000000
vt 3.160000 0.589049 0.000000
vt 3.160000 0.654498 0.000000
vt 3.160000 0.719948 0.000000
vt 3.160000 0.785398 0.000000
vt 4.440000 -0.785398 0.000000
vt 4.440000 -0.719948 0.000000
vt 4.440000 -0.654498 0.000000
vt 4.440000 -0.589049 0.000000
vt 4.440000 -0.523599 0.000000
vt 4.440000 -0.458149 0.000000
vt 4.440000 -0.392699 0.000000
vt 4.440000 -0.327249 0.000000
vt 4.440000 -0.261799 0.000000
vt 4.440000 -0.196350 0.000000
vt 4.440000 -0.130900 0.000000
vt 4.440000 -0.065450 0.000000
vt 4.440000 0.000000 0.000000
vt 4.440000 0.065450 0.000000
vt 4.440000 0.130900 0.000000
vt 4.440000 0.196350 0.000000
vt 4.440000 0.261799 0.000000
vt 4.440000 0.327249 0.000000
vt 4.440000 0.392699 0.000000
vt 4.440000 0.458149 0.000000
vt 4.440000 0.523599 0.000000
vt 4.440000 0.589049 0.000000
vt 4.440000 0.654498 0.000000
vt 4.440000 0.719948 0.000000
vt 4.440000 0.785398 0.000000
vt 0.600000 0.719948 0.000000
vt 1.880000 0.719948 0.000000
vt 0.600000 0.785398 0.000000
vt 1.880000 0.785398 0.000000
vt 0.600000 -0.785398 0.000000
vt 1.880000 -0.785398 0.000000
vt 0.600000 -0.719948 0.000000
vt 1.880000 -0.719948 0.000000
vt 0.600000 -0.654498 0.000000
vt 1.880000 -0.654498 0.000000
vt 0.600000 -0.589049 0.000000
vt 1.880000 -0.589049 0.000000
vt 0.600000 -0.523599 0.000000
vt 1.880000 -0.523599 0.000000
vt 0.600000 -0.458149 0.000000
vt 1.880000 -0.458149 0.000000
vt 0.600000 -0.392699 0.000000
vt 1.880000 -0.392699 0.000000
vt 0.600000 -0.327249 0.000000
vt 1.880000 -0.327249 0.000000
vt 0.600000 -0.261799 0.000000
vt 1.880000 -0.261799 0.000000
vt 0.600000 -0.196350 0.000000
vt 1.880000 -0.196350 0.000000
vt 0.600000 -0.130900 0.000000
vt 1.880000 -0.130900 0.000000
vt 0.600000 -0.065450 0.000000
vt 1.880000 -0.065450 0.000000
vt 0.600000 0.000000 0.000000
vt 1.880000 0.000000 0.000000
vt 0.600000 0.065450 0.000000
vt 1.880000 0.065450 0.000000
vt 0.600000 0.130900 0.000000
vt 1.880000 0.130900 0.000000
vt 0.600000 0.196350 0.000000
vt 1.880000 0.196350 0.000000
vt 0.600000 0.261799 0.000000
vt 1.880000 0.261799 0.000000
vt 0.600000 0.327249 0.000000
vt 1.880000 0.327249 0.000000
vt 0.600000 0.392699 0.000000
vt 1.880000 0.392699 0.000000
vt 0.600000 0.458149 0.000000
vt 1.880000 0.458149 0.000000
vt 0.600000 0.523599 0.000000
vt 1.880000 0.523599 0.000000
vt 0.600000 0.589049 0.000000
vt 1.880000 0.589049 0.000000
vt 0.600000 0.654498 0.000000
vt 1.880000 0.654498 0.000000
vt 7.000000 -0.719948 0.000000
vt 5.720000 -0.719948 0.000000
vt 7.000000 -0.785398 0.000000
vt 5.720000 -0.785398 0.000000
vt 7.000000 0.785398 0.000000
vt 5.720000 0.785398 0.000000
vt 7.000000 0.719948 0.000000
vt 5.720000 0.719948 0.000000
vt 7.000000 0.654498 0.000000
vt 5.720000 0.654498 0.000000
vt 7.000000 0.589049 0.000000
vt 5.720000 0.589049 0.000000
vt 7.000000 0.523599 0.000000
vt 5.720000 0.523599 0.000000
vt 7.000000 0.458149 0.000000
vt 5.720000 0.458149 0.000000
vt 7.000000 0.392699 0.000000
vt 5.720000 0.392699 0.000000
vt 7.000000 0.327249 0.000000
vt 5.720000 0.327249 0.000000
vt 7.000000 0.261799 0.000000
vt 5.720000 0.261799 0.000000
vt 7.000000 0.196350 0.000000
vt 5.720000 0.196350 0.000000
vt 7.000000 0.130900 0.000000
vt 5.720000 0.130900 0.000000
vt 7.000000 0.065450 0.000000
vt 5.720000 0.065450 0.000000
vt 7.000000 0.000000 0.000000
vt 5.720000 0.000000 0.000000
vt 7.000000 -0.065450 0.000000
vt 5.720000 -0.065450 0.000000
vt 7.000000 -0.130900 0.000000
vt 5.720000 -0.130900 0.000000
vt 7.000000 -0.196350 0.000000
vt 5.720000 -0.196350 0.000000
vt 7.000000 -0.261799 0.000000
vt 5.720000 -0.261799 0.000000
vt 7.000000 -0.327249 0.000000
vt 5.720000 -0.327249 0.000000
vt 7.000000 -0.392699 0.000000
vt 5.720000 -0.392699 0.000000
vt 7.000000 -0.458149 0.000000
vt 5.720000 -0.458149 0.000000
vt 7.000000 -0.523599 0.000000
vt 5.720000 -0.523599 0.000000
vt 7.000000 -0.589049 0.000000
vt 5.720000 -0.589049 0.000000
vt 7.000000 -0.654498 0.000000
vt 5.720000 -0.654498 0.000000
vt 3.160000 -0.785398 0.000000
vt 3.160000 -0.719948 0.000000
vt 3.160000 -0.654498 0.000000
vt 3.160000 -0.589049 0.000000
vt 3.160000 -0.523599 0.000000
vt 3.160000 -0.458149 0.000000
vt 3.160000 -0.392699 0.000000
vt 3.160000 -0.327249 0.000000
vt 3.160000 -0.261799 0.000000
vt 3.160000 -0.196350 0.000000
vt 3.160000 -0.130900 0.000000
vt 3.160000 -0.065450 0.000000
vt 3.160000 0.000000 0.000000
vt 3.160000 0.065450 0.000000
vt 3.160000 0.130900 0.000000
vt 3.160000 0.196350 0.000000
vt 3.160000 0.261799 0.000000
vt 3.160000 0.327249 0.000000
vt 3.160000 0.392699 0.000000
vt 3.160000 0.458149 0.000000
vt 3.160000 0.523599 0.000000
vt 3.160000 0.589049 0.000000
vt 3.160000 0.654498 0.000000
vt 3.160000 0.719948 0.000000
vt 3.160000 0.785398 0.000000
vt 4.440000 -0.785398 0.000000
vt 4.440000 -0.719948 0.000000
vt 4.440000 -0.654498 0.000000
vt 4.440000 -0.589049 0.000000
vt 4.440000 -0.523599 0.000000
vt 4.440000 -0.458149 0.000000
vt 4.440000 -0.392699 0.000000
vt 4.440000 -0.327249 0.000000
vt 4.440000 -0.261799 0.000000
vt 4.440000 -0.196350 0.000000
vt 4.440000 -0.130900 0.000000
vt 4.440000 -0.065450 0.000000
vt 4.440000 0.000000 0.000000
vt 4.440000 0.065450 0.000000
vt 4.440000 0.130900 0.000000
vt 4.440000 0.196350 0.000000
vt 4.440000 0.261799 0.000000
vt 4.440000 0.327249 0.000000
vt 4.440000 0.392699 0.000000
vt 4.440000 0.458149 0.000000
vt 4.440000 0.523599 0.000000
vt 4.440000 0.589049 0.000000
vt 4.440000 0.654498 0.000000
vt 4.440000 0.719948 0.000000
vt 4.440000 0.785398 0.000000
vt 0.600000 0.719948 0.000000
vt 1.880000 0.719948 0.000000
vt 0.600000 0.785398 0.000000
vt 1.880000 0.785398 0.000000
vt 0.600000 -0.785398 0.000000
vt 1.880000 -0.785398 0.000000
vt 0.600000 -0.719948 0.000000
vt 1.880000 -0.719948 0.000000
vt 0.600000 -0.654498 0.000000
vt 1.880000 -0.654498 0.000000
vt 0.600000 -0.589049 0.000000
vt 1.880000 -0.589049 0.000000
vt 0.600000 -0.523599 0.000000
vt 1.880000 -0.523599 0.000000
vt 0.600000 -0.458149 0.000000
vt 1.880000 -0.458149 0.000000
vt 0.600000 -0.392699 0.000000
vt 1.880000 -0.392699 0.000000
vt 0.600000 -0.327249 0.000000
vt 1.880000 -0.327249 0.000000
vt 0.600000 -0.261799 0.000000
vt 1.880000 -0.261799 0.000000
vt 0.600000 -0.196350 0.000000
vt 1.880000 -0.196350 0.000000
vt 0.600000 -0.130900 0.000000
vt 1.880000 -0.130900 0.000000
vt 0.600000 -0.065450 0.000000
vt 1.880000 -0.065450 0.000000
vt 0.600000 0.000000 0.000000
vt 1.880000 0.000000 0.000000
vt 0.600000 0.065450 0.000000
vt 1.880000 0.065450 0.000000
vt 0.600000 0.130900 0.000000
vt 1.880000 0.130900 0.000000
vt 0.600000 0.196350 0.000000
vt 1.880000 0.196350 0.000000
vt 0.600000 0.261799 0.000000
vt 1.880000 0.261799 0.000000
vt 0.600000 0.327249 0.000000
vt 1.880000 0.327249 0.000000
vt 0.600000 0.392699 0.000000
vt 1.880000 0.392699 0.000000
vt 0.600000 0.458149 0.000000
vt 1.880000 0.458149 0.000000
vt 0.600000 0.523599 0.000000
vt 1.880000 0.523599 0.000000
vt 0.600000 0.589049 0.000000
vt 1.880000 0.589049 0.000000
vt 0.600000 0.654498 0.000000
vt 1.880000 0.654498 0.000000
vt 7.000000 -0.719948 0.000000
vt 5.720000 -0.719948 0.000000
vt 7.000000 -0.785398 0.000000
vt 5.720000 -0.785398 0.000000
vt 7.000000 0.785398 0.000000
vt 5.720000 0.785398 0.000000
vt 7.000000 0.719948 0.000000
vt 5.720000 0.719948 0.000000
vt 7.000000 0.654498 0.000000
vt 5.720000 0.654498 0.000000
vt 7.000000 0.589049 0.000000
vt 5.720000 0.589049 0.000000
vt 7.000000 0.523599 0.000000
vt 5.720000 0.523599 0.000000
vt 7.000000 0.458149 0.000000
vt 5.720000 0.458149 0.000000
vt 7.000000 0.392699 0.000000
vt 5.720000 0.392699 0.000000
vt 7.000000 0.327249 0.000000
vt 5.720000 0.327249 0.000000
vt 7.000000 0.261799 0.000000
vt 5.720000 0.261799 0.000000
vt 7.000000 0.196350 0.000000
vt 5.720000 0.196350 0.000000
vt 7.000000 0.130900 0.000000
vt 5.720000 0.130900 0.000000
vt 7.000000 0.065450 0.000000
vt 5.720000 0.065450 0.000000
vt 7.000000 0.000000 0.000000
vt 5.720000 0.000000 0.000000
vt 7.000000 -0.065450 0.000000
vt 5.720000 -0.065450 0.000000
vt 7.000000 -0.130900 0.000000
vt 5.720000 -0.130900 0.000000
vt 7.000000 -0.196350 0.000000
vt 5.720000 -0.196350 0.000000
vt 7.000000 -0.261799 0.000000
vt 5.720000 -0.261799 0.000000
vt 7.000000 -0.327249 0.000000
vt 5.720000 -0.327249 0.000000
vt 7.000000 -0.392699 0.000000
vt 5.720000 -0.392699 0.000000
vt 7.000000 -0.458149 0.000000
vt 5.720000 -0.458149 0.000000
vt 7.000000 -0.523599 0.000000
vt 5.720000 -0.523599 0.000000
vt 7.000000 -0.589049 0.000000
vt 5.720000 -0.589049 0.000000
vt 7.000000 -0.654498 0.000000
vt 5.720000 -0.654498 0.000000
vt 3.160000 -0.785398 0.000000
vt 3.160000 -0.719948 0.000000
vt 3.160000 -0.654498 0.000000
vt 3.160000 -0.589049 0.000000
vt 3.160000 -0.523599 0.000000
vt 3.160000 -0.458149 0.000000
vt 3.160000 -0.392699 0.000000
vt 3.160000 -0.327249 0.000000
vt 3.160000 -0.261799 0.000000
vt 3.160000 -0.196350 0.000000
vt 3.160000 -0.130900 0.000000
vt 3.160000 -0.065450 0.000000
vt 3.160000 0.000000 0.000000
vt 3.160000 0.065450 0.000000
vt 3.160000 0.130900 0.000000
vt 3.160000 0.196350 0.000000
vt 3.160000 0.261799 0.000000
vt 3.160000 0.327249 0.000000
vt 3.160000 0.392699 0.000000
vt 3.160000 0.458149 0.000000
vt 3.160000 0.523599 0.000000
vt 3.160000 0.589049 0.000000
vt 3.160000 0.654498 0.000000
vt 3.160000 0.719948 0.000000
vt 3.160000 0.785398 0.000000
vt 4.440000 -0.785398 0.000000
vt 4.440000 -0.719948 0.000000
vt 4.440000 -0.654498 0.000000
vt 4.440000 -0.589049 0.000000
vt 4.440000 -0.523599 0.000000
vt 4.440000 -0.458149 0.000000
vt 4.440000 -0.392699 0.000000
vt 4.440000 -0.327249 0.000000
vt 4.440000 -0.261799 0.000000
vt 4.440000 -0.196350 0.000000
vt 4.440000 -0.130900 0.000000
vt 4.440000 -0.065450 0.000000
vt 4.440000 0.000000 0.000000
vt 4.440000 0.065450 0.000000
vt 4.440000 0.130900 0.000000
vt 4.440000 0.196350 0.000000
vt 4.440000 0.261799 0.000000
vt 4.440000 0.327249 0.000000
vt 4.440000 0.392699 0.000000
vt 4.440000 0.458149 0.000000
vt 4.440000 0.523599 0.000000
vt 4.440000 0.589049 0.000000
vt 4.440000 0.654498 0.000000
vt 4.440000 0.719948 0.000000
vt 4.440000 0.785398 0.000000
vt 0.600000 0.719948 0.000000
vt 1.880000 0.719948 0.000000
vt 0.600000 0.785398 0.000000
vt 1.880000 0.785398 0.000000
vt 0.600000 -0.785398 0.000000
vt 1.880000 -0.785398 0.000000
vt 0.600000 -0.719948 0.000000
vt 1.880000 -0.719948 0.000000
vt 0.600000 -0.654498 0.000000
vt 1.880000 -0.654498 0.000000
vt 0.600000 -0.589049 0.000000
vt 1.880000 -0.589049 0.000000
vt 0.600000 -0.523599 0.000000
vt 1.880000 -0.523599 0.000000
vt 0.600000 -0.458149 0.000000
vt 1.880000 -0.458149 0.000000
vt 0.600000 -0.392699 0.000000
vt 1.880000 -0.392699 0.000000
vt 0.600000 -0.327249 0.000000
vt 1.880000 -0.327249 0.000000
vt 0.600000 -0.261799 0.000000
vt 1.880000 -0.261799 0.000000
vt 0.600000 -0.196350 0.000000
vt 1.880000 -0.196350 0.000000
vt 0.600000 -0.130900 0.000000
vt 1.880000 -0.130900 0.000000
vt 0.600000 -0.065450 0.000000
vt 1.880000 -0.065450 0.000000
vt 0.600000 0.000000 0.000000
vt 1.880000 0.000000 0.000000
vt 0.600000 0.065450 0.000000
vt 1.880000 0.065450 0.000000
vt 0.600000 0.130900 0.000000
vt 1.880000 0.130900 0.000000
vt 0.600000 0.196350 0.000000
vt 1.880000 0.196350 0.000000
vt 0.600000 0.261799 0.000000
vt 1.880000 0.261799 0.000000
vt 0.600000 0.327249 0.000000
vt 1.880000 0.327249 0.000000
vt 0.600000 0.392699 0.000000
vt 1.880000 0.392699 0.000000
vt 0.600000 0.458149 0.000000
vt 1.880000 0.458149 0.000000
vt 0.600000 0.523599 0.000000
vt 1.880000 0.523599 0.000000
vt 0.600000 0.589049 0.000000
vt 1.880000 0.589049 0.000000
vt 0.600000 0.654498 0.000000
vt 1.880000 0.654498 0.000000
vt 7.000000 -0.719948 0.000000
vt 5.720000 -0.719948 0.000000
vt 7.000000 -0.785398 0.000000
vt 5.720000 -0.785398 0.000000
vt 7.000000 0.785398 0.000000
vt 5.720000 0.785398 0.000000
vt 7.000000 0.719948 0.000000
vt 5.720000 0.719948 0.000000
vt 7.000000 0.654498 0.000000
vt 5.720000 0.654498 0.000000
vt 7.000000 0.589049 0.000000
vt 5.720000 0.589049 0.000000
vt 7.000000 0.523599 0.000000
vt 5.720000 0.523599 0.000000
vt 7.000000 0.458149 0.000000
vt 5.720000 0.458149 0.000000
vt 7.000000 0.392699 0.000000
vt 5.720000 0.392699 0.000000
vt 7.000000 0.327249 0.000000
vt 5.720000 0.327249 0.000000
vt 7.000000 0.261799 0.000000
vt 5.720000 0.261799 0.000000
vt 7.000000 0.196350 0.000000
vt 5.720000 0.196350 0.000000
vt 7.000000 0.130900 0.000000
vt 5.720000 0.130900 0.000000
vt 7.000000 0.065450 0.000000
vt 5.720000 0.065450 0.000000
vt 7.000000 0.000000 0.000000
vt 5.720000 0.000000 0.000000
vt 7.000000 -0.065450 0.000000
vt 5.720000 -0.065450 0.000000
vt 7.000000 -0.130900 0.000000
vt 5.720000 -0.130900 0.000000
vt 7.000000 -0.196350 0.000000
vt 5.720000 -0.196350 0.000000
vt 7.000000 -0.261799 0.000000
vt 5.720000 -0.261799 0.000000
vt 7.000000 -0.327249 0.000000
vt 5.720000 -0.327249 0.000000
vt 7.000000 -0.392699 0.000000
vt 5.720000 -0.392699 0.000000
vt 7.000000 -0.458149 0.000000
vt 5.720000 -0.458149 0.000000
vt 7.000000 -0.523599 0.000000
vt 5.720000 -0.523599 0.000000
vt 7.000000 -0.589049 0.000000
vt 5.720000 -0.589049 0.000000
vt 7.000000 -0.654498 0.000000
vt 5.720000 -0.654498 0.000000
vt 3.160000 -0.785398 0.000000
vt 3.160000 -0.719948 0.000000
vt 3.160000 -0.654498 0.000000
vt 3.160000 -0.589049 0.000000
vt 3.160000 -0.523599 0.000000
vt 3.160000 -0.458149 0.000000
vt 3.160000 -0.392699 0.000000
vt 3.160000 -0.327249 0.000000
vt 3.160000 -0.261799 0.000000
vt 3.160000 -0.196350 0.000000
vt 3.160000 -0.130900 0.000000
vt 3.160000 -0.065450 0.000000
vt 3.160000 0.000000 0.000000
vt 3.160000 0.065450 0.000000
vt 3.160000 0.130900 0.000000
vt 3.160000 0.196350 0.000000
vt 3.160000 0.261799 0.000000
vt 3.160000 0.327249 0.000000
vt 3.160000 0.392699 0.000000
vt 3.160000 0.458149 0.000000
vt 3.160000 0.523599 0.000000
vt 3.160000 0.589049 0.000000
vt 3.160000 0.654498 0.000000
vt 3.160000 0.719948 0.000000
vt 3.160000 0.785398 0.000000
vt 4.440000 -0.785398 0.000000
vt 4.440000 -0.719948 0.000000
vt 4.440000 -0.654498 0.000000
vt 4.440000 -0.589049 0.000000
vt 4.440000 -0.523599 0.000000
vt 4.440000 -0.458149 0.000000
vt 4.440000 -0.392699 0.000000
vt 4.440000 -0.327249 0.000000
vt 4.440000 -0.261799 0.000000
vt 4.440000 -0.196350 0.000000
vt 4.440000 -0.130900 0.000000
vt 4.440000 -0.065450 0.000000
vt 4.440000 0.000000 0.000000
vt 4.440000 0.065450 0.000000
vt 4.440000 0.130900 0.000000
vt 4.440000 0.196350 0.000000
vt 4.440000 0.261799 0.000000
vt 4.440000 0.327249 0.000000
vt 4.440000 0.392699 0.000000
vt 4.440000 0.458149 0.000000
vt 4.440000 0.523599 0.000000
vt 4.440000 0.589049 0.000000
vt 4.440000 0.654498 0.000000
vt 4.440000 0.719948 0.000000
vt 4.440000 0.785398 0.000000
vt -7.000000 -11.224117 0.000000
vt -0.000000 -11.224117 0.000000
vt -7.000000 -10.483924 0.000000
vt -0.000000 -10.483924 0.000000
vt -7.000000 -9.743732 0.000000
vt -0.000000 -9.743732 0.000000
vt -7.000000 -9.003540 0.000000
vt -0.000000 -9.003540 0.000000
vt -7.000000 -8.263348 0.000000
vt -0.000000 -8.263348 0.000000
vt -7.000000 -7.523155 0.000000
vt -0.000000 -7.523155 0.000000
vt -7.000000 -6.782963 0.000000
vt -0.000000 -6.782963 0.000000
vt -7.000000 -6.042771 0.000000
vt -0.000000 -6.042771 0.000000
vt -7.000000 -5.302579 0.000000
vt -0.000000 -5.302579 0.000000
vt -7.000000 -4.562386 0.000000
vt -0.000000 -4.562386 0.000000
vt -7.000000 -1.237688 0.000000
vt -0.000000 -1.237688 0.000000
vt -3.500000 -1.072663 0.000000
vt -0.000000 -1.072663 0.000000
vt -3.500000 -0.907638 0.000000
vt -0.000000 -0.907638 0.000000
vt -3.500000 -0.742613 0.000000
vt -0.000000 -0.742613 0.000000
vt -3.500000 -0.577588 0.000000
vt -0.000000 -0.577588 0.000000
vt -3.500000 -0.412563 0.000000
vt -0.000000 -0.412563 0.000000
vt -3.500000 -0.247538 0.000000
vt -0.000000 -0.247538 0.000000
vt -3.500000 -0.082513 0.000000
vt -0.000000 -0.082513 0.000000
vt -3.500000 0.082513 0.000000
vt -0.000000 0.082513 0.000000
vt -3.500000 0.247538 0.000000
vt -0.000000 0.247538 0.000000
vt -3.500000 0.412563 0.000000
vt -0.000000 0.412563 0.000000
vt -3.500000 0.577588 0.000000
vt -0.000000 0.577588 0.000000
vt -3.500000 0.742613 0.000000
vt -0.000000 0.742613 0.000000
vt -3.500000 0.907638 0.000000
vt -0.000000 0.907638 0.000000
vt -3.500000 1.072663 0.000000
vt -0.000000 1.072663 0.000000
vt -0.000000 1.237688 0.000000
vt -7.000000 1.237688 0.000000
vt -7.000000 1.072663 0.000000
vt -7.000000 0.907638 0.000000
vt -7.000000 0.742613 0.000000
vt -7.000000 0.577588 0.000000
vt -7.000000 0.412563 0.000000
vt -7.000000 0.247538 0.000000
vt -7.000000 0.082513 0.000000
vt -7.000000 -0.082513 0.000000
vt -7.000000 -0.247538 0.000000
vt -7.000000 -0.412563 0.000000
vt -7.000000 -0.577588 0.000000
vt -7.000000 -0.742613 0.000000
vt -7.000000 -0.907638 0.000000
vt -7.000000 -1.072663 0.000000
vt -7.000000 -3.330865 0.000000
vt -0.000000 -3.330865 0.000000
vt -7.000000 -2.590673 0.000000
vt -0.000000 -2.590673 0.000000
vt -7.000000 -1.850481 0.000000
vt -0.000000 -1.850481 0.000000
vt -7.000000 -1.110288 0.000000
vt -0.000000 -1.110288 0.000000
vt -7.000000 -0.370096 0.000000
vt -0.000000 -0.370096 0.000000
vt -7.000000 0.370096 0.000000
vt -0.000000 0.370096 0.000000
vt -7.000000 1.110288 0.000000
vt -0.000000 1.110288 0.000000
vt -7.000000 1.850481 0.000000
vt -0.000000 1.850481 0.000000
vt -7.000000 2.590673 0.000000
vt -0.000000 2.590673 0.000000
vt -7.000000 3.330865 0.000000
vt -0.000000 3.330865 0.000000
vt -7.000000 -1.237688 0.000000
vt -0.000000 -1.237688 0.000000
vt -3.500000 -1.072663 0.000000
vt -0.000000 -1.072663 0.000000
vt -3.500000 -0.907638 0.000000
vt -0.000000 -0.907638 0.000000
vt -3.500000 -0.742613 0.000000
vt -0.000000 -0.742613 0.000000
vt -3.500000 -0.577588 0.000000
vt -0.000000 -0.577588 0.000000
vt -3.500000 -0.412563 0.000000
vt -0.000000 -0.412563 0.000000
vt -3.500000 -0.247538 0.000000
vt -0.000000 -0.247538 0.000000
vt -3.500000 -0.082513 0.000000
vt -0.000000 -0.082513 0.000000
vt -3.500000 0.082513 0.000000
vt -0.000000 0.082513 0.000000
vt -3.500000 0.247538 0.000000
vt -0.000000 0.247538 0.000000
vt -3.500000 0.412563 0.000000
vt -0.000000 0.412563 0.000000
vt -3.500000 0.577588 0.000000
vt -0.000000 0.577588 0.000000
vt -3.500000 0.742613 0.000000
vt -0.000000 0.742613 0.000000
vt -3.500000 0.907638 0.000000
vt -0.000000 0.907638 0.000000
vt -3.500000 1.072663 0.000000
vt -0.000000 1.072663 0.000000
vt -0.000000 1.237688 0.000000
vt -7.000000 1.237688 0.000000
vt -7.000000 1.072663 0.000000
vt -7.000000 0.907638 0.000000
vt -7.000000 0.742613 0.000000
vt -7.000000 0.577588 0.000000
vt -7.000000 0.412563 0.000000
vt -7.000000 0.247538 0.000000
vt -7.000000 0.082513 0.000000
vt -7.000000 -0.082513 0.000000
vt -7.000000 -0.247538 0.000000
vt -7.000000 -0.412563 0.000000
vt -7.000000 -0.577588 0.000000
vt -7.000000 -0.742613 0.000000
vt -7.000000 -0.907638 0.000000
vt -7.000000 -1.072663 0.000000
vt -7.000000 4.562386 0.000000
vt -0.000000 4.562386 0.000000
vt -7.000000 5.302579 0.000000
vt -0.000000 5.302579 0.000000
vt -7.000000 6.042771 0.000000
vt -0.000000 6.042771 0.000000
vt -7.000000 6.782963 0.000000
vt -0.000000 6.782963 0.000000
vt -7.000000 7.523155 0.000000
vt -0.000000 7.523155 0.000000
vt -7.000000 8.263348 0.000000
vt -0.000000 8.263348 0.000000
vt -7.000000 9.003540 0.000000
vt -0.000000 9.003540 0.000000
vt -7.000000 9.743732 0.000000
vt -0.000000 9.743732 0.000000
vt -7.000000 10.483924 0.000000
vt -0.000000 10.483924 0.000000
vt -7.000000 11.224117 0.000000
vt -0.000000 11.224117 0.000000
vt -7.000000 -0.727179 0.000000
vt -0.000000 -0.727179 0.000000
vt -3.500000 -0.562154 0.000000
vt -0.000000 -0.562154 0.000000
vt -3.500000 -0.397129 0.000000
vt -0.000000 -0.397129 0.000000
vt -3.500000 -0.232104 0.000000
vt -0.000000 -0.232104 0.000000
vt -3.500000 -0.067079 0.000000
vt -0.000000 -0.067079 0.000000
vt -3.500000 0.097946 0.000000
vt -0.000000 0.097946 0.000000
vt -3.500000 0.262971 0.000000
vt -0.000000 0.262971 0.000000
vt -3.500000 0.427996 0.000000
vt -0.000000 0.427996 0.000000
vt -3.500000 0.593021 0.000000
vt -0.000000 0.593021 0.000000
vt -3.500000 0.758046 0.000000
vt -0.000000 0.758046 0.000000
vt -3.500000 0.923072 0.000000
vt -0.000000 0.923072 0.000000
vt -3.500000 1.088097 0.000000
vt -0.000000 1.088097 0.000000
vt -3.500000 1.253122 0.000000
vt -0.000000 1.253122 0.000000
vt -3.500000 1.418147 0.000000
vt -0.000000 1.418147 0.000000
vt -3.500000 1.583172 0.000000
vt -0.000000 1.583172 0.000000
vt -0.000000 1.748197 0.000000
vt -7.000000 1.748197 0.000000
vt -7.000000 1.583172 0.000000
vt -7.000000 1.418147 0.000000
vt -7.000000 1.253122 0.000000
vt -7.000000 1.088097 0.000000
vt -7.000000 0.923072 0.000000
vt -7.000000 0.758046 0.000000
vt -7.000000 0.593021 0.000000
vt -7.000000 0.427996 0.000000
vt -7.000000 0.262971 0.000000
vt -7.000000 0.097946 0.000000
vt -7.000000 -0.067079 0.000000
vt -7.000000 -0.232104 0.000000
vt -7.000000 -0.397129 0.000000
vt -7.000000 -0.562154 0.000000
vt -7.000000 -3.330865 0.000000
vt -0.000000 -3.330865 0.000000
vt -7.000000 -2.590673 0.000000
vt -0.000000 -2.590673 0.000000
vt -7.000000 -1.850481 0.000000
vt -0.000000 -1.850481 0.000000
vt -7.000000 -1.110288 0.000000
vt -0.000000 -1.110288 0.000000
vt -7.000000 -0.370096 0.000000
vt -0.000000 -0.370096 0.000000
vt -7.000000 0.370096 0.000000
vt -0.000000 0.370096 0.000000
vt -7.000000 1.110288 0.000000
vt -0.000000 1.110288 0.000000
vt -7.000000 1.850481 0.000000
vt -0.000000 1.850481 0.000000
vt -7.000000 2.590673 0.000000
vt -0.000000 2.590673 0.000000
vt -7.000000 3.330865 0.000000
vt -0.000000 3.330865 0.000000
vt -7.000000 -1.748197 0.000000
vt -0.000000 -1.748197 0.000000
vt -3.500000 -1.583172 0.000000
vt -0.000000 -1.583172 0.000000
vt -3.500000 -1.418147 0.000000
vt -0.000000 -1.418147 0.000000
vt -3.500000 -1.253122 0.000000
vt -0.000000 -1.253122 0.000000
vt -3.500000 -1.088097 0.000000
vt -0.000000 -1.088097 0.000000
vt -3.500000 -0.923072 0.000000
vt -0.000000 -0.923072 0.000000
vt -3.500000 -0.758046 0.000000
vt -0.000000 -0.758046 0.000000
vt -3.500000 -0.593021 0.000000
vt -0.000000 -0.593021 0.000000
vt -3.500000 -0.427996 0.000000
vt -0.000000 -0.427996 0.000000
vt -3.500000 -0.262971 0.000000
vt -0.000000 -0.262971 0.000000
vt -3.500000 -0.097946 0.000000
vt -0.000000 -0.097946 0.000000
vt -3.500000 0.067079 0.000000
vt -0.000000 0.067079 0.000000
vt -3.500000 0.232104 0.000000
vt -0.000000 0.232104 0.000000
vt -3.500000 0.397129 0.000000
vt -0.000000 0.397129 0.000000
vt -3.500000 0.562154 0.000000
vt -0.000000 0.562154 0.000000
vt -0.000000 0.727179 0.000000
vt -7.000000 0.727179 0.000000
vt -7.000000 0.562154 0.000000
vt -7.000000 0.397129 0.000000
vt -7.000000 0.232104 0.000000
vt -7.000000 0.067079 0.000000
vt -7.000000 -0.097946 0.000000
vt -7.000000 -0.262971 0.000000
vt -7.000000 -0.427996 0.000000
vt -7.000000 -0.593021 0.000000
vt -7.000000 -0.758046 0.000000
vt -7.000000 -0.923072 0.000000
vt -7.000000 -1.088097 0.000000
vt -7.000000 -1.253122 0.000000
vt -7.000000 -1.418147 0.000000
vt -7.000000 -1.583172 0.000000
vt 3.182305 -4.098644 0.000000
vt 3.460449 -3.801955 0.000000
vt 3.092248 -3.960887 0.000000
vt 3.435474 -3.741660 0.000000
vt 3.426955 -3.676955 0.000000
vt 3.500179 -3.853732 0.000000
vt 3.304076 -4.209366 0.000000
vt 3.551955 -3.893462 0.000000
vt 3.449752 -4.285953 0.000000
vt 3.612251 -3.918437 0.000000
vt 3.609995 -4.323497 0.000000
vt 3.676955 -3.926955 0.000000
vt 3.774531 -4.319590 0.000000
vt 3.741660 -3.918437 0.000000
vt 3.932811 -4.274482 0.000000
vt 3.801955 -3.893462 0.000000
vt 4.074688 -4.191065 0.000000
vt 3.853732 -3.853732 0.000000
vt 4.191065 -4.074688 0.000000
vt 3.893462 -3.801955 0.000000
vt 4.274482 -3.932811 0.000000
vt 3.918437 -3.741660 0.000000
vt 4.319590 -3.774531 0.000000
vt 3.926955 -3.676955 0.000000
vt 4.323497 -3.609995 0.000000
vt 3.918437 -3.612251 0.000000
vt 4.285953 -3.449752 0.000000
vt 3.893462 -3.551955 0.000000
vt 4.209366 -3.304076 0.000000
vt 3.853732 -3.500179 0.000000
vt 4.098644 -3.182305 0.000000
vt 3.801955 -3.460449 0.000000
vt 3.960887 -3.092248 0.000000
vt 3.741660 -3.435474 0.000000
vt 3.676955 -3.426955 0.000000
vt 3.612251 -3.435474 0.000000
vt 3.551955 -3.460449 0.000000
vt 4.371842 -2.477422 0.000000
vt 3.500179 -3.500179 0.000000
vt 4.688109 -1.808939 0.000000
vt 4.902837 -1.101276 0.000000
vt 5.011377 -0.369762 0.000000
vt 5.011377 0.369762 0.000000
vt 3.500179 3.500179 0.000000
vt 4.902837 1.101276 0.000000
vt 4.688109 1.808939 0.000000
vt 4.371842 2.477422 0.000000
vt 3.551955 3.460449 0.000000
vt 3.960887 3.092248 0.000000
vt 3.612251 3.435474 0.000000
vt 3.676955 3.426955 0.000000
vt 3.741660 3.435474 0.000000
vt 3.801955 3.460449 0.000000
vt 4.098644 3.182305 0.000000
vt 3.853732 3.500179 0.000000
vt 4.209366 3.304076 0.000000
vt 3.893462 3.551955 0.000000
vt 4.285953 3.449752 0.000000
vt 3.918437 3.612251 0.000000
vt 4.323497 3.609995 0.000000
vt 3.926955 3.676955 0.000000
vt 4.319590 3.774531 0.000000
vt 3.918437 3.741660 0.000000
vt 4.274482 3.932811 0.000000
vt 3.893462 3.801955 0.000000
vt 4.191065 4.074688 0.000000
vt 3.853732 3.853732 0.000000
vt 4.074688 4.191065 0.000000
vt 3.801955 3.893462 0.000000
vt 3.932811 4.274482 0.000000
vt 3.741660 3.918437 0.000000
vt 3.774531 4.319590 0.000000
vt 3.676955 3.926955 0.000000
vt 3.609995 4.323497 0.000000
vt 3.612251 3.918437 0.000000
vt 3.449752 4.285953 0.000000
vt 3.551955 3.893462 0.000000
vt 3.304076 4.209366 0.000000
vt 3.500179 3.853732 0.000000
vt 3.182305 4.098644 0.000000
vt 3.460449 3.801955 0.000000
vt 3.092248 3.960887 0.000000
vt 3.435474 3.741660 0.000000
vt 3.426955 3.676955 0.000000
vt 3.435474 3.612251 0.000000
vt 3.460449 3.551955 0.000000
vt 2.477422 4.371842 0.000000
vt 1.808939 4.688109 0.000000
vt 1.101276 4.902837 0.000000
vt 0.369762 5.011377 0.000000
vt -0.369762 5.011377 0.000000
vt -3.500179 3.500179 0.000000
vt 1.808939 -4.688109 0.000000
vt -5.011377 0.369762 0.000000
vt -3.500179 -3.500179 0.000000
vt -5.011377 -0.369762 0.000000
vt -4.902837 -1.101276 0.000000
vt -1.101276 4.902837 0.000000
vt -1.808939 4.688109 0.000000
vt -2.477422 4.371842 0.000000
vt -3.460449 3.551955 0.000000
vt -3.092248 3.960887 0.000000
vt -3.435474 3.612251 0.000000
vt -3.426955 3.676955 0.000000
vt -3.435474 3.741660 0.000000
vt -3.460449 3.801955 0.000000
vt -3.182305 4.098644 0.000000
vt -3.500179 3.853732 0.000000
vt -3.304076 4.209366 0.000000
vt -3.551955 3.893462 0.000000
vt -3.449752 4.285953 0.000000
vt -3.612251 3.918437 0.000000
vt -3.609995 4.323497 0.000000
vt -3.676955 3.926955 0.000000
vt -3.774531 4.319590 0.000000
vt -3.741660 3.918437 0.000000
vt -3.932811 4.274482 0.000000
vt -3.801955 3.893462 0.000000
vt -4.074688 4.191065 0.000000
vt -3.853732 3.853732 0.000000
vt -4.191065 4.074688 0.000000
vt -3.893462 3.801955 0.000000
vt -4.274482 3.932811 0.000000
vt -3.918437 3.741660 0.000000
vt -4.319590 3.774531 0.000000
vt -3.926955 3.676955 0.000000
vt -4.323497 3.609995 0.000000
vt -3.918437 3.612251 0.000000
vt -4.285953 3.449752 0.000000
vt -3.893462 3.551955 0.000000
vt -4.209366 3.304076 0.000000
vt -3.853732 3.500179 0.000000
vt -4.098644 3.182305 0.000000
vt -3.801955 3.460449 0.000000
vt -3.960887 3.092248 0.000000
vt -3.741660 3.435474 0.000000
vt -3.676955 3.426955 0.000000
vt -3.612251 3.435474 0.000000
vt -3.551955 3.460449 0.000000
vt -4.371842 2.477422 0.000000
vt -4.688109 1.808939 0.000000
vt -4.902837 1.101276 0.000000
vt -4.688109 -1.808939 0.000000
vt -4.371842 -2.477422 0.000000
vt -3.551955 -3.460449 0.000000
vt -3.960887 -3.092248 0.000000
vt -3.612251 -3.435474 0.000000
vt -3.676955 -3.426955 0.000000
vt -3.741660 -3.435474 0.000000
vt -3.801955 -3.460449 0.000000
vt -4.098644 -3.182305 0.000000
vt -3.853732 -3.500179 0.000000
vt -4.209366 -3.304076 0.000000
vt -3.893462 -3.551955 0.000000
vt -4.285953 -3.449752 0.000000
vt -3.918437 -3.612251 0.000000
vt -4.323497 -3.609995 0.000000
vt -3.926955 -3.676955 0.000000
vt -4.319590 -3.774531 0.000000
vt -3.918437 -3.741660 0.000000
vt -4.274482 -3.932811 0.000000
vt -3.893462 -3.801955 0.000000
vt -4.191065 -4.074688 0.000000
vt -3.853732 -3.853732 0.000000
vt -4.074688 -4.191065 0.000000
vt -3.801955 -3.893462 0.000000
vt -3.932811 -4.274482 0.000000
vt -3.741660 -3.918437 0.000000
vt -3.774531 -4.319590 0.000000
vt -3.676955 -3.926955 0.000000
vt -3.609995 -4.323497 0.000000
vt -3.612251 -3.918437 0.000000
vt -3.449752 -4.285953 0.000000
vt -3.551955 -3.893462 0.000000
vt -3.304076 -4.209366 0.000000
vt -3.500179 -3.853732 0.000000
vt -3.182305 -4.098644 0.000000
vt -3.460449 -3.801955 0.000000
vt -3.092248 -3.960887 0.000000
vt -3.435474 -3.741660 0.000000
vt -3.426955 -3.676955 0.000000
vt -3.435474 -3.612251 0.000000
vt -3.460449 -3.551955 0.000000
vt -2.477422 -4.371842 0.000000
vt -1.808939 -4.688109 0.000000
vt -1.101276 -4.902837 0.000000
vt -0.369762 -5.011377 0.000000
vt 0.369762 -5.011377 0.000000
vt 1.101276 -4.902837 0.000000
vt 2.477422 -4.371842 0.000000
vt 3.460449 -3.551955 0.000000
vt 3.435474 -3.612251 0.000000
vt -4.098644 -3.182305 0.000000
vt -3.901955 -3.287244 0.000000
vt -3.960887 -3.092248 0.000000
vt -3.793424 -3.242289 0.000000
vt -3.676955 -3.226955 0.000000
vt -3.995153 -3.358757 0.000000
vt -4.209366 -3.304076 0.000000
vt -4.066667 -3.451955 0.000000
vt -4.285953 -3.449752 0.000000
vt -4.111622 -3.560487 0.000000
vt -4.323497 -3.609995 0.000000
vt -4.126955 -3.676955 0.000000
vt -4.319590 -3.774531 0.000000
vt -4.111622 -3.793424 0.000000
vt -4.274482 -3.932811 0.000000
vt -4.066667 -3.901955 0.000000
vt -4.191065 -4.074688 0.000000
vt -3.995153 -3.995153 0.000000
vt -4.074688 -4.191065 0.000000
vt -3.901955 -4.066667 0.000000
vt -3.932811 -4.274482 0.000000
vt -3.793424 -4.111622 0.000000
vt -3.774531 -4.319590 0.000000
vt -3.676955 -4.126955 0.000000
vt -3.609995 -4.323497 0.000000
vt -3.560487 -4.111622 0.000000
vt -3.449752 -4.285953 0.000000
vt -3.451955 -4.066667 0.000000
vt -3.304076 -4.209366 0.000000
vt -3.358757 -3.995153 0.000000
vt -3.182305 -4.098644 0.000000
vt -3.287244 -3.901955 0.000000
vt -3.092248 -3.960887 0.000000
vt -3.242289 -3.793424 0.000000
vt -3.226955 -3.676955 0.000000
vt -3.242289 -3.560487 0.000000
vt -2.477422 -4.371842 0.000000
vt -3.287244 -3.451955 0.000000
vt -1.808939 -4.688109 0.000000
vt -1.101276 -4.902837 0.000000
vt -0.369762 -5.011377 0.000000
vt -3.358757 -3.358757 0.000000
vt 0.369762 -5.011377 0.000000
vt -3.358757 3.358757 0.000000
vt 3.358757 -3.358757 0.000000
vt 5.011377 -0.369762 0.000000
vt 3.451955 -3.287244 0.000000
vt 4.902837 -1.101276 0.000000
vt 4.688109 -1.808939 0.000000
vt 4.371842 -2.477422 0.000000
vt 3.560487 -3.242289 0.000000
vt 3.960887 -3.092248 0.000000
vt 3.676955 -3.226955 0.000000
vt 3.793424 -3.242289 0.000000
vt 3.287244 -3.451955 0.000000
vt 1.101276 -4.902837 0.000000
vt 1.808939 -4.688109 0.000000
vt 2.477422 -4.371842 0.000000
vt 3.242289 -3.560487 0.000000
vt 3.092248 -3.960887 0.000000
vt 3.226955 -3.676955 0.000000
vt 3.242289 -3.793424 0.000000
vt 3.287244 -3.901955 0.000000
vt 3.182305 -4.098644 0.000000
vt 3.358757 -3.995153 0.000000
vt 3.304076 -4.209366 0.000000
vt 3.451955 -4.066667 0.000000
vt 3.449752 -4.285953 0.000000
vt 3.560487 -4.111622 0.000000
vt 3.609995 -4.323497 0.000000
vt 3.676955 -4.126955 0.000000
vt 3.774531 -4.319590 0.000000
vt 3.793424 -4.111622 0.000000
vt 3.932811 -4.274482 0.000000
vt 3.901955 -4.066667 0.000000
vt 4.074688 -4.191065 0.000000
vt 3.995153 -3.995153 0.000000
vt 4.191065 -4.074688 0.000000
vt 4.066667 -3.901955 0.000000
vt 4.274482 -3.932811 0.000000
vt 4.111622 -3.793424 0.000000
vt 4.319590 -3.774531 0.000000
vt 4.126955 -3.676955 0.000000
vt 4.323497 -3.609995 0.000000
vt 4.111622 -3.560487 0.000000
vt 4.285953 -3.449752 0.000000
vt 4.066667 -3.451955 0.000000
vt 4.209366 -3.304076 0.000000
vt 3.995153 -3.358757 0.000000
vt 4.098644 -3.182305 0.000000
vt 3.901955 -3.287244 0.000000
vt 3.358757 3.358757 0.000000
vt 5.011377 0.369762 0.000000
vt 3.451955 3.287244 0.000000
vt 4.902837 1.101276 0.000000
vt 4.688109 1.808939 0.000000
vt 4.371842 2.477422 0.000000
vt 3.560487 3.242289 0.000000
vt 3.960887 3.092248 0.000000
vt 3.676955 3.226955 0.000000
vt 3.793424 3.242289 0.000000
vt 3.901955 3.287244 0.000000
vt 4.098644 3.182305 0.000000
vt 3.995153 3.358757 0.000000
vt 4.209366 3.304076 0.000000
vt 4.066667 3.451955 0.000000
vt 4.285953 3.449752 0.000000
vt 4.111622 3.560487 0.000000
vt 4.323497 3.609995 0.000000
vt 4.126955 3.676955 0.000000
vt 4.319590 3.774531 0.000000
vt 4.111622 3.793424 0.000000
vt 4.274482 3.932811 0.000000
vt 4.066667 3.901955 0.000000
vt 4.191065 4.074688 0.000000
vt 3.995153 3.995153 0.000000
vt 4.074688 4.191065 0.000000
vt 3.901955 4.066667 0.000000
vt 3.932811 4.274482 0.000000
vt 3.793424 4.111622 0.000000
vt 3.774531 4.319590 0.000000
vt 3.676955 4.126955 0.000000
vt 3.609995 4.323497 0.000000
vt 3.560487 4.111622 0.000000
vt 3.449752 4.285953 0.000000
vt 3.451955 4.066667 0.000000
vt 3.304076 4.209366 0.000000
vt 3.358757 3.995153 0.000000
vt 3.182305 4.098644 0.000000
vt 3.287244 3.901955 0.000000
vt 3.092248 3.960887 0.000000
vt 3.242289 3.793424 0.000000
vt 3.226955 3.676955 0.000000
vt 3.242289 3.560487 0.000000
vt 2.477422 4.371842 0.000000
vt 3.287244 3.451955 0.000000
vt 1.808939 4.688109 0.000000
vt 1.101276 4.902837 0.000000
vt 0.369762 5.011377 0.000000
vt -0.369762 5.011377 0.000000
vt -3.287244 3.451955 0.000000
vt -1.101276 4.902837 0.000000
vt -1.808939 4.688109 0.000000
vt -2.477422 4.371842 0.000000
vt -3.242289 3.560487 0.000000
vt -3.092248 3.960887 0.000000
vt -3.226955 3.676955 0.000000
vt -3.242289 3.793424 0.000000
vt -3.287244 3.901955 0.000000
vt -3.182305 4.098644 0.000000
vt -3.358757 3.995153 0.000000
vt -3.304076 4.209366 0.000000
vt -3.451955 4.066667 0.000000
vt -3.449752 4.285953 0.000000
vt -3.560487 4.111622 0.000000
vt -3.609995 4.323497 0.000000
vt -3.676955 4.126955 0.000000
vt -3.774531 4.319590 0.000000
vt -3.793424 4.111622 0.000000
vt -3.932811 4.274482 0.000000
vt -3.901955 4.066667 0.000000
vt -4.074688 4.191065 0.000000
vt -3.995153 3.995153 0.000000
vt -4.191065 4.074688 0.000000
vt -4.066667 3.901955 0.000000
vt -4.274482 3.932811 0.000000
vt -4.111622 3.793424 0.000000
vt -4.319590 3.774531 0.000000
vt -4.126955 3.676955 0.000000
vt -4.323497 3.609995 0.000000
vt -4.111622 3.560487 0.000000
vt -4.285953 3.449752 0.000000
vt -4.066667 3.451955 0.000000
vt -4.209366 3.304076 0.000000
vt -3.995153 3.358757 0.000000
vt -4.098644 3.182305 0.000000
vt -3.901955 3.287244 0.000000
vt -3.960887 3.092248 0.000000
vt -3.793424 3.242289 0.000000
vt -3.676955 3.226955 0.000000
vt -3.560487 3.242289 0.000000
vt -4.371842 2.477422 0.000000
vt -3.451955 3.287244 0.000000
vt -4.688109 1.808939 0.000000
vt -4.902837 1.101276 0.000000
vt -5.011377 0.369762 0.000000
vt -5.011377 -0.369762 0.000000
vt -3.451955 -3.287244 0.000000
vt -4.902837 -1.101276 0.000000
vt -4.688109 -1.808939 0.000000
vt -4.371842 -2.477422 0.000000
vt -3.560487 -3.242289 0.000000
vn -0.965926 0.000000 -0.258819
vn -0.965926 0.000000 -0.258819
vn -1.000000 0.000000 0.000000
vn -1.000000 0.000000 0.000000
vn -0.965926 0.000000 0.258819
vn -0.965926 0.000000 0.258819
vn -0.866025 0.000000 0.500000
vn -0.866025 0.000000 0.500000
vn -0.707107 0.000000 0.707107
vn -0.707107 0.000000 0.707107
vn -0.500000 0.000000 0.866025
vn -0.500000 0.000000 0.866025
vn -0.258819 0.000000 0.965926
vn -0.258819 0.000000 0.965926
vn 0.000000 -0.000000 1.000000
vn 0.000000 -0.000000 1.000000
vn 0.258819 -0.000000 0.965926
vn 0.258819 -0.000000 0.965926
vn 0.500000 -0.000000 0.866025
vn 0.500000 -0.000000 0.866025
vn 0.707107 -0.000000 0.707107
vn 0.707107 -0.000000 0.707107
vn 0.866025 -0.000000 0.500000
vn 0.866025 -0.000000 0.500000
vn 0.965926 -0.000000 0.258819
vn 0.965926 -0.000000 0.258819
vn 1.000000 -0.000000 -0.000000
vn 1.000000 -0.000000 -0.000000
vn 0.965926 -0.000000 -0.258819
vn 0.965926 -0.000000 -0.258819
vn 0.866025 -0.000000 -0.500000
vn 0.866025 -0.000000 -0.500000
vn 0.707107 -0.000000 -0.707107
vn 0.707107 -0.000000 -0.707107
vn 0.500000 -0.000000 -0.866025
vn 0.500000 -0.000000 -0.866025
vn 0.258819 -0.000000 -0.965926
vn 0.258819 -0.000000 -0.965926
vn -0.000000 0.000000 -1.000000
vn -0.000000 0.000000 -1.000000
vn -0.258819 0.000000 -0.965926
vn -0.258819 0.000000 -0.965926
vn -0.500000 0.000000 -0.866025
vn -0.500000 0.000000 -0.866025
vn -0.707107 0.000000 -0.707107
vn -0.707107 0.000000 -0.707107
vn -0.866025 0.000000 -0.500000
vn -0.866025 0.000000 -0.500000
vn 0.000000 1.000000 0.000000
vn 0.000000 1.000000 0.000000
vn 0.000000 1.000000 0.000000
vn 0.000000 1.000000 0.000000
vn 0.000000 1.000000 0.000000
vn 0.000000 1.000000 0.000000
vn 0.000000 1.000000 0.000000
vn 0.000000 1.000000 0.000000
vn 0.000000 1.000000 0.000000
vn 0.000000 1.000000 0.000000
vn 0.000000 1.000000 0.000000
vn 0.000000 1.000000 0.000000
vn 0.000000 1.000000 0.000000
vn 0.000000 1.000000 0.000000
vn 0.000000 1.000000 0.000000
vn 0.000000 1.000000 0.000000
vn 0.000000 1.000000 0.000000
vn 0.000000 1.000000 0.000000
vn 0.000000 1.000000 0.000000
vn 0.000000 1.000000 0.000000
vn 0.000000 1.000000 0.000000
vn 0.000000 1.000000 0.000000
vn 0.000000 1.000000 0.000000
vn 0.000000 1.000000 0.000000
vn 0.000000 1.000000 0.000000
vn 0.000000 1.000000 0.000000
vn 0.000000 1.000000 0.000000
vn 0.000000 1.000000 0.000000
vn 0.000000 1.000000 0.000000
vn 0.000000 1.000000 0.000000
vn 0.000000 1.000000 0.000000
vn 0.000000 1.000000 0.000000
vn 0.000000 1.000000 0.000000
vn 0.000000 1.000000 0.000000
vn 0.000000 1.000000 0.000000
vn 0.000000 1.000000 0.000000
vn 0.000000 1.000000 0.000000
vn 0.000000 1.000000 0.000000
vn 0.000000 1.000000 0.000000
vn 0.000000 1.000000 0.000000
vn 0.000000 1.000000 0.000000
vn 0.000000 1.000000 0.000000
vn 0.000000 1.000000 0.000000
vn 0.000000 1.000000 0.000000
vn 0.000000 1.000000 0.000000
vn 0.000000 1.000000 0.000000
vn 0.000000 1.000000 0.000000
vn 0.000000 1.000000 0.000000
vn 0.258819 -0.000000 -0.965926
vn 0.258819 -0.000000 -0.965926
vn -0.000000 0.000000 -1.000000
vn -0.000000 0.000000 -1.000000
vn -0.258819 0.000000 -0.965926
vn -0.258819 0.000000 -0.965926
vn -0.500000 0.000000 -0.866025
vn -0.500000 0.000000 -0.866025
vn -0.707107 0.000000 -0.707107
vn -0.707107 0.000000 -0.707107
vn -0.866025 0.000000 -0.500000
vn -0.866025 0.000000 -0.500000
vn -0.965926 0.000000 -0.258819
vn -0.965926 0.000000 -0.258819
vn -1.000000 0.000000 0.000000
vn -1.000000 0.000000 0.000000
vn -0.965926 0.000000 0.258819
vn -0.965926 0.000000 0.258819
vn -0.866025 0.000000 0.500000
vn -0.866025 0.000000 0.500000
vn -0.707107 0.000000 0.707107
vn -0.707107 0.000000 0.707107
vn -0.500000 0.000000 0.866025
vn -0.500000 0.000000 0.866025
vn -0.258819 0.000000 0.965926
vn -0.258819 0.000000 0.965926
vn 0.000000 -0.000000 1.000000
vn 0.000000 -0.000000 1.000000
vn 0.258819 -0.000000 0.965926
vn 0.258819 -0.000000 0.965926
vn 0.500000 -0.000000 0.866025
vn 0.500000 -0.000000 0.866025
vn 0.707107 -0.000000 0.707107
vn 0.707107 -0.000000 0.707107
vn 0.866025 -0.000000 0.500000
vn 0.866025 -0.000000 0.500000
vn 0.965926 -0.000000 0.258819
vn 0.965926 -0.000000 0.258819
vn 1.000000 -0.000000 -0.000000
vn 1.000000 -0.000000 -0.000000
vn 0.965926 -0.000000 -0.258819
vn 0.965926 -0.000000 -0.258819
vn 0.866025 -0.000000 -0.500000
vn 0.866025 -0.000000 -0.500000
vn 0.707107 -0.000000 -0.707107
vn 0.707107 -0.000000 -0.707107
vn 0.500000 -0.000000 -0.866025
vn 0.500000 -0.000000 -0.866025
vn 0.000000 1.000000 0.000000
vn 0.000000 1.000000 0.000000
vn 0.000000 1.000000 0.000000
vn 0.000000 1.000000 0.000000
vn 0.000000 1.000000 0.000000
vn 0.000000 1.000000 0.000000
vn 0.000000 1.000000 0.000000
vn 0.000000 1.000000 0.000000
vn 0.000000 1.000000 0.000000
vn 0.000000 1.000000 0.000000
vn 0.000000 1.000000 0.000000
vn 0.000000 1.000000 0.000000
vn 0.000000 1.000000 0.000000
vn 0.000000 1.000000 0.000000
vn 0.000000 1.000000 0.000000
vn 0.000000 1.000000 0.000000
vn 0.000000 1.000000 0.000000
vn 0.000000 1.000000 0.000000
vn 0.000000 1.000000 0.000000
vn 0.000000 1.000000 0.000000
vn 0.000000 1.000000 0.000000
vn 0.000000 1.000000 0.000000
vn 0.000000 1.000000 0.000000
vn 0.000000 1.000000 0.000000
vn 0.000000 1.000000 0.000000
vn 0.000000 1.000000 0.000000
vn 0.000000 1.000000 0.000000
vn 0.000000 1.000000 0.000000
vn 0.000000 1.000000 0.000000
vn 0.000000 1.000000 0.000000
vn 0.000000 1.000000 0.000000
vn 0.000000 1.000000 0.000000
vn 0.000000 1.000000 0.000000
vn 0.000000 1.000000 0.000000
vn 0.000000 1.000000 0.000000
vn 0.000000 1.000000 0.000000
vn 0.000000 1.000000 0.000000
vn 0.000000 1.000000 0.000000
vn 0.000000 1.000000 0.000000
vn 0.000000 1.000000 0.000000
vn 0.000000 1.000000 0.000000
vn 0.000000 1.000000 0.000000
vn 0.000000 1.000000 0.000000
vn 0.000000 1.000000 0.000000
vn 0.000000 1.000000 0.000000
vn 0.000000 1.000000 0.000000
vn 0.000000 1.000000 0.000000
vn 0.000000 1.000000 0.000000
vn -0.258819 0.000000 0.965926
vn -0.258819 0.000000 0.965926
vn 0.000000 -0.000000 1.000000
vn 0.000000 -0.000000 1.000000
vn 0.258819 -0.000000 0.965926
vn 0.258819 -0.000000 0.965926
vn 0.500000 -0.000000 0.866025
vn 0.500000 -0.000000 0.866025
vn 0.707107 -0.000000 0.707107
vn 0.707107 -0.000000 0.707107
vn 0.866025 -0.000000 0.500000
vn 0.866025 -0.000000 0.500000
vn 0.965926 -0.000000 0.258819
vn 0.965926 -0.000000 0.258819
vn 1.000000 -0.000000 -0.000000
vn 1.000000 -0.000000 -0.000000
vn 0.965926 -0.000000 -0.258819
vn 0.965926 -0.000000 -0.258819
vn 0.866025 -0.000000 -0.500000
vn 0.866025 -0.000000 -0.500000
vn 0.707107 -0.000000 -0.707107
vn 0.707107 -0.000000 -0.707107
vn 0.500000 -0.000000 -0.866025
vn 0.500000 -0.000000 -0.866025
vn 0.258819 -0.000000 -0.965926
vn 0.258819 -0.000000 -0.965926
vn -0.000000 0.000000 -1.000000
vn -0.000000 0.000000 -1.000000
vn -0.258819 0.000000 -0.965926
vn -0.258819 0.000000 -0.965926
vn -0.500000 0.000000 -0.866025
vn -0.500000 0.000000 -0.866025
vn -0.707107 0.000000 -0.707107
vn -0.707107 0.000000 -0.707107
vn -0.866025 0.000000 -0.500000
vn -0.866025 0.000000 -0.500000
vn -0.965926 0.000000 -0.258819
vn -0.965926 0.000000 -0.258819
vn -1.000000 0.000000 0.000000
vn -1.000000 0.000000 0.000000
vn -0.965926 0.000000 0.258819
vn -0.965926 0.000000 0.258819
vn -0.866025 0.000000 0.500000
vn -0.866025 0.000000 0.500000
vn -0.707107 0.000000 0.707107
vn -0.707107 0.000000 0.707107
vn -0.500000 0.000000 0.866025
vn -0.500000 0.000000 0.866025
vn 0.000000 1.000000 0.000000
vn 0.000000 1.000000 0.000000
vn 0.000000 1.000000 0.000000
vn 0.000000 1.000000 0.000000
vn 0.000000 1.000000 0.000000
vn 0.000000 1.000000 0.000000
vn 0.000000 1.000000 0.000000
vn 0.000000 1.000000 0.000000
vn 0.000000 1.000000 0.000000
vn 0.000000 1.000000 0.000000
vn 0.000000 1.000000 0.000000
vn 0.000000 1.000000 0.000000
vn 0.000000 1.000000 0.000000
vn 0.000000 1.000000 0.000000
vn 0.000000 1.000000 0.000000
vn 0.000000 1.000000 0.000000
vn 0.000000 1.000000 0.000000
vn 0.000000 1.000000 0.000000
vn 0.000000 1.000000 0.000000
vn 0.000000 1.000000 0.000000
vn 0.000000 1.000000 0.000000
vn 0.000000 1.000000 0.000000
vn 0.000000 1.000000 0.000000
vn 0.000000 1.000000 0.000000
vn 0.000000 1.000000 0.000000
vn 0.000000 1.000000 0.000000
vn 0.000000 1.000000 0.000000
vn 0.000000 1.000000 0.000000
vn 0.000000 1.000000 0.000000
vn 0.000000 1.000000 0.000000
vn 0.000000 1.000000 0.000000
vn 0.000000 1.000000 0.000000
vn 0.000000 1.000000 0.000000
vn 0.000000 1.000000 0.000000
vn 0.000000 1.000000 0.000000
vn 0.000000 1.000000 0.000000
vn 0.000000 1.000000 0.000000
vn 0.000000 1.000000 0.000000
vn 0.000000 1.000000 0.000000
vn 0.000000 1.000000 0.000000
vn 0.000000 1.000000 0.000000
vn 0.000000 1.000000 0.000000
vn 0.000000 1.000000 0.000000
vn 0.000000 1.000000 0.000000
vn 0.000000 1.000000 0.000000
vn 0.000000 1.000000 0.000000
vn 0.000000 1.000000 0.000000
vn 0.000000 1.000000 0.000000
vn 0.965926 -0.000000 0.258819
vn 0.965926 -0.000000 0.258819
vn 1.000000 -0.000000 -0.000000
vn 1.000000 -0.000000 -0.000000
vn 0.965926 -0.000000 -0.258819
vn 0.965926 -0.000000 -0.258819
vn 0.866025 -0.000000 -0.500000
vn 0.866025 -0.000000 -0.500000
vn 0.707107 -0.000000 -0.707107
vn 0.707107 -0.000000 -0.707107
vn 0.500000 -0.000000 -0.866025
vn 0.500000 -0.000000 -0.866025
vn 0.258819 -0.000000 -0.965926
vn 0.258819 -0.000000 -0.965926
vn -0.000000 0.000000 -1.000000
vn -0.000000 0.000000 -1.000000
vn -0.258819 0.000000 -0.965926
vn -0.258819 0.000000 -0.965926
vn -0.500000 0.000000 -0.866025
vn -0.500000 0.000000 -0.866025
vn -0.707107 0.000000 -0.707107
vn -0.707107 0.000000 -0.707107
vn -0.866025 0.000000 -0.500000
vn -0.866025 0.000000 -0.500000
vn -0.965926 0.000000 -0.258819
vn -0.965926 0.000000 -0.258819
vn -1.000000 0.000000 0.000000
vn -1.000000 0.000000 0.000000
vn -0.965926 0.000000 0.258819
vn -0.965926 0.000000 0.258819
vn -0.866025 0.000000 0.500000
vn -0.866025 0.000000 0.500000
vn -0.707107 0.000000 0.707107
vn -0.707107 0.000000 0.707107
vn -0.500000 0.000000 0.866025
vn -0.500000 0.000000 0.866025
vn -0.258819 0.000000 0.965926
vn -0.258819 0.000000 0.965926
vn 0.000000 -0.000000 1.000000
vn 0.000000 -0.000000 1.000000
vn 0.258819 -0.000000 0.965926
vn 0.258819 -0.000000 0.965926
vn 0.500000 -0.000000 0.866025
vn 0.500000 -0.000000 0.866025
vn 0.707107 -0.000000 0.707107
vn 0.707107 -0.000000 0.707107
vn 0.866025 -0.000000 0.500000
vn 0.866025 -0.000000 0.500000
vn 0.000000 1.000000 0.000000
vn 0.000000 1.000000 0.000000
vn 0.000000 1.000000 0.000000
vn 0.000000 1.000000 0.000000
vn 0.000000 1.000000 0.000000
vn 0.000000 1.000000 0.000000
vn 0.000000 1.000000 0.000000
vn 0.000000 1.000000 0.000000
vn 0.000000 1.000000 0.000000
vn 0.000000 1.000000 0.000000
vn 0.000000 1.000000 0.000000
vn 0.000000 1.000000 0.000000
vn 0.000000 1.000000 0.000000
vn 0.000000 1.000000 0.000000
vn 0.000000 1.000000 0.000000
vn 0.000000 1.000000 0.000000
vn 0.000000 1.000000 0.000000
vn 0.000000 1.000000 0.000000
vn 0.000000 1.000000 0.000000
vn 0.000000 1.000000 0.000000
vn 0.000000 1.000000 0.000000
vn 0.000000 1.000000 0.000000
vn 0.000000 1.000000 0.000000
vn 0.000000 1.000000 0.000000
vn 0.000000 1.000000 0.000000
vn 0.000000 1.000000 0.000000
vn 0.000000 1.000000 0.000000
vn 0.000000 1.000000 0.000000
vn 0.000000 1.000000 0.000000
vn 0.000000 1.000000 0.000000
vn 0.000000 1.000000 0.000000
vn 0.000000 1.000000 0.000000
vn 0.000000 1.000000 0.000000
vn 0.000000 1.000000 0.000000
vn 0.000000 1.000000 0.000000
vn 0.000000 1.000000 0.000000
vn 0.000000 1.000000 0.000000
vn 0.000000 1.000000 0.000000
vn 0.000000 1.000000 0.000000
vn 0.000000 1.000000 0.000000
vn 0.000000 1.000000 0.000000
vn 0.000000 1.000000 0.000000
vn 0.000000 1.000000 0.000000
vn 0.000000 1.000000 0.000000
vn 0.000000 1.000000 0.000000
vn 0.000000 1.000000 0.000000
vn 0.000000 1.000000 0.000000
vn 0.000000 1.000000 0.000000
vn -0.258819 0.000000 -0.965926
vn -0.258819 0.000000 -0.965926
vn -0.000000 0.000000 -1.000000
vn -0.000000 0.000000 -1.000000
vn 0.258819 -0.000000 -0.965926
vn 0.258819 -0.000000 -0.965926
vn 0.500000 -0.000000 -0.866025
vn 0.500000 -0.000000 -0.866025
vn 0.707107 -0.000000 -0.707107
vn 0.707107 -0.000000 -0.707107
vn 0.866025 -0.000000 -0.500000
vn 0.866025 -0.000000 -0.500000
vn 0.965926 -0.000000 -0.258819
vn 0.965926 -0.000000 -0.258819
vn 1.000000 -0.000000 -0.000000
vn 1.000000 -0.000000 -0.000000
vn 0.965926 -0.000000 0.258819
vn 0.965926 -0.000000 0.258819
vn 0.866025 -0.000000 0.500000
vn 0.866025 -0.000000 0.500000
vn 0.707107 -0.000000 0.707107
vn 0.707107 -0.000000 0.707107
vn 0.500000 -0.000000 0.866025
vn 0.500000 -0.000000 0.866025
vn 0.258819 -0.000000 0.965926
vn 0.258819 -0.000000 0.965926
vn 0.000000 -0.000000 1.000000
vn 0.000000 -0.000000 1.000000
vn -0.258819 0.000000 0.965926
vn -0.258819 0.000000 0.965926
vn -0.500000 0.000000 0.866025
vn -0.500000 0.000000 0.866025
vn -0.707107 0.000000 0.707107
vn -0.707107 0.000000 0.707107
vn -0.866025 0.000000 0.500000
vn -0.866025 0.000000 0.500000
vn -0.965926 0.000000 0.258819
vn -0.965926 0.000000 0.258819
vn -1.000000 0.000000 0.000000
vn -1.000000 0.000000 0.000000
vn -0.965926 0.000000 -0.258819
vn -0.965926 0.000000 -0.258819
vn -0.866025 0.000000 -0.500000
vn -0.866025 0.000000 -0.500000
vn -0.707107 0.000000 -0.707107
vn -0.707107 0.000000 -0.707107
vn -0.500000 0.000000 -0.866025
vn -0.500000 0.000000 -0.866025
vn 0.258819 -0.000000 -0.965926
vn 0.258819 -0.000000 -0.965926
vn -0.000000 0.000000 -1.000000
vn -0.000000 0.000000 -1.000000
vn -0.258819 0.000000 -0.965926
vn -0.258819 0.000000 -0.965926
vn -0.500000 0.000000 -0.866025
vn -0.500000 0.000000 -0.866025
vn -0.707107 0.000000 -0.707107
vn -0.707107 0.000000 -0.707107
vn -0.866025 0.000000 -0.500000
vn -0.866025 0.000000 -0.500000
vn -0.965926 0.000000 -0.258819
vn -0.965926 0.000000 -0.258819
vn -1.000000 0.000000 0.000000
vn -1.000000 0.000000 0.000000
vn -0.965926 0.000000 0.258819
vn -0.965926 0.000000 0.258819
vn -0.866025 0.000000 0.500000
vn -0.866025 0.000000 0.500000
vn -0.707107 0.000000 0.707107
vn -0.707107 0.000000 0.707107
vn -0.500000 0.000000 0.866025
vn -0.500000 0.000000 0.866025
vn -0.258819 0.000000 0.965926
vn -0.258819 0.000000 0.965926
vn 0.000000 -0.000000 1.000000
vn 0.000000 -0.000000 1.000000
vn 0.258819 -0.000000 0.965926
vn 0.258819 -0.000000 0.965926
vn 0.500000 -0.000000 0.866025
vn 0.500000 -0.000000 0.866025
vn 0.707107 -0.000000 0.707107
vn 0.707107 -0.000000 0.707107
vn 0.866025 -0.000000 0.500000
vn 0.866025 -0.000000 0.500000
vn 0.965926 -0.000000 0.258819
vn 0.965926 -0.000000 0.258819
vn 1.000000 -0.000000 -0.000000
vn 1.000000 -0.000000 -0.000000
vn 0.965926 -0.000000 -0.258819
vn 0.965926 -0.000000 -0.258819
vn 0.866025 -0.000000 -0.500000
vn 0.866025 -0.000000 -0.500000
vn 0.707107 -0.000000 -0.707107
vn 0.707107 -0.000000 -0.707107
vn 0.500000 -0.000000 -0.866025
vn 0.500000 -0.000000 -0.866025
vn -0.000000 0.000000 -1.000000
vn 0.258819 -0.000000 -0.965926
vn 0.500000 -0.000000 -0.866025
vn 0.707107 -0.000000 -0.707107
vn 0.866025 -0.000000 -0.500000
vn 0.965926 -0.000000 -0.258819
vn 1.000000 -0.000000 -0.000000
vn 0.965926 -0.000000 0.258819
vn 0.866025 -0.000000 0.500000
vn 0.707107 -0.000000 0.707107
vn 0.500000 -0.000000 0.866025
vn 0.258819 -0.000000 0.965926
vn 0.000000 -0.000000 1.000000
vn -0.258819 0.000000 0.965926
vn -0.500000 0.000000 0.866025
vn -0.707107 0.000000 0.707107
vn -0.866025 0.000000 0.500000
vn -0.965926 0.000000 0.258819
vn -1.000000 0.000000 0.000000
vn -0.965926 0.000000 -0.258819
vn -0.866025 0.000000 -0.500000
vn -0.707107 0.000000 -0.707107
vn -0.500000 0.000000 -0.866025
vn -0.258819 0.000000 -0.965926
vn -0.000000 0.000000 -1.000000
vn 0.258819 -0.000000 -0.965926
vn 0.500000 -0.000000 -0.866025
vn 0.707107 -0.000000 -0.707107
vn 0.866025 -0.000000 -0.500000
vn 0.965926 -0.000000 -0.258819
vn 1.000000 -0.000000 -0.000000
vn 0.965926 -0.000000 0.258819
vn 0.866025 -0.000000 0.500000
vn 0.707107 -0.000000 0.707107
vn 0.500000 -0.000000 0.866025
vn 0.258819 -0.000000 0.965926
vn 0.000000 -0.000000 1.000000
vn -0.258819 0.000000 0.965926
vn -0.500000 0.000000 0.866025
vn -0.707107 0.000000 0.707107
vn -0.866025 0.000000 0.500000
vn -0.965926 0.000000 0.258819
vn -1.000000 0.000000 0.000000
vn -0.965926 0.000000 -0.258819
vn -0.866025 0.000000 -0.500000
vn -0.707107 0.000000 -0.707107
vn -0.500000 0.000000 -0.866025
vn -0.258819 0.000000 -0.965926
vn 0.965926 -0.000000 -0.258819
vn 0.965926 -0.000000 -0.258819
vn 1.000000 -0.000000 -0.000000
vn 1.000000 -0.000000 -0.000000
vn 0.965926 -0.000000 0.258819
vn 0.965926 -0.000000 0.258819
vn 0.866025 -0.000000 0.500000
vn 0.866025 -0.000000 0.500000
vn 0.707107 -0.000000 0.707107
vn 0.707107 -0.000000 0.707107
vn 0.500000 -0.000000 0.866025
vn 0.500000 -0.000000 0.866025
vn 0.258819 -0.000000 0.965926
vn 0.258819 -0.000000 0.965926
vn 0.000000 -0.000000 1.000000
vn 0.000000 -0.000000 1.000000
vn -0.258819 0.000000 0.965926
vn -0.258819 0.000000 0.965926
vn -0.500000 0.000000 0.866025
vn -0.500000 0.000000 0.866025
vn -0.707107 0.000000 0.707107
vn -0.707107 0.000000 0.707107
vn -0.866025 0.000000 0.500000
vn -0.866025 0.000000 0.500000
vn -0.965926 0.000000 0.258819
vn -0.965926 0.000000 0.258819
vn -1.000000 0.000000 0.000000
vn -1.000000 0.000000 0.000000
vn -0.965926 0.000000 -0.258819
vn -0.965926 0.000000 -0.258819
vn -0.866025 0.000000 -0.500000
vn -0.866025 0.000000 -0.500000
vn -0.707107 0.000000 -0.707107
vn -0.707107 0.000000 -0.707107
vn -0.500000 0.000000 -0.866025
vn -0.500000 0.000000 -0.866025
vn -0.258819 0.000000 -0.965926
vn -0.258819 0.000000 -0.965926
vn -0.000000 0.000000 -1.000000
vn -0.000000 0.000000 -1.000000
vn 0.258819 -0.000000 -0.965926
vn 0.258819 -0.000000 -0.965926
vn 0.500000 -0.000000 -0.866025
vn 0.500000 -0.000000 -0.866025
vn 0.707107 -0.000000 -0.707107
vn 0.707107 -0.000000 -0.707107
vn 0.866025 -0.000000 -0.500000
vn 0.866025 -0.000000 -0.500000
vn 0.965926 -0.000000 0.258819
vn 0.965926 -0.000000 0.258819
vn 1.000000 -0.000000 -0.000000
vn 1.000000 -0.000000 -0.000000
vn 0.965926 -0.000000 -0.258819
vn 0.965926 -0.000000 -0.258819
vn 0.866025 -0.000000 -0.500000
vn 0.866025 -0.000000 -0.500000
vn 0.707107 -0.000000 -0.707107
vn 0.707107 -0.000000 -0.707107
vn 0.500000 -0.000000 -0.866025
vn 0.500000 -0.000000 -0.866025
vn 0.258819 -0.000000 -0.965926
vn 0.258819 -0.000000 -0.965926
vn -0.000000 0.000000 -1.000000
vn -0.000000 0.000000 -1.000000
vn -0.258819 0.000000 -0.965926
vn -0.258819 0.000000 -0.965926
vn -0.500000 0.000000 -0.866025
vn -0.500000 0.000000 -0.866025
vn -0.707107 0.000000 -0.707107
vn -0.707107 0.000000 -0.707107
vn -0.866025 0.000000 -0.500000
vn -0.866025 0.000000 -0.500000
vn -0.965926 0.000000 -0.258819
vn -0.965926 0.000000 -0.258819
vn -1.000000 0.000000 0.000000
vn -1.000000 0.000000 0.000000
vn -0.965926 0.000000 0.258819
vn -0.965926 0.000000 0.258819
vn -0.866025 0.000000 0.500000
vn -0.866025 0.000000 0.500000
vn -0.707107 0.000000 0.707107
vn -0.707107 0.000000 0.707107
vn -0.500000 0.000000 0.866025
vn -0.500000 0.000000 0.866025
vn -0.258819 0.000000 0.965926
vn -0.258819 0.000000 0.965926
vn 0.000000 -0.000000 1.000000
vn 0.000000 -0.000000 1.000000
vn 0.258819 -0.000000 0.965926
vn 0.258819 -0.000000 0.965926
vn 0.500000 -0.000000 0.866025
vn 0.500000 -0.000000 0.866025
vn 0.707107 -0.000000 0.707107
vn 0.707107 -0.000000 0.707107
vn 0.866025 -0.000000 0.500000
vn 0.866025 -0.000000 0.500000
vn 1.000000 -0.000000 -0.000000
vn 0.965926 -0.000000 0.258819
vn 0.866025 -0.000000 0.500000
vn 0.707107 -0.000000 0.707107
vn 0.500000 -0.000000 0.866025
vn 0.258819 -0.000000 0.965926
vn 0.000000 -0.000000 1.000000
vn -0.258819 0.000000 0.965926
vn -0.500000 0.000000 0.866025
vn -0.707107 0.000000 0.707107
vn -0.866025 0.000000 0.500000
vn -0.965926 0.000000 0.258819
vn -1.000000 0.000000 0.000000
vn -0.965926 0.000000 -0.258819
vn -0.866025 0.000000 -0.500000
vn -0.707107 0.000000 -0.707107
vn -0.500000 0.000000 -0.866025
vn -0.258819 0.000000 -0.965926
vn -0.000000 0.000000 -1.000000
vn 0.258819 -0.000000 -0.965926
vn 0.500000 -0.000000 -0.866025
vn 0.707107 -0.000000 -0.707107
vn 0.866025 -0.000000 -0.500000
vn 0.965926 -0.000000 -0.258819
vn 1.000000 -0.000000 -0.000000
vn 0.965926 -0.000000 0.258819
vn 0.866025 -0.000000 0.500000
vn 0.707107 -0.000000 0.707107
vn 0.500000 -0.000000 0.866025
vn 0.258819 -0.000000 0.965926
vn 0.000000 -0.000000 1.000000
vn -0.258819 0.000000 0.965926
vn -0.500000 0.000000 0.866025
vn -0.707107 0.000000 0.707107
vn -0.866025 0.000000 0.500000
vn -0.965926 0.000000 0.258819
vn -1.000000 0.000000 0.000000
vn -0.965926 0.000000 -0.258819
vn -0.866025 0.000000 -0.500000
vn -0.707107 0.000000 -0.707107
vn -0.500000 0.000000 -0.866025
vn -0.258819 0.000000 -0.965926
vn -0.000000 0.000000 -1.000000
vn 0.258819 -0.000000 -0.965926
vn 0.500000 -0.000000 -0.866025
vn 0.707107 -0.000000 -0.707107
vn 0.866025 -0.000000 -0.500000
vn 0.965926 -0.000000 -0.258819
vn -0.965926 0.000000 0.258819
vn -0.965926 0.000000 0.258819
vn -1.000000 0.000000 0.000000
vn -1.000000 0.000000 0.000000
vn -0.965926 0.000000 -0.258819
vn -0.965926 0.000000 -0.258819
vn -0.866025 0.000000 -0.500000
vn -0.866025 0.000000 -0.500000
vn -0.707107 0.000000 -0.707107
vn -0.707107 0.000000 -0.707107
vn -0.500000 0.000000 -0.866025
vn -0.500000 0.000000 -0.866025
vn -0.258819 0.000000 -0.965926
vn -0.258819 0.000000 -0.965926
vn -0.000000 0.000000 -1.000000
vn -0.000000 0.000000 -1.000000
vn 0.258819 -0.000000 -0.965926
vn 0.258819 -0.000000 -0.965926
vn 0.500000 -0.000000 -0.866025
vn 0.500000 -0.000000 -0.866025
vn 0.707107 -0.000000 -0.707107
vn 0.707107 -0.000000 -0.707107
vn 0.866025 -0.000000 -0.500000
vn 0.866025 -0.000000 -0.500000
vn 0.965926 -0.000000 -0.258819
vn 0.965926 -0.000000 -0.258819
vn 1.000000 -0.000000 -0.000000
vn 1.000000 -0.000000 -0.000000
vn 0.965926 -0.000000 0.258819
vn 0.965926 -0.000000 0.258819
vn 0.866025 -0.000000 0.500000
vn 0.866025 -0.000000 0.500000
vn 0.707107 -0.000000 0.707107
vn 0.707107 -0.000000 0.707107
vn 0.500000 -0.000000 0.866025
vn 0.500000 -0.000000 0.866025
vn 0.258819 -0.000000 0.965926
vn 0.258819 -0.000000 0.965926
vn 0.000000 -0.000000 1.000000
vn 0.000000 -0.000000 1.000000
vn -0.258819 0.000000 0.965926
vn -0.258819 0.000000 0.965926
vn -0.500000 0.000000 0.866025
vn -0.500000 0.000000 0.866025
vn -0.707107 0.000000 0.707107
vn -0.707107 0.000000 0.707107
vn -0.866025 0.000000 0.500000
vn -0.866025 0.000000 0.500000
vn -0.965926 0.000000 -0.258819
vn -0.965926 0.000000 -0.258819
vn -1.000000 0.000000 0.000000
vn -1.000000 0.000000 0.000000
vn -0.965926 0.000000 0.258819
vn -0.965926 0.000000 0.258819
vn -0.866025 0.000000 0.500000
vn -0.866025 0.000000 0.500000
vn -0.707107 0.000000 0.707107
vn -0.707107 0.000000 0.707107
vn -0.500000 0.000000 0.866025
vn -0.500000 0.000000 0.866025
vn -0.258819 0.000000 0.965926
vn -0.258819 0.000000 0.965926
vn 0.000000 -0.000000 1.000000
vn 0.000000 -0.000000 1.000000
vn 0.258819 -0.000000 0.965926
vn 0.258819 -0.000000 0.965926
vn 0.500000 -0.000000 0.866025
vn 0.500000 -0.000000 0.866025
vn 0.707107 -0.000000 0.707107
vn 0.707107 -0.000000 0.707107
vn 0.866025 -0.000000 0.500000
vn 0.866025 -0.000000 0.500000
vn 0.965926 -0.000000 0.258819
vn 0.965926 -0.000000 0.258819
vn 1.000000 -0.000000 -0.000000
vn 1.000000 -0.000000 -0.000000
vn 0.965926 -0.000000 -0.258819
vn 0.965926 -0.000000 -0.258819
vn 0.866025 -0.000000 -0.500000
vn 0.866025 -0.000000 -0.500000
vn 0.707107 -0.000000 -0.707107
vn 0.707107 -0.000000 -0.707107
vn 0.500000 -0.000000 -0.866025
vn 0.500000 -0.000000 -0.866025
vn 0.258819 -0.000000 -0.965926
vn 0.258819 -0.000000 -0.965926
vn -0.000000 0.000000 -1.000000
vn -0.000000 0.000000 -1.000000
vn -0.258819 0.000000 -0.965926
vn -0.258819 0.000000 -0.965926
vn -0.500000 0.000000 -0.866025
vn -0.500000 0.000000 -0.866025
vn -0.707107 0.000000 -0.707107
vn -0.707107 0.000000 -0.707107
vn -0.866025 0.000000 -0.500000
vn -0.866025 0.000000 -0.500000
vn -1.000000 0.000000 0.000000
vn -0.965926 0.000000 -0.258819
vn -0.866025 0.000000 -0.500000
vn -0.707107 0.000000 -0.707107
vn -0.500000 0.000000 -0.866025
vn -0.258819 0.000000 -0.965926
vn -0.000000 0.000000 -1.000000
vn 0.258819 -0.000000 -0.965926
vn 0.500000 -0.000000 -0.866025
vn 0.707107 -0.000000 -0.707107
vn 0.866025 -0.000000 -0.500000
vn 0.965926 -0.000000 -0.258819
vn 1.000000 -0.000000 -0.000000
vn 0.965926 -0.000000 0.258819
vn 0.866025 -0.000000 0.500000
vn 0.707107 -0.000000 0.707107
vn 0.500000 -0.000000 0.866025
vn 0.258819 -0.000000 0.965926
vn 0.000000 -0.000000 1.000000
vn -0.258819 0.000000 0.965926
vn -0.500000 0.000000 0.866025
vn -0.707107 0.000000 0.707107
vn -0.866025 0.000000 0.500000
vn -0.965926 0.000000 0.258819
vn -1.000000 0.000000 0.000000
vn -0.965926 0.000000 -0.258819
vn -0.866025 0.000000 -0.500000
vn -0.707107 0.000000 -0.707107
vn -0.500000 0.000000 -0.866025
vn -0.258819 0.000000 -0.965926
vn -0.000000 0.000000 -1.000000
vn 0.258819 -0.000000 -0.965926
vn 0.500000 -0.000000 -0.866025
vn 0.707107 -0.000000 -0.707107
vn 0.866025 -0.000000 -0.500000
vn 0.965926 -0.000000 -0.258819
vn 1.000000 -0.000000 -0.000000
vn 0.965926 -0.000000 0.258819
vn 0.866025 -0.000000 0.500000
vn 0.707107 -0.000000 0.707107
vn 0.500000 -0.000000 0.866025
vn 0.258819 -0.000000 0.965926
vn 0.000000 -0.000000 1.000000
vn -0.258819 0.000000 0.965926
vn -0.500000 0.000000 0.866025
vn -0.707107 0.000000 0.707107
vn -0.866025 0.000000 0.500000
vn -0.965926 0.000000 0.258819
vn 0.258819 -0.000000 0.965926
vn 0.258819 -0.000000 0.965926
vn 0.000000 -0.000000 1.000000
vn 0.000000 -0.000000 1.000000
vn -0.258819 0.000000 0.965926
vn -0.258819 0.000000 0.965926
vn -0.500000 0.000000 0.866025
vn -0.500000 0.000000 0.866025
vn -0.707107 0.000000 0.707107
vn -0.707107 0.000000 0.707107
vn -0.866025 0.000000 0.500000
vn -0.866025 0.000000 0.500000
vn -0.965926 0.000000 0.258819
vn -0.965926 0.000000 0.258819
vn -1.000000 0.000000 0.000000
vn -1.000000 0.000000 0.000000
vn -0.965926 0.000000 -0.258819
vn -0.965926 0.000000 -0.258819
vn -0.866025 0.000000 -0.500000
vn -0.866025 0.000000 -0.500000
vn -0.707107 0.000000 -0.707107
vn -0.707107 0.000000 -0.707107
vn -0.500000 0.000000 -0.866025
vn -0.500000 0.000000 -0.866025
vn -0.258819 0.000000 -0.965926
vn -0.258819 0.000000 -0.965926
vn -0.000000 0.000000 -1.000000
vn -0.000000 0.000000 -1.000000
vn 0.258819 -0.000000 -0.965926
vn 0.258819 -0.000000 -0.965926
vn 0.500000 -0.000000 -0.866025
vn 0.500000 -0.000000 -0.866025
vn 0.707107 -0.000000 -0.707107
vn 0.707107 -0.000000 -0.707107
vn 0.866025 -0.000000 -0.500000
vn 0.866025 -0.000000 -0.500000
vn 0.965926 -0.000000 -0.258819
vn 0.965926 -0.000000 -0.258819
vn 1.000000 -0.000000 -0.000000
vn 1.000000 -0.000000 -0.000000
vn 0.965926 -0.000000 0.258819
vn 0.965926 -0.000000 0.258819
vn 0.866025 -0.000000 0.500000
vn 0.866025 -0.000000 0.500000
vn 0.707107 -0.000000 0.707107
vn 0.707107 -0.000000 0.707107
vn 0.500000 -0.000000 0.866025
vn 0.500000 -0.000000 0.866025
vn -0.258819 0.000000 0.965926
vn -0.258819 0.000000 0.965926
vn 0.000000 -0.000000 1.000000
vn 0.000000 -0.000000 1.000000
vn 0.258819 -0.000000 0.965926
vn 0.258819 -0.000000 0.965926
vn 0.500000 -0.000000 0.866025
vn 0.500000 -0.000000 0.866025
vn 0.707107 -0.000000 0.707107
vn 0.707107 -0.000000 0.707107
vn 0.866025 -0.000000 0.500000
vn 0.866025 -0.000000 0.500000
vn 0.965926 -0.000000 0.258819
vn 0.965926 -0.000000 0.258819
vn 1.000000 -0.000000 -0.000000
vn 1.000000 -0.000000 -0.000000
vn 0.965926 -0.000000 -0.258819
vn 0.965926 -0.000000 -0.258819
vn 0.866025 -0.000000 -0.500000
vn 0.866025 -0.000000 -0.500000
vn 0.707107 -0.000000 -0.707107
vn 0.707107 -0.000000 -0.707107
vn 0.500000 -0.000000 -0.866025
vn 0.500000 -0.000000 -0.866025
vn 0.258819 -0.000000 -0.965926
vn 0.258819 -0.000000 -0.965926
vn -0.000000 0.000000 -1.000000
vn -0.000000 0.000000 -1.000000
vn -0.258819 0.000000 -0.965926
vn -0.258819 0.000000 -0.965926
vn -0.500000 0.000000 -0.866025
vn -0.500000 0.000000 -0.866025
vn -0.707107 0.000000 -0.707107
vn -0.707107 0.000000 -0.707107
vn -0.866025 0.000000 -0.500000
vn -0.866025 0.000000 -0.500000
vn -0.965926 0.000000 -0.258819
vn -0.965926 0.000000 -0.258819
vn -1.000000 0.000000 0.000000
vn -1.000000 0.000000 0.000000
vn -0.965926 0.000000 0.258819
vn -0.965926 0.000000 0.258819
vn -0.866025 0.000000 0.500000
vn -0.866025 0.000000 0.500000
vn -0.707107 0.000000 0.707107
vn -0.707107 0.000000 0.707107
vn -0.500000 0.000000 0.866025
vn -0.500000 0.000000 0.866025
vn 0.000000 -0.000000 1.000000
vn -0.258819 0.000000 0.965926
vn -0.500000 0.000000 0.866025
vn -0.707107 0.000000 0.707107
vn -0.866025 0.000000 0.500000
vn -0.965926 0.000000 0.258819
vn -1.000000 0.000000 0.000000
vn -0.965926 0.000000 -0.258819
vn -0.866025 0.000000 -0.500000
vn -0.707107 0.000000 -0.707107
vn -0.500000 0.000000 -0.866025
vn -0.258819 0.000000 -0.965926
vn -0.000000 0.000000 -1.000000
vn 0.258819 -0.000000 -0.965926
vn 0.500000 -0.000000 -0.866025
vn 0.707107 -0.000000 -0.707107
vn 0.866025 -0.000000 -0.500000
vn 0.965926 -0.000000 -0.258819
vn 1.000000 -0.000000 -0.000000
vn 0.965926 -0.000000 0.258819
vn 0.866025 -0.000000 0.500000
vn 0.707107 -0.000000 0.707107
vn 0.500000 -0.000000 0.866025
vn 0.258819 -0.000000 0.965926
vn 0.000000 -0.000000 1.000000
vn -0.258819 0.000000 0.965926
vn -0.500000 0.000000 0.866025
vn -0.707107 0.000000 0.707107
vn -0.866025 0.000000 0.500000
vn -0.965926 0.000000 0.258819
vn -1.000000 0.000000 0.000000
vn -0.965926 0.000000 -0.258819
vn -0.866025 0.000000 -0.500000
vn -0.707107 0.000000 -0.707107
vn -0.500000 0.000000 -0.866025
vn -0.258819 0.000000 -0.965926
vn -0.000000 0.000000 -1.000000
vn 0.258819 -0.000000 -0.965926
vn 0.500000 -0.000000 -0.866025
vn 0.707107 -0.000000 -0.707107
vn 0.866025 -0.000000 -0.500000
vn 0.965926 -0.000000 -0.258819
vn 1.000000 -0.000000 -0.000000
vn 0.965926 -0.000000 0.258819
vn 0.866025 -0.000000 0.500000
vn 0.707107 -0.000000 0.707107
vn 0.500000 -0.000000 0.866025
vn 0.258819 -0.000000 0.965926
vn -0.615373 0.000000 -0.788236
vn -0.615373 0.000000 -0.788236
vn -0.493019 0.000000 -0.870018
vn -0.493019 0.000000 -0.870018
vn -0.359988 0.000000 -0.932957
vn -0.359988 0.000000 -0.932957
vn -0.219159 0.000000 -0.975689
vn -0.219159 0.000000 -0.975689
vn -0.073584 0.000000 -0.997289
vn -0.073584 0.000000 -0.997289
vn 0.073584 -0.000000 -0.997289
vn 0.073584 -0.000000 -0.997289
vn 0.219159 -0.000000 -0.975689
vn 0.219159 -0.000000 -0.975689
vn 0.359988 -0.000000 -0.932957
vn 0.359988 -0.000000 -0.932957
vn 0.493019 -0.000000 -0.870018
vn 0.493019 -0.000000 -0.870018
vn 0.615373 -0.000000 -0.788236
vn 0.615373 -0.000000 -0.788236
vn -0.436818 0.000000 0.899550
vn -0.436818 0.000000 0.899550
vn -0.648752 0.000000 0.761000
vn -0.648752 0.000000 0.761000
vn -0.819093 0.000000 0.573661
vn -0.819093 0.000000 0.573661
vn -0.936920 0.000000 0.349543
vn -0.936920 0.000000 0.349543
vn -0.994680 0.000000 0.103015
vn -0.994680 0.000000 0.103015
vn -0.988668 0.000000 -0.150117
vn -0.988668 0.000000 -0.150117
vn -0.919271 0.000000 -0.393624
vn -0.919271 0.000000 -0.393624
vn -0.790938 0.000000 -0.611896
vn -0.790938 0.000000 -0.611896
vn -0.611896 0.000000 -0.790938
vn -0.611896 0.000000 -0.790938
vn -0.393624 0.000000 -0.919271
vn -0.393624 0.000000 -0.919271
vn -0.150117 0.000000 -0.988668
vn -0.150117 0.000000 -0.988668
vn 0.103015 -0.000000 -0.994680
vn 0.103015 -0.000000 -0.994680
vn 0.349543 -0.000000 -0.936920
vn 0.349543 -0.000000 -0.936920
vn 0.573661 -0.000000 -0.819093
vn 0.573661 -0.000000 -0.819093
vn 0.761000 -0.000000 -0.648752
vn 0.761000 -0.000000 -0.648752
vn 0.899550 -0.000000 -0.436818
vn 0.899550 -0.000000 -0.436818
vn 0.761000 -0.000000 -0.648752
vn 0.573661 -0.000000 -0.819093
vn 0.349543 -0.000000 -0.936920
vn 0.103015 -0.000000 -0.994680
vn -0.150117 0.000000 -0.988668
vn -0.393624 0.000000 -0.919271
vn -0.611896 0.000000 -0.790938
vn -0.790938 0.000000 -0.611896
vn -0.919271 0.000000 -0.393624
vn -0.988668 0.000000 -0.150117
vn -0.994680 0.000000 0.103015
vn -0.936920 0.000000 0.349543
vn -0.819093 0.000000 0.573661
vn -0.648752 0.000000 0.761000
vn -0.788236 0.000000 0.615373
vn -0.788236 0.000000 0.615373
vn -0.870018 0.000000 0.493019
vn -0.870018 0.000000 0.493019
vn -0.932957 0.000000 0.359988
vn -0.932957 0.000000 0.359988
vn -0.975689 0.000000 0.219159
vn -0.975689 0.000000 0.219159
vn -0.997289 0.000000 0.073584
vn -0.997289 0.000000 0.073584
vn -0.997289 0.000000 -0.073584
vn -0.997289 0.000000 -0.073584
vn -0.975689 0.000000 -0.219159
vn -0.975689 0.000000 -0.219159
vn -0.932957 0.000000 -0.359988
vn -0.932957 0.000000 -0.359988
vn -0.870018 0.000000 -0.493019
vn -0.870018 0.000000 -0.493019
vn -0.788236 0.000000 -0.615373
vn -0.788236 0.000000 -0.615373
vn 0.899550 -0.000000 0.436818
vn 0.899550 -0.000000 0.436818
vn 0.761000 -0.000000 0.648752
vn 0.761000 -0.000000 0.648752
vn 0.573661 -0.000000 0.819093
vn 0.573661 -0.000000 0.819093
vn 0.349543 -0.000000 0.936920
vn 0.349543 -0.000000 0.936920
vn 0.103015 -0.000000 0.994680
vn 0.103015 -0.000000 0.994680
vn -0.150117 0.000000 0.988668
vn -0.150117 0.000000 0.988668
vn -0.393624 0.000000 0.919271
vn -0.393624 0.000000 0.919271
vn -0.611896 0.000000 0.790938
vn -0.611896 0.000000 0.790938
vn -0.790938 0.000000 0.611896
vn -0.790938 0.000000 0.611896
vn -0.919271 0.000000 0.393624
vn -0.919271 0.000000 0.393624
vn -0.988668 0.000000 0.150117
vn -0.988668 0.000000 0.150117
vn -0.994680 0.000000 -0.103015
vn -0.994680 0.000000 -0.103015
vn -0.936920 0.000000 -0.349543
vn -0.936920 0.000000 -0.349543
vn -0.819093 0.000000 -0.573661
vn -0.819093 0.000000 -0.573661
vn -0.648752 0.000000 -0.761000
vn -0.648752 0.000000 -0.761000
vn -0.436818 0.000000 -0.899550
vn -0.436818 0.000000 -0.899550
vn -0.648752 0.000000 -0.761000
vn -0.819093 0.000000 -0.573661
vn -0.936920 0.000000 -0.349543
vn -0.994680 0.000000 -0.103015
vn -0.988668 0.000000 0.150117
vn -0.919271 0.000000 0.393624
vn -0.790938 0.000000 0.611896
vn -0.611896 0.000000 0.790938
vn -0.393624 0.000000 0.919271
vn -0.150117 0.000000 0.988668
vn 0.103015 -0.000000 0.994680
vn 0.349543 -0.000000 0.936920
vn 0.573661 -0.000000 0.819093
vn 0.761000 -0.000000 0.648752
vn 0.615373 -0.000000 0.788236
vn 0.615373 -0.000000 0.788236
vn 0.493019 -0.000000 0.870018
vn 0.493019 -0.000000 0.870018
vn 0.359988 -0.000000 0.932957
vn 0.359988 -0.000000 0.932957
vn 0.219159 -0.000000 0.975689
vn 0.219159 -0.000000 0.975689
vn 0.073584 -0.000000 0.997289
vn 0.073584 -0.000000 0.997289
vn -0.073584 0.000000 0.997289
vn -0.073584 0.000000 0.997289
vn -0.219159 0.000000 0.975689
vn -0.219159 0.000000 0.975689
vn -0.359988 0.000000 0.932957
vn -0.359988 0.000000 0.932957
vn -0.493019 0.000000 0.870018
vn -0.493019 0.000000 0.870018
vn -0.615373 0.000000 0.788236
vn -0.615373 0.000000 0.788236
vn 0.436818 -0.000000 -0.899550
vn 0.436818 -0.000000 -0.899550
vn 0.648752 -0.000000 -0.761000
vn 0.648752 -0.000000 -0.761000
vn 0.819093 -0.000000 -0.573661
vn 0.819093 -0.000000 -0.573661
vn 0.936920 -0.000000 -0.349543
vn 0.936920 -0.000000 -0.349543
vn 0.994680 -0.000000 -0.103015
vn 0.994680 -0.000000 -0.103015
vn 0.988668 -0.000000 0.150117
vn 0.988668 -0.000000 0.150117
vn 0.919271 -0.000000 0.393624
vn 0.919271 -0.000000 0.393624
vn 0.790938 -0.000000 0.611896
vn 0.790938 -0.000000 0.611896
vn 0.611896 -0.000000 0.790938
vn 0.611896 -0.000000 0.790938
vn 0.393624 -0.000000 0.919271
vn 0.393624 -0.000000 0.919271
vn 0.150117 -0.000000 0.988668
vn 0.150117 -0.000000 0.988668
vn -0.103015 0.000000 0.994680
vn -0.103015 0.000000 0.994680
vn -0.349543 0.000000 0.936920
vn -0.349543 0.000000 0.936920
vn -0.573661 0.000000 0.819093
vn -0.573661 0.000000 0.819093
vn -0.761000 0.000000 0.648752
vn -0.761000 0.000000 0.648752
vn -0.899550 0.000000 0.436818
vn -0.899550 0.000000 0.436818
vn -0.761000 0.000000 0.648752
vn -0.573661 0.000000 0.819093
vn -0.349543 0.000000 0.936920
vn -0.103015 0.000000 0.994680
vn 0.150117 -0.000000 0.988668
vn 0.393624 -0.000000 0.919271
vn 0.611896 -0.000000 0.790938
vn 0.790938 -0.000000 0.611896
vn 0.919271 -0.000000 0.393624
vn 0.988668 -0.000000 0.150117
vn 0.994680 -0.000000 -0.103015
vn 0.936920 -0.000000 -0.349543
vn 0.819093 -0.000000 -0.573661
vn 0.648752 -0.000000 -0.761000
vn 0.788236 -0.000000 -0.615373
vn 0.788236 -0.000000 -0.615373
vn 0.870018 -0.000000 -0.493019
vn 0.870018 -0.000000 -0.493019
vn 0.932957 -0.000000 -0.359988
vn 0.932957 -0.000000 -0.359988
vn 0.975689 -0.000000 -0.219159
vn 0.975689 -0.000000 -0.219159
vn 0.997289 -0.000000 -0.073584
vn 0.997289 -0.000000 -0.073584
vn 0.997289 -0.000000 0.073584
vn 0.997289 -0.000000 0.073584
vn 0.975689 -0.000000 0.219159
vn 0.975689 -0.000000 0.219159
vn 0.932957 -0.000000 0.359988
vn 0.932957 -0.000000 0.359988
vn 0.870018 -0.000000 0.493019
vn 0.870018 -0.000000 0.493019
vn 0.788236 -0.000000 0.615373
vn 0.788236 -0.000000 0.615373
vn -0.899550 0.000000 -0.436818
vn -0.899550 0.000000 -0.436818
vn -0.761000 0.000000 -0.648752
vn -0.761000 0.000000 -0.648752
vn -0.573661 0.000000 -0.819093
vn -0.573661 0.000000 -0.819093
vn -0.349543 0.000000 -0.936920
vn -0.349543 0.000000 -0.936920
vn -0.103015 0.000000 -0.994680
vn -0.103015 0.000000 -0.994680
vn 0.150117 -0.000000 -0.988668
vn 0.150117 -0.000000 -0.988668
vn 0.393624 -0.000000 -0.919271
vn 0.393624 -0.000000 -0.919271
vn 0.611896 -0.000000 -0.790938
vn 0.611896 -0.000000 -0.790938
vn 0.790938 -0.000000 -0.611896
vn 0.790938 -0.000000 -0.611896
vn 0.919271 -0.000000 -0.393624
vn 0.919271 -0.000000 -0.393624
vn 0.988668 -0.000000 -0.150117
vn 0.988668 -0.000000 -0.150117
vn 0.994680 -0.000000 0.103015
vn 0.994680 -0.000000 0.103015
vn 0.936920 -0.000000 0.349543
vn 0.936920 -0.000000 0.349543
vn 0.819093 -0.000000 0.573661
vn 0.819093 -0.000000 0.573661
vn 0.648752 -0.000000 0.761000
vn 0.648752 -0.000000 0.761000
vn 0.436818 -0.000000 0.899550
vn 0.436818 -0.000000 0.899550
vn 0.648752 -0.000000 0.761000
vn 0.819093 -0.000000 0.573661
vn 0.936920 -0.000000 0.349543
vn 0.994680 -0.000000 0.103015
vn 0.988668 -0.000000 -0.150117
vn 0.919271 -0.000000 -0.393624
vn 0.790938 -0.000000 -0.611896
vn 0.611896 -0.000000 -0.790938
vn 0.393624 -0.000000 -0.919271
vn 0.150117 -0.000000 -0.988668
vn -0.103015 0.000000 -0.994680
vn -0.349543 0.000000 -0.936920
vn -0.573661 0.000000 -0.819093
vn -0.761000 0.000000 -0.648752
vn -0.000000 -1.000000 -0.000000
vn -0.000000 -1.000000 -0.000000
vn -0.000000 -1.000000 -0.000000
vn -0.000000 -1.000000 -0.000000
vn -0.000000 -1.000000 -0.000000
vn -0.000000 -1.000000 -0.000000
vn -0.000000 -1.000000 -0.000000
vn -0.000000 -1.000000 -0.000000
vn -0.000000 -1.000000 -0.000000
vn -0.000000 -1.000000 -0.000000
vn -0.000000 -1.000000 -0.000000
vn -0.000000 -1.000000 -0.000000
vn -0.000000 -1.000000 -0.000000
vn -0.000000 -1.000000 -0.000000
vn -0.000000 -1.000000 -0.000000
vn -0.000000 -1.000000 -0.000000
vn -0.000000 -1.000000 -0.000000
vn -0.000000 -1.000000 -0.000000
vn -0.000000 -1.000000 -0.000000
vn -0.000000 -1.000000 -0.000000
vn -0.000000 -1.000000 -0.000000
vn -0.000000 -1.000000 -0.000000
vn -0.000000 -1.000000 -0.000000
vn -0.000000 -1.000000 -0.000000
vn -0.000000 -1.000000 -0.000000
vn -0.000000 -1.000000 -0.000000
vn -0.000000 -1.000000 -0.000000
vn -0.000000 -1.000000 -0.000000
vn -0.000000 -1.000000 -0.000000
vn -0.000000 -1.000000 -0.000000
vn -0.000000 -1.000000 -0.000000
vn -0.000000 -1.000000 -0.000000
vn -0.000000 -1.000000 -0.000000
vn -0.000000 -1.000000 -0.000000
vn -0.000000 -1.000000 -0.000000
vn -0.000000 -1.000000 -0.000000
vn -0.000000 -1.000000 -0.000000
vn -0.000000 -1.000000 -0.000000
vn -0.000000 -1.000000 -0.000000
vn -0.000000 -1.000000 -0.000000
vn -0.000000 -1.000000 -0.000000
vn -0.000000 -1.000000 -0.000000
vn -0.000000 -1.000000 -0.000000
vn -0.000000 -1.000000 -0.000000
vn -0.000000 -1.000000 -0.000000
vn -0.000000 -1.000000 -0.000000
vn -0.000000 -1.000000 -0.000000
vn -0.000000 -1.000000 -0.000000
vn -0.000000 -1.000000 -0.000000
vn -0.000000 -1.000000 -0.000000
vn -0.000000 -1.000000 -0.000000
vn -0.000000 -1.000000 -0.000000
vn -0.000000 -1.000000 -0.000000
vn -0.000000 -1.000000 -0.000000
vn -0.000000 -1.000000 -0.000000
vn -0.000000 -1.000000 -0.000000
vn -0.000000 -1.000000 -0.000000
vn -0.000000 -1.000000 -0.000000
vn -0.000000 -1.000000 -0.000000
vn -0.000000 -1.000000 -0.000000
vn -0.000000 -1.000000 -0.000000
vn -0.000000 -1.000000 -0.000000
vn -0.000000 -1.000000 -0.000000
vn -0.000000 -1.000000 -0.000000
vn -0.000000 -1.000000 -0.000000
vn -0.000000 -1.000000 -0.000000
vn -0.000000 -1.000000 -0.000000
vn -0.000000 -1.000000 -0.000000
vn -0.000000 -1.000000 -0.000000
vn -0.000000 -1.000000 -0.000000
vn -0.000000 -1.000000 -0.000000
vn -0.000000 -1.000000 -0.000000
vn -0.000000 -1.000000 -0.000000
vn -0.000000 -1.000000 -0.000000
vn -0.000000 -1.000000 -0.000000
vn -0.000000 -1.000000 -0.000000
vn -0.000000 -1.000000 -0.000000
vn -0.000000 -1.000000 -0.000000
vn -0.000000 -1.000000 -0.000000
vn -0.000000 -1.000000 -0.000000
vn -0.000000 -1.000000 -0.000000
vn -0.000000 -1.000000 -0.000000
vn -0.000000 -1.000000 -0.000000
vn -0.000000 -1.000000 -0.000000
vn -0.000000 -1.000000 -0.000000
vn -0.000000 -1.000000 -0.000000
vn -0.000000 -1.000000 -0.000000
vn -0.000000 -1.000000 -0.000000
vn -0.000000 -1.000000 -0.000000
vn -0.000000 -1.000000 -0.000000
vn -0.000000 -1.000000 -0.000000
vn -0.000000 -1.000000 -0.000000
vn -0.000000 -1.000000 -0.000000
vn -0.000000 -1.000000 -0.000000
vn -0.000000 -1.000000 -0.000000
vn -0.000000 -1.000000 -0.000000
vn -0.000000 -1.000000 -0.000000
vn -0.000000 -1.000000 -0.000000
vn -0.000000 -1.000000 -0.000000
vn -0.000000 -1.000000 -0.000000
vn -0.000000 -1.000000 -0.000000
vn -0.000000 -1.000000 -0.000000
vn -0.000000 -1.000000 -0.000000
vn -0.000000 -1.000000 -0.000000
vn -0.000000 -1.000000 -0.000000
vn -0.000000 -1.000000 -0.000000
vn -0.000000 -1.000000 -0.000000
vn -0.000000 -1.000000 -0.000000
vn -0.000000 -1.000000 -0.000000
vn -0.000000 -1.000000 -0.000000
vn -0.000000 -1.000000 -0.000000
vn -0.000000 -1.000000 -0.000000
vn -0.000000 -1.000000 -0.000000
vn -0.000000 -1.000000 -0.000000
vn -0.000000 -1.000000 -0.000000
vn -0.000000 -1.000000 -0.000000
vn -0.000000 -1.000000 -0.000000
vn -0.000000 -1.000000 -0.000000
vn -0.000000 -1.000000 -0.000000
vn -0.000000 -1.000000 -0.000000
vn -0.000000 -1.000000 -0.000000
vn -0.000000 -1.000000 -0.000000
vn -0.000000 -1.000000 -0.000000
vn -0.000000 -1.000000 -0.000000
vn -0.000000 -1.000000 -0.000000
vn -0.000000 -1.000000 -0.000000
vn -0.000000 -1.000000 -0.000000
vn -0.000000 -1.000000 -0.000000
vn -0.000000 -1.000000 -0.000000
vn -0.000000 -1.000000 -0.000000
vn -0.000000 -1.000000 -0.000000
vn -0.000000 -1.000000 -0.000000
vn -0.000000 -1.000000 -0.000000
vn -0.000000 -1.000000 -0.000000
vn -0.000000 -1.000000 -0.000000
vn -0.000000 -1.000000 -0.000000
vn -0.000000 -1.000000 -0.000000
vn -0.000000 -1.000000 -0.000000
vn -0.000000 -1.000000 -0.000000
vn -0.000000 -1.000000 -0.000000
vn -0.000000 -1.000000 -0.000000
vn -0.000000 -1.000000 -0.000000
vn -0.000000 -1.000000 -0.000000
vn -0.000000 -1.000000 -0.000000
vn -0.000000 -1.000000 -0.000000
vn -0.000000 -1.000000 -0.000000
vn -0.000000 -1.000000 -0.000000
vn -0.000000 -1.000000 -0.000000
vn -0.000000 -1.000000 -0.000000
vn -0.000000 -1.000000 -0.000000
vn -0.000000 -1.000000 -0.000000
vn -0.000000 -1.000000 -0.000000
vn -0.000000 -1.000000 -0.000000
vn -0.000000 -1.000000 -0.000000
vn -0.000000 -1.000000 -0.000000
vn -0.000000 -1.000000 -0.000000
vn -0.000000 -1.000000 -0.000000
vn -0.000000 -1.000000 -0.000000
vn -0.000000 -1.000000 -0.000000
vn -0.000000 -1.000000 -0.000000
vn -0.000000 -1.000000 -0.000000
vn -0.000000 -1.000000 -0.000000
vn -0.000000 -1.000000 -0.000000
vn -0.000000 -1.000000 -0.000000
vn -0.000000 -1.000000 -0.000000
vn -0.000000 -1.000000 -0.000000
vn -0.000000 -1.000000 -0.000000
vn -0.000000 -1.000000 -0.000000
vn -0.000000 -1.000000 -0.000000
vn -0.000000 -1.000000 -0.000000
vn -0.000000 -1.000000 -0.000000
vn -0.000000 -1.000000 -0.000000
vn -0.000000 -1.000000 -0.000000
vn -0.000000 -1.000000 -0.000000
vn -0.000000 -1.000000 -0.000000
vn -0.000000 -1.000000 -0.000000
vn -0.000000 -1.000000 -0.000000
vn -0.000000 -1.000000 -0.000000
vn -0.000000 -1.000000 -0.000000
vn -0.000000 -1.000000 -0.000000
vn -0.000000 -1.000000 -0.000000
vn -0.000000 -1.000000 -0.000000
vn -0.000000 -1.000000 -0.000000
vn -0.000000 -1.000000 -0.000000
vn -0.000000 -1.000000 -0.000000
vn -0.000000 -1.000000 -0.000000
vn -0.000000 -1.000000 -0.000000
vn -0.000000 -1.000000 -0.000000
vn -0.000000 -1.000000 -0.000000
vn -0.000000 -1.000000 -0.000000
vn -0.000000 -1.000000 -0.000000
vn -0.000000 -1.000000 -0.000000
vn 0.000000 1.000000 0.000000
vn 0.000000 1.000000 0.000000
vn 0.000000 1.000000 0.000000
vn 0.000000 1.000000 0.000000
vn 0.000000 1.000000 0.000000
vn 0.000000 1.000000 0.000000
vn 0.000000 1.000000 0.000000
vn 0.000000 1.000000 0.000000
vn 0.000000 1.000000 0.000000
vn 0.000000 1.000000 0.000000
vn 0.000000 1.000000 0.000000
vn 0.000000 1.000000 0.000000
vn 0.000000 1.000000 0.000000
vn 0.000000 1.000000 0.000000
vn 0.000000 1.000000 0.000000
vn 0.000000 1.000000 0.000000
vn 0.000000 1.000000 0.000000
vn 0.000000 1.000000 0.000000
vn 0.000000 1.000000 0.000000
vn 0.000000 1.000000 0.000000
vn 0.000000 1.000000 0.000000
vn 0.000000 1.000000 0.000000
vn 0.000000 1.000000 0.000000
vn 0.000000 1.000000 0.000000
vn 0.000000 1.000000 0.000000
vn 0.000000 1.000000 0.000000
vn 0.000000 1.000000 0.000000
vn 0.000000 1.000000 0.000000
vn 0.000000 1.000000 0.000000
vn 0.000000 1.000000 0.000000
vn 0.000000 1.000000 0.000000
vn 0.000000 1.000000 0.000000
vn 0.000000 1.000000 0.000000
vn 0.000000 1.000000 0.000000
vn 0.000000 1.000000 0.000000
vn 0.000000 1.000000 0.000000
vn 0.000000 1.000000 0.000000
vn 0.000000 1.000000 0.000000
vn 0.000000 1.000000 0.000000
vn 0.000000 1.000000 0.000000
vn 0.000000 1.000000 0.000000
vn 0.000000 1.000000 0.000000
vn 0.000000 1.000000 0.000000
vn 0.000000 1.000000 0.000000
vn 0.000000 1.000000 0.000000
vn 0.000000 1.000000 0.000000
vn 0.000000 1.000000 0.000000
vn 0.000000 1.000000 0.000000
vn 0.000000 1.000000 0.000000
vn 0.000000 1.000000 0.000000
vn 0.000000 1.000000 0.000000
vn 0.000000 1.000000 0.000000
vn 0.000000 1.000000 0.000000
vn 0.000000 1.000000 0.000000
vn 0.000000 1.000000 0.000000
vn 0.000000 1.000000 0.000000
vn 0.000000 1.000000 0.000000
vn 0.000000 1.000000 0.000000
vn 0.000000 1.000000 0.000000
vn 0.000000 1.000000 0.000000
vn 0.000000 1.000000 0.000000
vn 0.000000 1.000000 0.000000
vn 0.000000 1.000000 0.000000
vn 0.000000 1.000000 0.000000
vn 0.000000 1.000000 0.000000
vn 0.000000 1.000000 0.000000
vn 0.000000 1.000000 0.000000
vn 0.000000 1.000000 0.000000
vn 0.000000 1.000000 0.000000
vn 0.000000 1.000000 0.000000
vn 0.000000 1.000000 0.000000
vn 0.000000 1.000000 0.000000
vn 0.000000 1.000000 0.000000
vn 0.000000 1.000000 0.000000
vn 0.000000 1.000000 0.000000
vn 0.000000 1.000000 0.000000
vn 0.000000 1.000000 0.000000
vn 0.000000 1.000000 0.000000
vn 0.000000 1.000000 0.000000
vn 0.000000 1.000000 0.000000
vn 0.000000 1.000000 0.000000
vn 0.000000 1.000000 0.000000
vn 0.000000 1.000000 0.000000
vn 0.000000 1.000000 0.000000
vn 0.000000 1.000000 0.000000
vn 0.000000 1.000000 0.000000
vn 0.000000 1.000000 0.000000
vn 0.000000 1.000000 0.000000
vn 0.000000 1.000000 0.000000
vn 0.000000 1.000000 0.000000
vn 0.000000 1.000000 0.000000
vn 0.000000 1.000000 0.000000
vn 0.000000 1.000000 0.000000
vn 0.000000 1.000000 0.000000
vn 0.000000 1.000000 0.000000
vn 0.000000 1.000000 0.000000
vn 0.000000 1.000000 0.000000
vn 0.000000 1.000000 0.000000
vn 0.000000 1.000000 0.000000
vn 0.000000 1.000000 0.000000
vn 0.000000 1.000000 0.000000
vn 0.000000 1.000000 0.000000
vn 0.000000 1.000000 0.000000
vn 0.000000 1.000000 0.000000
vn 0.000000 1.000000 0.000000
vn 0.000000 1.000000 0.000000
vn 0.000000 1.000000 0.000000
vn 0.000000 1.000000 0.000000
vn 0.000000 1.000000 0.000000
vn 0.000000 1.000000 0.000000
vn 0.000000 1.000000 0.000000
vn 0.000000 1.000000 0.000000
vn 0.000000 1.000000 0.000000
vn 0.000000 1.000000 0.000000
vn 0.000000 1.000000 0.000000
vn 0.000000 1.000000 0.000000
vn 0.000000 1.000000 0.000000
vn 0.000000 1.000000 0.000000
vn 0.000000 1.000000 0.000000
vn 0.000000 1.000000 0.000000
vn 0.000000 1.000000 0.000000
vn 0.000000 1.000000 0.000000
vn 0.000000 1.000000 0.000000
vn 0.000000 1.000000 0.000000
vn 0.000000 1.000000 0.000000
vn 0.000000 1.000000 0.000000
vn 0.000000 1.000000 0.000000
vn 0.000000 1.000000 0.000000
vn 0.000000 1.000000 0.000000
vn 0.000000 1.000000 0.000000
vn 0.000000 1.000000 0.000000
vn 0.000000 1.000000 0.000000
vn 0.000000 1.000000 0.000000
vn 0.000000 1.000000 0.000000
vn 0.000000 1.000000 0.000000
vn 0.000000 1.000000 0.000000
vn 0.000000 1.000000 0.000000
vn 0.000000 1.000000 0.000000
vn 0.000000 1.000000 0.000000
vn 0.000000 1.000000 0.000000
vn 0.000000 1.000000 0.000000
vn 0.000000 1.000000 0.000000
vn 0.000000 1.000000 0.000000
vn 0.000000 1.000000 0.000000
vn 0.000000 1.000000 0.000000
vn 0.000000 1.000000 0.000000
vn 0.000000 1.000000 0.000000
vn 0.000000 1.000000 0.000000
vn 0.000000 1.000000 0.000000
vn 0.000000 1.000000 0.000000
vn 0.000000 1.000000 0.000000
vn 0.000000 1.000000 0.000000
vn 0.000000 1.000000 0.000000
vn 0.000000 1.000000 0.000000
vn 0.000000 1.000000 0.000000
vn 0.000000 1.000000 0.000000
vn 0.000000 1.000000 0.000000
vn 0.000000 1.000000 0.000000
vn 0.000000 1.000000 0.000000
vn 0.000000 1.000000 0.000000
vn 0.000000 1.000000 0.000000
vn 0.000000 1.000000 0.000000
vn 0.000000 1.000000 0.000000
vn 0.000000 1.000000 0.000000
vn 0.000000 1.000000 0.000000
vn 0.000000 1.000000 0.000000
vn 0.000000 1.000000 0.000000
vn 0.000000 1.000000 0.000000
vn 0.000000 1.000000 0.000000
vn 0.000000 1.000000 0.000000
vn 0.000000 1.000000 0.000000
vn 0.000000 1.000000 0.000000
vn 0.000000 1.000000 0.000000
vn 0.000000 1.000000 0.000000
vn 0.000000 1.000000 0.000000
vn 0.000000 1.000000 0.000000
vn 0.000000 1.000000 0.000000
vn 0.000000 1.000000 0.000000
vn 0.000000 1.000000 0.000000
vn 0.000000 1.000000 0.000000
vn 0.000000 1.000000 0.000000
vn 0.000000 1.000000 0.000000
vn 0.000000 1.000000 0.000000
vn 0.000000 1.000000 0.000000
vn 0.000000 1.000000 0.000000
vn 0.000000 1.000000 0.000000
vn 0.000000 1.000000 0.000000
vn 0.000000 1.000000 0.000000
vn 0.000000 1.000000 0.000000
vn 0.000000 1.000000 0.000000
vn 0.000000 1.000000 0.000000
vn 0.000000 1.000000 0.000000
f 927/1663/1631 973/1664/1632 926/1665/1633
f 926/1665/1633 973/1664/1632 950/1666/1634
f 926/1667/1633 950/1668/1634 949/1669/1635
f 949/1669/1635 950/1668/1634 951/1670/1636
f 949/1669/1635 951/1670/1636 948/1671/1637
f 948/1671/1637 951/1670/1636 952/1672/1638
f 948/1671/1637 952/1672/1638 947/1673/1639
f 947/1673/1639 952/1672/1638 953/1674/1640
f 947/1673/1639 953/1674/1640 946/1675/1641
f 946/1675/1641 953/1674/1640 954/1676/1642
f 946/1675/1641 954/1676/1642 945/1677/1643
f 945/1677/1643 954/1676/1642 955/1678/1644
f 945/1677/1643 955/1678/1644 944/1679/1645
f 944/1679/1645 955/1678/1644 956/1680/1646
f 944/1679/1645 956/1680/1646 943/1681/1647
f 943/1681/1647 956/1680/1646 957/1682/1648
f 943/1681/1647 957/1682/1648 942/1683/1649
f 942/1683/1649 957/1682/1648 958/1684/1650
f 942/1683/1649 958/1684/1650 941/1685/1651
f 941/1685/1651 958/1684/1650 959/1686/1652
f 941/1685/1651 959/1686/1652 940/1687/1653
f 940/1687/1653 959/1686/1652 960/1688/1654
f 940/1687/1653 960/1688/1654 939/1689/1655
f 939/1689/1655 960/1688/1654 961/1690/1656
f 939/1689/1655 961/1690/1656 938/1691/1657
f 938/1691/1657 961/1690/1656 962/1692/1658
f 938/1691/1657 962/1692/1658 937/1693/1659
f 937/1693/1659 962/1692/1658 963/1694/1660
f 937/1693/1659 963/1694/1660 936/1695/1661
f 936/1695/1661 963/1694/1660 964/1696/1662
f 936/1695/1661 964/1696/1662 935/1697/1663
f 935/1697/1663 964/1696/1662 965/1698/1664
f 935/1697/1663 965/1698/1664 934/1699/1665
f 934/1699/1665 965/1698/1664 966/1700/1666
f 934/1699/1665 966/1700/1666 933/1701/1667
f 933/1701/1667 966/1700/1666 967/1702/1668
f 933/1701/1667 967/1702/1668 932/1703/1669
f 932/1703/1669 967/1702/1668 968/1704/1670
f 932/1703/1669 968/1704/1670 931/1705/1671
f 931/1705/1671 968/1704/1670 969/1706/1672
f 931/1705/1671 969/1706/1672 930/1707/1673
f 930/1707/1673 969/1706/1672 970/1708/1674
f 930/1707/1673 970/1708/1674 929/1709/1675
f 929/1709/1675 970/1708/1674 971/1710/1676
f 929/1709/1675 971/1710/1676 928/1711/1677
f 928/1711/1677 971/1710/1676 972/1712/1678
f 928/1711/1677 972/1712/1678 927/1663/1631
f 927/1663/1631 972/1712/1678 973/1664/1632
f 949/1713/1679 997/1714/1680 926/1715/1681
f 926/1715/1681 997/1714/1680 974/1716/1682
f 926/1715/1681 974/1716/1682 975/1717/1683
f 997/1714/1680 949/1713/1679 996/1718/1684
f 996/1718/1684 949/1713/1679 948/1719/1685
f 996/1718/1684 948/1719/1685 995/1720/1686
f 995/1720/1686 948/1719/1685 947/1721/1687
f 995/1720/1686 947/1721/1687 994/1722/1688
f 994/1722/1688 947/1721/1687 946/1723/1689
f 994/1722/1688 946/1723/1689 993/1724/1690
f 993/1724/1690 946/1723/1689 945/1725/1691
f 993/1724/1690 945/1725/1691 992/1726/1692
f 992/1726/1692 945/1725/1691 944/1727/1693
f 992/1726/1692 944/1727/1693 943/1728/1694
f 992/1726/1692 943/1728/1694 991/1729/1695
f 991/1729/1695 943/1728/1694 942/1730/1696
f 991/1729/1695 942/1730/1696 990/1731/1697
f 990/1731/1697 942/1730/1696 941/1732/1698
f 990/1731/1697 941/1732/1698 989/1733/1699
f 989/1733/1699 941/1732/1698 940/1734/1700
f 989/1733/1699 940/1734/1700 988/1735/1701
f 988/1735/1701 940/1734/1700 939/1736/1702
f 988/1735/1701 939/1736/1702 987/1737/1703
f 987/1737/1703 939/1736/1702 986/1738/1704
f 986/1738/1704 939/1736/1702 938/1739/1705
f 986/1738/1704 938/1739/1705 985/1740/1706
f 985/1740/1706 938/1739/1705 937/1741/1707
f 985/1740/1706 937/1741/1707 984/1742/1708
f 984/1742/1708 937/1741/1707 936/1743/1709
f 984/1742/1708 936/1743/1709 983/1744/1710
f 983/1744/1710 936/1743/1709 935/1745/1711
f 983/1744/1710 935/1745/1711 982/1746/1712
f 982/1746/1712 935/1745/1711 934/1747/1713
f 982/1746/1712 934/1747/1713 981/1748/1714
f 981/1748/1714 934/1747/1713 933/1749/1715
f 981/1748/1714 933/1749/1715 980/1750/1716
f 980/1750/1716 933/1749/1715 932/1751/1717
f 980/1750/1716 932/1751/1717 931/1752/1718
f 980/1750/1716 931/1752/1718 979/1753/1719
f 979/1753/1719 931/1752/1718 930/1754/1720
f 979/1753/1719 930/1754/1720 978/1755/1721
f 978/1755/1721 930/1754/1720 929/1756/1722
f 978/1755/1721 929/1756/1722 977/1757/1723
f 977/1757/1723 929/1756/1722 928/1758/1724
f 977/1757/1723 928/1758/1724 976/1759/1725
f 976/1759/1725 928/1758/1724 927/1760/1726
f 976/1759/1725 927/1760/1726 975/1717/1683
f 975/1717/1683 927/1760/1726 926/1715/1681
f 999/1761/1727 1045/1762/1728 998/1763/1729
f 998/1763/1729 1045/1762/1728 1022/1764/1730
f 998/1765/1729 1022/1766/1730 1021/1767/1731
f 1021/1767/1731 1022/1766/1730 1023/1768/1732
f 1021/1767/1731 1023/1768/1732 1020/1769/1733
f 1020/1769/1733 1023/1768/1732 1024/1770/1734
f 1020/1769/1733 1024/1770/1734 1019/1771/1735
f 1019/1771/1735 1024/1770/1734 1025/1772/1736
f 1019/1771/1735 1025/1772/1736 1018/1773/1737
f 1018/1773/1737 1025/1772/1736 1026/1774/1738
f 1018/1773/1737 1026/1774/1738 1017/1775/1739
f 1017/1775/1739 1026/1774/1738 1027/1776/1740
f 1017/1775/1739 1027/1776/1740 1016/1777/1741
f 1016/1777/1741 1027/1776/1740 1028/1778/1742
f 1016/1777/1741 1028/1778/1742 1015/1779/1743
f 1015/1779/1743 1028/1778/1742 1029/1780/1744
f 1015/1779/1743 1029/1780/1744 1014/1781/1745
f 1014/1781/1745 1029/1780/1744 1030/1782/1746
f 1014/1781/1745 1030/1782/1746 1013/1783/1747
f 1013/1783/1747 1030/1782/1746 1031/1784/1748
f 1013/1783/1747 1031/1784/1748 1012/1785/1749
f 1012/1785/1749 1031/1784/1748 1032/1786/1750
f 1012/1785/1749 1032/1786/1750 1011/1787/1751
f 1011/1787/1751 1032/1786/1750 1033/1788/1752
f 1011/1787/1751 1033/1788/1752 1010/1789/1753
f 1010/1789/1753 1033/1788/1752 1034/1790/1754
f 1010/1789/1753 1034/1790/1754 1009/1791/1755
f 1009/1791/1755 1034/1790/1754 1035/1792/1756
f 1009/1791/1755 1035/1792/1756 1008/1793/1757
f 1008/1793/1757 1035/1792/1756 1036/1794/1758
f 1008/1793/1757 1036/1794/1758 1007/1795/1759
f 1007/1795/1759 1036/1794/1758 1037/1796/1760
f 1007/1795/1759 1037/1796/1760 1006/1797/1761
f 1006/1797/1761 1037/1796/1760 1038/1798/1762
f 1006/1797/1761 1038/1798/1762 1005/1799/1763
f 1005/1799/1763 1038/1798/1762 1039/1800/1764
f 1005/1799/1763 1039/1800/1764 1004/1801/1765
f 1004/1801/1765 1039/1800/1764 1040/1802/1766
f 1004/1801/1765 1040/1802/1766 1003/1803/1767
f 1003/1803/1767 1040/1802/1766 1041/1804/1768
f 1003/1803/1767 1041/1804/1768 1002/1805/1769
f 1002/1805/1769 1041/1804/1768 1042/1806/1770
f 1002/1805/1769 1042/1806/1770 1001/1807/1771
f 1001/1807/1771 1042/1806/1770 1043/1808/1772
f 1001/1807/1771 1043/1808/1772 1000/1809/1773
f 1000/1809/1773 1043/1808/1772 1044/1810/1774
f 1000/1809/1773 1044/1810/1774 999/1761/1727
f 999/1761/1727 1044/1810/1774 1045/1762/1728
f 999/1811/1775 998/1812/1776 1046/1813/1777
f 1046/1813/1777 998/1812/1776 1021/1814/1778
f 1046/1813/1777 1021/1814/1778 1069/1815/1779
f 1069/1815/1779 1021/1814/1778 1020/1816/1780
f 1069/1815/1779 1020/1816/1780 1068/1817/1781
f 1068/1817/1781 1020/1816/1780 1019/1818/1782
f 1068/1817/1781 1019/1818/1782 1067/1819/1783
f 1067/1819/1783 1019/1818/1782 1018/1820/1784
f 1067/1819/1783 1018/1820/1784 1066/1821/1785
f 1066/1821/1785 1018/1820/1784 1017/1822/1786
f 1066/1821/1785 1017/1822/1786 1065/1823/1787
f 1065/1823/1787 1017/1822/1786 1016/1824/1788
f 1065/1823/1787 1016/1824/1788 1064/1825/1789
f 1064/1825/1789 1016/1824/1788 1063/1826/1790
f 1063/1826/1790 1016/1824/1788 1015/1827/1791
f 1063/1826/1790 1015/1827/1791 1062/1828/1792
f 1062/1828/1792 1015/1827/1791 1014/1829/1793
f 1062/1828/1792 1014/1829/1793 1061/1830/1794
f 1061/1830/1794 1014/1829/1793 1013/1831/1795
f 1061/1830/1794 1013/1831/1795 1060/1832/1796
f 1060/1832/1796 1013/1831/1795 1012/1833/1797
f 1060/1832/1796 1012/1833/1797 1059/1834/1798
f 1059/1834/1798 1012/1833/1797 1011/1835/1799
f 1059/1834/1798 1011/1835/1799 1058/1836/1800
f 1058/1836/1800 1011/1835/1799 1010/1837/1801
f 1058/1836/1800 1010/1837/1801 1009/1838/1802
f 1058/1836/1800 1009/1838/1802 1057/1839/1803
f 1057/1839/1803 1009/1838/1802 1008/1840/1804
f 1057/1839/1803 1008/1840/1804 1056/1841/1805
f 1056/1841/1805 1008/1840/1804 1007/1842/1806
f 1056/1841/1805 1007/1842/1806 1055/1843/1807
f 1055/1843/1807 1007/1842/1806 1006/1844/1808
f 1055/1843/1807 1006/1844/1808 1054/1845/1809
f 1054/1845/1809 1006/1844/1808 1005/1846/1810
f 1054/1845/1809 1005/1846/1810 1053/1847/1811
f 1053/1847/1811 1005/1846/1810 1052/1848/1812
f 1052/1848/1812 1005/1846/1810 1004/1849/1813
f 1052/1848/1812 1004/1849/1813 1051/1850/1814
f 1051/1850/1814 1004/1849/1813 1003/1851/1815
f 1051/1850/1814 1003/1851/1815 1050/1852/1816
f 1050/1852/1816 1003/1851/1815 1002/1853/1817
f 1050/1852/1816 1002/1853/1817 1049/1854/1818
f 1049/1854/1818 1002/1853/1817 1001/1855/1819
f 1049/1854/1818 1001/1855/1819 1048/1856/1820
f 1048/1856/1820 1001/1855/1819 1000/1857/1821
f 1048/1856/1820 1000/1857/1821 1047/1858/1822
f 1047/1858/1822 1000/1857/1821 999/1811/1775
f 1047/1858/1822 999/1811/1775 1046/1813/1777
f 1071/1859/1823 1117/1860/1824 1070/1861/1825
f 1070/1861/1825 1117/1860/1824 1094/1862/1826
f 1070/1863/1825 1094/1864/1826 1093/1865/1827
f 1093/1865/1827 1094/1864/1826 1095/1866/1828
f 1093/1865/1827 1095/1866/1828 1092/1867/1829
f 1092/1867/1829 1095/1866/1828 1096/1868/1830
f 1092/1867/1829 1096/1868/1830 1091/1869/1831
f 1091/1869/1831 1096/1868/1830 1097/1870/1832
f 1091/1869/1831 1097/1870/1832 1090/1871/1833
f 1090/1871/1833 1097/1870/1832 1098/1872/1834
f 1090/1871/1833 1098/1872/1834 1089/1873/1835
f 1089/1873/1835 1098/1872/1834 1099/1874/1836
f 1089/1873/1835 1099/1874/1836 1088/1875/1837
f 1088/1875/1837 1099/1874/1836 1100/1876/1838
f 1088/1875/1837 1100/1876/1838 1087/1877/1839
f 1087/1877/1839 1100/1876/1838 1101/1878/1840
f 1087/1877/1839 1101/1878/1840 1086/1879/1841
f 1086/1879/1841 1101/1878/1840 1102/1880/1842
f 1086/1879/1841 1102/1880/1842 1085/1881/1843
f 1085/1881/1843 1102/1880/1842 1103/1882/1844
f 1085/1881/1843 1103/1882/1844 1084/1883/1845
f 1084/1883/1845 1103/1882/1844 1104/1884/1846
f 1084/1883/1845 1104/1884/1846 1083/1885/1847
f 1083/1885/1847 1104/1884/1846 1105/1886/1848
f 1083/1885/1847 1105/1886/1848 1082/1887/1849
f 1082/1887/1849 1105/1886/1848 1106/1888/1850
f 1082/1887/1849 1106/1888/1850 1081/1889/1851
f 1081/1889/1851 1106/1888/1850 1107/1890/1852
f 1081/1889/1851 1107/1890/1852 1080/1891/1853
f 1080/1891/1853 1107/1890/1852 1108/1892/1854
f 1080/1891/1853 1108/1892/1854 1079/1893/1855
f 1079/1893/1855 1108/1892/1854 1109/1894/1856
f 1079/1893/1855 1109/1894/1856 1078/1895/1857
f 1078/1895/1857 1109/1894/1856 1110/1896/1858
f 1078/1895/1857 1110/1896/1858 1077/1897/1859
f 1077/1897/1859 1110/1896/1858 1111/1898/1860
f 1077/1897/1859 1111/1898/1860 1076/1899/1861
f 1076/1899/1861 1111/1898/1860 1112/1900/1862
f 1076/1899/1861 1112/1900/1862 1075/1901/1863
f 1075/1901/1863 1112/1900/1862 1113/1902/1864
f 1075/1901/1863 1113/1902/1864 1074/1903/1865
f 1074/1903/1865 1113/1902/1864 1114/1904/1866
f 1074/1903/1865 1114/1904/1866 1073/1905/1867
f 1073/1905/1867 1114/1904/1866 1115/1906/1868
f 1073/1905/1867 1115/1906/1868 1072/1907/1869
f 1072/1907/1869 1115/1906/1868 1116/1908/1870
f 1072/1907/1869 1116/1908/1870 1071/1859/1823
f 1071/1859/1823 1116/1908/1870 1117/1860/1824
f 1071/1909/1871 1070/1910/1872 1118/1911/1873
f 1118/1911/1873 1070/1910/1872 1093/1912/1874
f 1118/1911/1873 1093/1912/1874 1141/1913/1875
f 1141/1913/1875 1093/1912/1874 1092/1914/1876
f 1141/1913/1875 1092/1914/1876 1140/1915/1877
f 1140/1915/1877 1092/1914/1876 1091/1916/1878
f 1140/1915/1877 1091/1916/1878 1139/1917/1879
f 1139/1917/1879 1091/1916/1878 1090/1918/1880
f 1139/1917/1879 1090/1918/1880 1138/1919/1881
f 1138/1919/1881 1090/1918/1880 1089/1920/1882
f 1138/1919/1881 1089/1920/1882 1137/1921/1883
f 1137/1921/1883 1089/1920/1882 1136/1922/1884
f 1136/1922/1884 1089/1920/1882 1088/1923/1885
f 1136/1922/1884 1088/1923/1885 1135/1924/1886
f 1135/1924/1886 1088/1923/1885 1087/1925/1887
f 1135/1924/1886 1087/1925/1887 1134/1926/1888
f 1134/1926/1888 1087/1925/1887 1086/1927/1889
f 1134/1926/1888 1086/1927/1889 1133/1928/1890
f 1133/1928/1890 1086/1927/1889 1085/1929/1891
f 1133/1928/1890 1085/1929/1891 1132/1930/1892
f 1132/1930/1892 1085/1929/1891 1084/1931/1893
f 1132/1930/1892 1084/1931/1893 1131/1932/1894
f 1131/1932/1894 1084/1931/1893 1083/1933/1895
f 1131/1932/1894 1083/1933/1895 1130/1934/1896
f 1130/1934/1896 1083/1933/1895 1082/1935/1897
f 1130/1934/1896 1082/1935/1897 1081/1936/1898
f 1130/1934/1896 1081/1936/1898 1129/1937/1899
f 1129/1937/1899 1081/1936/1898 1080/1938/1900
f 1129/1937/1899 1080/1938/1900 1128/1939/1901
f 1128/1939/1901 1080/1938/1900 1079/1940/1902
f 1128/1939/1901 1079/1940/1902 1127/1941/1903
f 1127/1941/1903 1079/1940/1902 1078/1942/1904
f 1127/1941/1903 1078/1942/1904 1126/1943/1905
f 1126/1943/1905 1078/1942/1904 1077/1944/1906
f 1126/1943/1905 1077/1944/1906 1125/1945/1907
f 1125/1945/1907 1077/1944/1906 1076/1946/1908
f 1125/1945/1907 1076/1946/1908 1124/1947/1909
f 1124/1947/1909 1076/1946/1908 1123/1948/1910
f 1123/1948/1910 1076/1946/1908 1075/1949/1911
f 1123/1948/1910 1075/1949/1911 1122/1950/1912
f 1122/1950/1912 1075/1949/1911 1074/1951/1913
f 1122/1950/1912 1074/1951/1913 1121/1952/1914
f 1121/1952/1914 1074/1951/1913 1073/1953/1915
f 1121/1952/1914 1073/1953/1915 1120/1954/1916
f 1120/1954/1916 1073/1953/1915 1072/1955/1917
f 1120/1954/1916 1072/1955/1917 1119/1956/1918
f 1119/1956/1918 1072/1955/1917 1071/1909/1871
f 1119/1956/1918 1071/1909/1871 1118/1911/1873
f 1143/1957/1919 1189/1958/1920 1142/1959/1921
f 1142/1959/1921 1189/1958/1920 1166/1960/1922
f 1142/1961/1921 1166/1962/1922 1165/1963/1923
f 1165/1963/1923 1166/1962/1922 1167/1964/1924
f 1165/1963/1923 1167/1964/1924 1164/1965/1925
f 1164/1965/1925 1167/1964/1924 1168/1966/1926
f 1164/1965/1925 1168/1966/1926 1163/1967/1927
f 1163/1967/1927 1168/1966/1926 1169/1968/1928
f 1163/1967/1927 1169/1968/1928 1162/1969/1929
f 1162/1969/1929 1169/1968/1928 1170/1970/1930
f 1162/1969/1929 1170/1970/1930 1161/1971/1931
f 1161/1971/1931 1170/1970/1930 1171/1972/1932
f 1161/1971/1931 1171/1972/1932 1160/1973/1933
f 1160/1973/1933 1171/1972/1932 1172/1974/1934
f 1160/1973/1933 1172/1974/1934 1159/1975/1935
f 1159/1975/1935 1172/1974/1934 1173/1976/1936
f 1159/1975/1935 1173/1976/1936 1158/1977/1937
f 1158/1977/1937 1173/1976/1936 1174/1978/1938
f 1158/1977/1937 1174/1978/1938 1157/1979/1939
f 1157/1979/1939 1174/1978/1938 1175/1980/1940
f 1157/1979/1939 1175/1980/1940 1156/1981/1941
f 1156/1981/1941 1175/1980/1940 1176/1982/1942
f 1156/1981/1941 1176/1982/1942 1155/1983/1943
f 1155/1983/1943 1176/1982/1942 1177/1984/1944
f 1155/1983/1943 1177/1984/1944 1154/1985/1945
f 1154/1985/1945 1177/1984/1944 1178/1986/1946
f 1154/1985/1945 1178/1986/1946 1153/1987/1947
f 1153/1987/1947 1178/1986/1946 1179/1988/1948
f 1153/1987/1947 1179/1988/1948 1152/1989/1949
f 1152/1989/1949 1179/1988/1948 1180/1990/1950
f 1152/1989/1949 1180/1990/1950 1151/1991/1951
f 1151/1991/1951 1180/1990/1950 1181/1992/1952
f 1151/1991/1951 1181/1992/1952 1150/1993/1953
f 1150/1993/1953 1181/1992/1952 1182/1994/1954
f 1150/1993/1953 1182/1994/1954 1149/1995/1955
f 1149/1995/1955 1182/1994/1954 1183/1996/1956
f 1149/1995/1955 1183/1996/1956 1148/1997/1957
f 1148/1997/1957 1183/1996/1956 1184/1998/1958
f 1148/1997/1957 1184/1998/1958 1147/1999/1959
f 1147/1999/1959 1184/1998/1958 1185/2000/1960
f 1147/1999/1959 1185/2000/1960 1146/2001/1961
f 1146/2001/1961 1185/2000/1960 1186/2002/1962
f 1146/2001/1961 1186/2002/1962 1145/2003/1963
f 1145/2003/1963 1186/2002/1962 1187/2004/1964
f 1145/2003/1963 1187/2004/1964 1144/2005/1965
f 1144/2005/1965 1187/2004/1964 1188/2006/1966
f 1144/2005/1965 1188/2006/1966 1143/1957/1919
f 1143/1957/1919 1188/2006/1966 1189/1958/1920
f 1165/2007/1967 1213/2008/1968 1142/2009/1969
f 1142/2009/1969 1213/2008/1968 1190/2010/1970
f 1142/2009/1969 1190/2010/1970 1143/2011/1971
f 1143/2011/1971 1190/2010/1970 1191/2012/1972
f 1143/2011/1971 1191/2012/1972 1192/2013/1973
f 1213/2008/1968 1165/2007/1967 1212/2014/1974
f 1212/2014/1974 1165/2007/1967 1164/2015/1975
f 1212/2014/1974 1164/2015/1975 1211/2016/1976
f 1211/2016/1976 1164/2015/1975 1163/2017/1977
f 1211/2016/1976 1163/2017/1977 1210/2018/1978
f 1210/2018/1978 1163/2017/1977 1162/2019/1979
f 1210/2018/1978 1162/2019/1979 1209/2020/1980
f 1209/2020/1980 1162/2019/1979 1161/2021/1981
f 1209/2020/1980 1161/2021/1981 1208/2022/1982
f 1208/2022/1982 1161/2021/1981 1160/2023/1983
f 1208/2022/1982 1160/2023/1983 1159/2024/1984
f 1208/2022/1982 1159/2024/1984 1207/2025/1985
f 1207/2025/1985 1159/2024/1984 1158/2026/1986
f 1207/2025/1985 1158/2026/1986 1206/2027/1987
f 1206/2027/1987 1158/2026/1986 1157/2028/1988
f 1206/2027/1987 1157/2028/1988 1205/2029/1989
f 1205/2029/1989 1157/2028/1988 1156/2030/1990
f 1205/2029/1989 1156/2030/1990 1204/2031/1991
f 1204/2031/1991 1156/2030/1990 1155/2032/1992
f 1204/2031/1991 1155/2032/1992 1203/2033/1993
f 1203/2033/1993 1155/2032/1992 1154/2034/1994
f 1203/2033/1993 1154/2034/1994 1202/2035/1995
f 1202/2035/1995 1154/2034/1994 1201/2036/1996
f 1201/2036/1996 1154/2034/1994 1153/2037/1997
f 1201/2036/1996 1153/2037/1997 1200/2038/1998
f 1200/2038/1998 1153/2037/1997 1152/2039/1999
f 1200/2038/1998 1152/2039/1999 1199/2040/2000
f 1199/2040/2000 1152/2039/1999 1151/2041/2001
f 1199/2040/2000 1151/2041/2001 1198/2042/2002
f 1198/2042/2002 1151/2041/2001 1150/2043/2003
f 1198/2042/2002 1150/2043/2003 1197/2044/2004
f 1197/2044/2004 1150/2043/2003 1149/2045/2005
f 1197/2044/2004 1149/2045/2005 1196/2046/2006
f 1196/2046/2006 1149/2045/2005 1148/2047/2007
f 1196/2046/2006 1148/2047/2007 1147/2048/2008
f 1196/2046/2006 1147/2048/2008 1195/2049/2009
f 1195/2049/2009 1147/2048/2008 1146/2050/2010
f 1195/2049/2009 1146/2050/2010 1194/2051/2011
f 1194/2051/2011 1146/2050/2010 1145/2052/2012
f 1194/2051/2011 1145/2052/2012 1193/2053/2013
f 1193/2053/2013 1145/2052/2012 1144/2054/2014
f 1193/2053/2013 1144/2054/2014 1192/2013/1973
f 1192/2013/1973 1144/2054/2014 1143/2011/1971
f 1069/2055/2015 1242/2056/2016 1046/2057/2017
f 1046/2057/2017 1242/2056/2016 1238/2058/2018
f 1046/2059/2017 1238/2060/2018 1047/2061/2019
f 1047/2061/2019 1238/2060/2018 1330/2062/2020
f 1047/2061/2019 1330/2062/2020 1048/2063/2021
f 1048/2063/2021 1330/2062/2020 1326/2064/2022
f 1048/2063/2021 1326/2064/2022 1049/2065/2023
f 1049/2065/2023 1326/2064/2022 1322/2066/2024
f 1049/2065/2023 1322/2066/2024 1050/2067/2025
f 1050/2067/2025 1322/2066/2024 1318/2068/2026
f 1050/2067/2025 1318/2068/2026 1051/2069/2027
f 1051/2069/2027 1318/2068/2026 1314/2070/2028
f 1051/2069/2027 1314/2070/2028 1052/2071/2029
f 1052/2071/2029 1314/2070/2028 1310/2072/2030
f 1052/2071/2029 1310/2072/2030 1053/2073/2031
f 1053/2073/2031 1310/2072/2030 1306/2074/2032
f 1053/2073/2031 1306/2074/2032 1054/2075/2033
f 1054/2075/2033 1306/2074/2032 1302/2076/2034
f 1054/2075/2033 1302/2076/2034 1055/2077/2035
f 1055/2077/2035 1302/2076/2034 1298/2078/2036
f 1055/2077/2035 1298/2078/2036 1056/2079/2037
f 1056/2079/2037 1298/2078/2036 1294/2080/2038
f 1056/2079/2037 1294/2080/2038 1057/2081/2039
f 1057/2081/2039 1294/2080/2038 1290/2082/2040
f 1057/2081/2039 1290/2082/2040 1058/2083/2041
f 1058/2083/2041 1290/2082/2040 1286/2084/2042
f 1058/2083/2041 1286/2084/2042 1059/2085/2043
f 1059/2085/2043 1286/2084/2042 1282/2086/2044
f 1059/2085/2043 1282/2086/2044 1060/2087/2045
f 1060/2087/2045 1282/2086/2044 1278/2088/2046
f 1060/2087/2045 1278/2088/2046 1061/2089/2047
f 1061/2089/2047 1278/2088/2046 1274/2090/2048
f 1061/2089/2047 1274/2090/2048 1062/2091/2049
f 1062/2091/2049 1274/2090/2048 1270/2092/2050
f 1062/2091/2049 1270/2092/2050 1063/2093/2051
f 1063/2093/2051 1270/2092/2050 1266/2094/2052
f 1063/2093/2051 1266/2094/2052 1064/2095/2053
f 1064/2095/2053 1266/2094/2052 1262/2096/2054
f 1064/2095/2053 1262/2096/2054 1065/2097/2055
f 1065/2097/2055 1262/2096/2054 1258/2098/2056
f 1065/2097/2055 1258/2098/2056 1066/2099/2057
f 1066/2099/2057 1258/2098/2056 1254/2100/2058
f 1066/2099/2057 1254/2100/2058 1067/2101/2059
f 1067/2101/2059 1254/2100/2058 1250/2102/2060
f 1067/2101/2059 1250/2102/2060 1068/2103/2061
f 1068/2103/2061 1250/2102/2060 1246/2104/2062
f 1068/2103/2061 1246/2104/2062 1069/2055/2015
f 1069/2055/2015 1246/2104/2062 1242/2056/2016
f 1215/2105/2063 1333/2106/2064 1214/2107/2065
f 1214/2107/2065 1333/2106/2064 1241/2108/2066
f 1214/2109/2065 1241/2110/2066 1237/2111/2067
f 1237/2111/2067 1241/2110/2066 1245/2112/2068
f 1237/2111/2067 1245/2112/2068 1236/2113/2069
f 1236/2113/2069 1245/2112/2068 1249/2114/2070
f 1236/2113/2069 1249/2114/2070 1235/2115/2071
f 1235/2115/2071 1249/2114/2070 1253/2116/2072
f 1235/2115/2071 1253/2116/2072 1234/2117/2073
f 1234/2117/2073 1253/2116/2072 1257/2118/2074
f 1234/2117/2073 1257/2118/2074 1233/2119/2075
f 1233/2119/2075 1257/2118/2074 1261/2120/2076
f 1233/2119/2075 1261/2120/2076 1232/2121/2077
f 1232/2121/2077 1261/2120/2076 1265/2122/2078
f 1232/2121/2077 1265/2122/2078 1231/2123/2079
f 1231/2123/2079 1265/2122/2078 1269/2124/2080
f 1231/2123/2079 1269/2124/2080 1230/2125/2081
f 1230/2125/2081 1269/2124/2080 1273/2126/2082
f 1230/2125/2081 1273/2126/2082 1229/2127/2083
f 1229/2127/2083 1273/2126/2082 1277/2128/2084
f 1229/2127/2083 1277/2128/2084 1228/2129/2085
f 1228/2129/2085 1277/2128/2084 1281/2130/2086
f 1228/2129/2085 1281/2130/2086 1227/2131/2087
f 1227/2131/2087 1281/2130/2086 1285/2132/2088
f 1227/2131/2087 1285/2132/2088 1226/2133/2089
f 1226/2133/2089 1285/2132/2088 1289/2134/2090
f 1226/2133/2089 1289/2134/2090 1225/2135/2091
f 1225/2135/2091 1289/2134/2090 1293/2136/2092
f 1225/2135/2091 1293/2136/2092 1224/2137/2093
f 1224/2137/2093 1293/2136/2092 1297/2138/2094
f 1224/2137/2093 1297/2138/2094 1223/2139/2095
f 1223/2139/2095 1297/2138/2094 1301/2140/2096
f 1223/2139/2095 1301/2140/2096 1222/2141/2097
f 1222/2141/2097 1301/2140/2096 1305/2142/2098
f 1222/2141/2097 1305/2142/2098 1221/2143/2099
f 1221/2143/2099 1305/2142/2098 1309/2144/2100
f 1221/2143/2099 1309/2144/2100 1220/2145/2101
f 1220/2145/2101 1309/2144/2100 1313/2146/2102
f 1220/2145/2101 1313/2146/2102 1219/2147/2103
f 1219/2147/2103 1313/2146/2102 1317/2148/2104
f 1219/2147/2103 1317/2148/2104 1218/2149/2105
f 1218/2149/2105 1317/2148/2104 1321/2150/2106
f 1218/2149/2105 1321/2150/2106 1217/2151/2107
f 1217/2151/2107 1321/2150/2106 1325/2152/2108
f 1217/2151/2107 1325/2152/2108 1216/2153/2109
f 1216/2153/2109 1325/2152/2108 1329/2154/2110
f 1216/2153/2109 1329/2154/2110 1215/2105/2063
f 1215/2105/2063 1329/2154/2110 1333/2106/2064
f 1238/2060/2018 1239/2155/2111 1330/2062/2020
f 1330/2062/2020 1239/2155/2111 1331/2156/2112
f 1330/2062/2020 1331/2156/2112 1326/2064/2022
f 1326/2064/2022 1331/2156/2112 1327/2157/2113
f 1326/2064/2022 1327/2157/2113 1322/2066/2024
f 1322/2066/2024 1327/2157/2113 1323/2158/2114
f 1322/2066/2024 1323/2158/2114 1318/2068/2026
f 1318/2068/2026 1323/2158/2114 1319/2159/2115
f 1318/2068/2026 1319/2159/2115 1314/2070/2028
f 1314/2070/2028 1319/2159/2115 1315/2160/2116
f 1314/2070/2028 1315/2160/2116 1310/2072/2030
f 1310/2072/2030 1315/2160/2116 1311/2161/2117
f 1310/2072/2030 1311/2161/2117 1306/2074/2032
f 1306/2074/2032 1311/2161/2117 1307/2162/2118
f 1306/2074/2032 1307/2162/2118 1302/2076/2034
f 1302/2076/2034 1307/2162/2118 1303/2163/2119
f 1302/2076/2034 1303/2163/2119 1298/2078/2036
f 1298/2078/2036 1303/2163/2119 1299/2164/2120
f 1298/2078/2036 1299/2164/2120 1294/2080/2038
f 1294/2080/2038 1299/2164/2120 1295/2165/2121
f 1294/2080/2038 1295/2165/2121 1290/2082/2040
f 1290/2082/2040 1295/2165/2121 1291/2166/2122
f 1290/2082/2040 1291/2166/2122 1286/2084/2042
f 1286/2084/2042 1291/2166/2122 1287/2167/2123
f 1286/2084/2042 1287/2167/2123 1282/2086/2044
f 1282/2086/2044 1287/2167/2123 1283/2168/2124
f 1282/2086/2044 1283/2168/2124 1278/2088/2046
f 1278/2088/2046 1283/2168/2124 1279/2169/2125
f 1278/2088/2046 1279/2169/2125 1274/2090/2048
f 1274/2090/2048 1279/2169/2125 1275/2170/2126
f 1274/2090/2048 1275/2170/2126 1270/2092/2050
f 1270/2092/2050 1275/2170/2126 1271/2171/2127
f 1270/2092/2050 1271/2171/2127 1266/2094/2052
f 1266/2094/2052 1271/2171/2127 1267/2172/2128
f 1266/2094/2052 1267/2172/2128 1262/2096/2054
f 1262/2096/2054 1267/2172/2128 1263/2173/2129
f 1262/2096/2054 1263/2173/2129 1258/2098/2056
f 1258/2098/2056 1263/2173/2129 1259/2174/2130
f 1258/2098/2056 1259/2174/2130 1254/2100/2058
f 1254/2100/2058 1259/2174/2130 1255/2175/2131
f 1254/2100/2058 1255/2175/2131 1250/2102/2060
f 1250/2102/2060 1255/2175/2131 1251/2176/2132
f 1250/2102/2060 1251/2176/2132 1246/2104/2062
f 1246/2104/2062 1251/2176/2132 1247/2177/2133
f 1246/2104/2062 1247/2177/2133 1242/2056/2016
f 1242/2056/2016 1247/2177/2133 1243/2178/2134
f 1242/2056/2016 1243/2178/2134 1238/2058/2018
f 1238/2058/2018 1243/2178/2134 1239/2179/2111
f 1239/2155/2111 1240/2180/2135 1331/2156/2112
f 1331/2156/2112 1240/2180/2135 1332/2181/2136
f 1331/2156/2112 1332/2181/2136 1327/2157/2113
f 1327/2157/2113 1332/2181/2136 1328/2182/2137
f 1327/2157/2113 1328/2182/2137 1323/2158/2114
f 1323/2158/2114 1328/2182/2137 1324/2183/2138
f 1323/2158/2114 1324/2183/2138 1319/2159/2115
f 1319/2159/2115 1324/2183/2138 1320/2184/2139
f 1319/2159/2115 1320/2184/2139 1315/2160/2116
f 1315/2160/2116 1320/2184/2139 1316/2185/2140
f 1315/2160/2116 1316/2185/2140 1311/2161/2117
f 1311/2161/2117 1316/2185/2140 1312/2186/2141
f 1311/2161/2117 1312/2186/2141 1307/2162/2118
f 1307/2162/2118 1312/2186/2141 1308/2187/2142
f 1307/2162/2118 1308/2187/2142 1303/2163/2119
f 1303/2163/2119 1308/2187/2142 1304/2188/2143
f 1303/2163/2119 1304/2188/2143 1299/2164/2120
f 1299/2164/2120 1304/2188/2143 1300/2189/2144
f 1299/2164/2120 1300/2189/2144 1295/2165/2121
f 1295/2165/2121 1300/2189/2144 1296/2190/2145
f 1295/2165/2121 1296/2190/2145 1291/2166/2122
f 1291/2166/2122 1296/2190/2145 1292/2191/2146
f 1291/2166/2122 1292/2191/2146 1287/2167/2123
f 1287/2167/2123 1292/2191/2146 1288/2192/2147
f 1287/2167/2123 1288/2192/2147 1283/2168/2124
f 1283/2168/2124 1288/2192/2147 1284/2193/2148
f 1283/2168/2124 1284/2193/2148 1279/2169/2125
f 1279/2169/2125 1284/2193/2148 1280/2194/2149
f 1279/2169/2125 1280/2194/2149 1275/2170/2126
f 1275/2170/2126 1280/2194/2149 1276/2195/2150
f 1275/2170/2126 1276/2195/2150 1271/2171/2127
f 1271/2171/2127 1276/2195/2150 1272/2196/2151
f 1271/2171/2127 1272/2196/2151 1267/2172/2128
f 1267/2172/2128 1272/2196/2151 1268/2197/2152
f 1267/2172/2128 1268/2197/2152 1263/2173/2129
f 1263/2173/2129 1268/2197/2152 1264/2198/2153
f 1263/2173/2129 1264/2198/2153 1259/2174/2130
f 1259/2174/2130 1264/2198/2153 1260/2199/2154
f 1259/2174/2130 1260/2199/2154 1255/2175/2131
f 1255/2175/2131 1260/2199/2154 1256/2200/2155
f 1255/2175/2131 1256/2200/2155 1251/2176/2132
f 1251/2176/2132 1256/2200/2155 1252/2201/2156
f 1251/2176/2132 1252/2201/2156 1247/2177/2133
f 1247/2177/2133 1252/2201/2156 1248/2202/2157
f 1247/2177/2133 1248/2202/2157 1243/2178/2134
f 1243/2178/2134 1248/2202/2157 1244/2203/2158
f 1243/2178/2134 1244/2203/2158 1239/2179/2111
f 1239/2179/2111 1244/2203/2158 1240/2204/2135
f 1240/2180/2135 1241/2108/2066 1332/2181/2136
f 1332/2181/2136 1241/2108/2066 1333/2106/2064
f 1332/2181/2136 1333/2106/2064 1328/2182/2137
f 1328/2182/2137 1333/2106/2064 1329/2154/2110
f 1328/2182/2137 1329/2154/2110 1324/2183/2138
f 1324/2183/2138 1329/2154/2110 1325/2152/2108
f 1324/2183/2138 1325/2152/2108 1320/2184/2139
f 1320/2184/2139 1325/2152/2108 1321/2150/2106
f 1320/2184/2139 1321/2150/2106 1316/2185/2140
f 1316/2185/2140 1321/2150/2106 1317/2148/2104
f 1316/2185/2140 1317/2148/2104 1312/2186/2141
f 1312/2186/2141 1317/2148/2104 1313/2146/2102
f 1312/2186/2141 1313/2146/2102 1308/2187/2142
f 1308/2187/2142 1313/2146/2102 1309/2144/2100
f 1308/2187/2142 1309/2144/2100 1304/2188/2143
f 1304/2188/2143 1309/2144/2100 1305/2142/2098
f 1304/2188/2143 1305/2142/2098 1300/2189/2144
f 1300/2189/2144 1305/2142/2098 1301/2140/2096
f 1300/2189/2144 1301/2140/2096 1296/2190/2145
f 1296/2190/2145 1301/2140/2096 1297/2138/2094
f 1296/2190/2145 1297/2138/2094 1292/2191/2146
f 1292/2191/2146 1297/2138/2094 1293/2136/2092
f 1292/2191/2146 1293/2136/2092 1288/2192/2147
f 1288/2192/2147 1293/2136/2092 1289/2134/2090
f 1288/2192/2147 1289/2134/2090 1284/2193/2148
f 1284/2193/2148 1289/2134/2090 1285/2132/2088
f 1284/2193/2148 1285/2132/2088 1280/2194/2149
f 1280/2194/2149 1285/2132/2088 1281/2130/2086
f 1280/2194/2149 1281/2130/2086 1276/2195/2150
f 1276/2195/2150 1281/2130/2086 1277/2128/2084
f 1276/2195/2150 1277/2128/2084 1272/2196/2151
f 1272/2196/2151 1277/2128/2084 1273/2126/2082
f 1272/2196/2151 1273/2126/2082 1268/2197/2152
f 1268/2197/2152 1273/2126/2082 1269/2124/2080
f 1268/2197/2152 1269/2124/2080 1264/2198/2153
f 1264/2198/2153 1269/2124/2080 1265/2122/2078
f 1264/2198/2153 1265/2122/2078 1260/2199/2154
f 1260/2199/2154 1265/2122/2078 1261/2120/2076
f 1260/2199/2154 1261/2120/2076 1256/2200/2155
f 1256/2200/2155 1261/2120/2076 1257/2118/2074
f 1256/2200/2155 1257/2118/2074 1252/2201/2156
f 1252/2201/2156 1257/2118/2074 1253/2116/2072
f 1252/2201/2156 1253/2116/2072 1248/2202/2157
f 1248/2202/2157 1253/2116/2072 1249/2114/2070
f 1248/2202/2157 1249/2114/2070 1244/2203/2158
f 1244/2203/2158 1249/2114/2070 1245/2112/2068
f 1244/2203/2158 1245/2112/2068 1240/2204/2135
f 1240/2204/2135 1245/2112/2068 1241/2110/2066
f 1213/2205/2159 1362/2206/2160 1190/2207/2161
f 1190/2207/2161 1362/2206/2160 1358/2208/2162
f 1190/2209/2161 1358/2210/2162 1191/2211/2163
f 1191/2211/2163 1358/2210/2162 1450/2212/2164
f 1191/2211/2163 1450/2212/2164 1192/2213/2165
f 1192/2213/2165 1450/2212/2164 1446/2214/2166
f 1192/2213/2165 1446/2214/2166 1193/2215/2167
f 1193/2215/2167 1446/2214/2166 1442/2216/2168
f 1193/2215/2167 1442/2216/2168 1194/2217/2169
f 1194/2217/2169 1442/2216/2168 1438/2218/2170
f 1194/2217/2169 1438/2218/2170 1195/2219/2171
f 1195/2219/2171 1438/2218/2170 1434/2220/2172
f 1195/2219/2171 1434/2220/2172 1196/2221/2173
f 1196/2221/2173 1434/2220/2172 1430/2222/2174
f 1196/2221/2173 1430/2222/2174 1197/2223/2175
f 1197/2223/2175 1430/2222/2174 1426/2224/2176
f 1197/2223/2175 1426/2224/2176 1198/2225/2177
f 1198/2225/2177 1426/2224/2176 1422/2226/2178
f 1198/2225/2177 1422/2226/2178 1199/2227/2179
f 1199/2227/2179 1422/2226/2178 1418/2228/2180
f 1199/2227/2179 1418/2228/2180 1200/2229/2181
f 1200/2229/2181 1418/2228/2180 1414/2230/2182
f 1200/2229/2181 1414/2230/2182 1201/2231/2183
f 1201/2231/2183 1414/2230/2182 1410/2232/2184
f 1201/2231/2183 1410/2232/2184 1202/2233/2185
f 1202/2233/2185 1410/2232/2184 1406/2234/2186
f 1202/2233/2185 1406/2234/2186 1203/2235/2187
f 1203/2235/2187 1406/2234/2186 1402/2236/2188
f 1203/2235/2187 1402/2236/2188 1204/2237/2189
f 1204/2237/2189 1402/2236/2188 1398/2238/2190
f 1204/2237/2189 1398/2238/2190 1205/2239/2191
f 1205/2239/2191 1398/2238/2190 1394/2240/2192
f 1205/2239/2191 1394/2240/2192 1206/2241/2193
f 1206/2241/2193 1394/2240/2192 1390/2242/2194
f 1206/2241/2193 1390/2242/2194 1207/2243/2195
f 1207/2243/2195 1390/2242/2194 1386/2244/2196
f 1207/2243/2195 1386/2244/2196 1208/2245/2197
f 1208/2245/2197 1386/2244/2196 1382/2246/2198
f 1208/2245/2197 1382/2246/2198 1209/2247/2199
f 1209/2247/2199 1382/2246/2198 1378/2248/2200
f 1209/2247/2199 1378/2248/2200 1210/2249/2201
f 1210/2249/2201 1378/2248/2200 1374/2250/2202
f 1210/2249/2201 1374/2250/2202 1211/2251/2203
f 1211/2251/2203 1374/2250/2202 1370/2252/2204
f 1211/2251/2203 1370/2252/2204 1212/2253/2205
f 1212/2253/2205 1370/2252/2204 1366/2254/2206
f 1212/2253/2205 1366/2254/2206 1213/2205/2159
f 1213/2205/2159 1366/2254/2206 1362/2206/2160
f 1335/2255/2207 1453/2256/2208 1334/2257/2209
f 1334/2257/2209 1453/2256/2208 1361/2258/2210
f 1334/2259/2209 1361/2260/2210 1357/2261/2211
f 1357/2261/2211 1361/2260/2210 1365/2262/2212
f 1357/2261/2211 1365/2262/2212 1356/2263/2213
f 1356/2263/2213 1365/2262/2212 1369/2264/2214
f 1356/2263/2213 1369/2264/2214 1355/2265/2215
f 1355/2265/2215 1369/2264/2214 1373/2266/2216
f 1355/2265/2215 1373/2266/2216 1354/2267/2217
f 1354/2267/2217 1373/2266/2216 1377/2268/2218
f 1354/2267/2217 1377/2268/2218 1353/2269/2219
f 1353/2269/2219 1377/2268/2218 1381/2270/2220
f 1353/2269/2219 1381/2270/2220 1352/2271/2221
f 1352/2271/2221 1381/2270/2220 1385/2272/2222
f 1352/2271/2221 1385/2272/2222 1351/2273/2223
f 1351/2273/2223 1385/2272/2222 1389/2274/2224
f 1351/2273/2223 1389/2274/2224 1350/2275/2225
f 1350/2275/2225 1389/2274/2224 1393/2276/2226
f 1350/2275/2225 1393/2276/2226 1349/2277/2227
f 1349/2277/2227 1393/2276/2226 1397/2278/2228
f 1349/2277/2227 1397/2278/2228 1348/2279/2229
f 1348/2279/2229 1397/2278/2228 1401/2280/2230
f 1348/2279/2229 1401/2280/2230 1347/2281/2231
f 1347/2281/2231 1401/2280/2230 1405/2282/2232
f 1347/2281/2231 1405/2282/2232 1346/2283/2233
f 1346/2283/2233 1405/2282/2232 1409/2284/2234
f 1346/2283/2233 1409/2284/2234 1345/2285/2235
f 1345/2285/2235 1409/2284/2234 1413/2286/2236
f 1345/2285/2235 1413/2286/2236 1344/2287/2237
f 1344/2287/2237 1413/2286/2236 1417/2288/2238
f 1344/2287/2237 1417/2288/2238 1343/2289/2239
f 1343/2289/2239 1417/2288/2238 1421/2290/2240
f 1343/2289/2239 1421/2290/2240 1342/2291/2241
f 1342/2291/2241 1421/2290/2240 1425/2292/2242
f 1342/2291/2241 1425/2292/2242 1341/2293/2243
f 1341/2293/2243 1425/2292/2242 1429/2294/2244
f 1341/2293/2243 1429/2294/2244 1340/2295/2245
f 1340/2295/2245 1429/2294/2244 1433/2296/2246
f 1340/2295/2245 1433/2296/2246 1339/2297/2247
f 1339/2297/2247 1433/2296/2246 1437/2298/2248
f 1339/2297/2247 1437/2298/2248 1338/2299/2249
f 1338/2299/2249 1437/2298/2248 1441/2300/2250
f 1338/2299/2249 1441/2300/2250 1337/2301/2251
f 1337/2301/2251 1441/2300/2250 1445/2302/2252
f 1337/2301/2251 1445/2302/2252 1336/2303/2253
f 1336/2303/2253 1445/2302/2252 1449/2304/2254
f 1336/2303/2253 1449/2304/2254 1335/2255/2207
f 1335/2255/2207 1449/2304/2254 1453/2256/2208
f 1358/2210/2162 1359/2305/2255 1450/2212/2164
f 1450/2212/2164 1359/2305/2255 1451/2306/2256
f 1450/2212/2164 1451/2306/2256 1446/2214/2166
f 1446/2214/2166 1451/2306/2256 1447/2307/2257
f 1446/2214/2166 1447/2307/2257 1442/2216/2168
f 1442/2216/2168 1447/2307/2257 1443/2308/2258
f 1442/2216/2168 1443/2308/2258 1438/2218/2170
f 1438/2218/2170 1443/2308/2258 1439/2309/2259
f 1438/2218/2170 1439/2309/2259 1434/2220/2172
f 1434/2220/2172 1439/2309/2259 1435/2310/2260
f 1434/2220/2172 1435/2310/2260 1430/2222/2174
f 1430/2222/2174 1435/2310/2260 1431/2311/2261
f 1430/2222/2174 1431/2311/2261 1426/2224/2176
f 1426/2224/2176 1431/2311/2261 1427/2312/2262
f 1426/2224/2176 1427/2312/2262 1422/2226/2178
f 1422/2226/2178 1427/2312/2262 1423/2313/2263
f 1422/2226/2178 1423/2313/2263 1418/2228/2180
f 1418/2228/2180 1423/2313/2263 1419/2314/2264
f 1418/2228/2180 1419/2314/2264 1414/2230/2182
f 1414/2230/2182 1419/2314/2264 1415/2315/2265
f 1414/2230/2182 1415/2315/2265 1410/2232/2184
f 1410/2232/2184 1415/2315/2265 1411/2316/2266
f 1410/2232/2184 1411/2316/2266 1406/2234/2186
f 1406/2234/2186 1411/2316/2266 1407/2317/2267
f 1406/2234/2186 1407/2317/2267 1402/2236/2188
f 1402/2236/2188 1407/2317/2267 1403/2318/2268
f 1402/2236/2188 1403/2318/2268 1398/2238/2190
f 1398/2238/2190 1403/2318/2268 1399/2319/2269
f 1398/2238/2190 1399/2319/2269 1394/2240/2192
f 1394/2240/2192 1399/2319/2269 1395/2320/2270
f 1394/2240/2192 1395/2320/2270 1390/2242/2194
f 1390/2242/2194 1395/2320/2270 1391/2321/2271
f 1390/2242/2194 1391/2321/2271 1386/2244/2196
f 1386/2244/2196 1391/2321/2271 1387/2322/2272
f 1386/2244/2196 1387/2322/2272 1382/2246/2198
f 1382/2246/2198 1387/2322/2272 1383/2323/2273
f 1382/2246/2198 1383/2323/2273 1378/2248/2200
f 1378/2248/2200 1383/2323/2273 1379/2324/2274
f 1378/2248/2200 1379/2324/2274 1374/2250/2202
f 1374/2250/2202 1379/2324/2274 1375/2325/2275
f 1374/2250/2202 1375/2325/2275 1370/2252/2204
f 1370/2252/2204 1375/2325/2275 1371/2326/2276
f 1370/2252/2204 1371/2326/2276 1366/2254/2206
f 1366/2254/2206 1371/2326/2276 1367/2327/2277
f 1366/2254/2206 1367/2327/2277 1362/2206/2160
f 1362/2206/2160 1367/2327/2277 1363/2328/2278
f 1362/2206/2160 1363/2328/2278 1358/2208/2162
f 1358/2208/2162 1363/2328/2278 1359/2329/2255
f 1359/2305/2255 1360/2330/2279 1451/2306/2256
f 1451/2306/2256 1360/2330/2279 1452/2331/2280
f 1451/2306/2256 1452/2331/2280 1447/2307/2257
f 1447/2307/2257 1452/2331/2280 1448/2332/2281
f 1447/2307/2257 1448/2332/2281 1443/2308/2258
f 1443/2308/2258 1448/2332/2281 1444/2333/2282
f 1443/2308/2258 1444/2333/2282 1439/2309/2259
f 1439/2309/2259 1444/2333/2282 1440/2334/2283
f 1439/2309/2259 1440/2334/2283 1435/2310/2260
f 1435/2310/2260 1440/2334/2283 1436/2335/2284
f 1435/2310/2260 1436/2335/2284 1431/2311/2261
f 1431/2311/2261 1436/2335/2284 1432/2336/2285
f 1431/2311/2261 1432/2336/2285 1427/2312/2262
f 1427/2312/2262 1432/2336/2285 1428/2337/2286
f 1427/2312/2262 1428/2337/2286 1423/2313/2263
f 1423/2313/2263 1428/2337/2286 1424/2338/2287
f 1423/2313/2263 1424/2338/2287 1419/2314/2264
f 1419/2314/2264 1424/2338/2287 1420/2339/2288
f 1419/2314/2264 1420/2339/2288 1415/2315/2265
f 1415/2315/2265 1420/2339/2288 1416/2340/2289
f 1415/2315/2265 1416/2340/2289 1411/2316/2266
f 1411/2316/2266 1416/2340/2289 1412/2341/2290
f 1411/2316/2266 1412/2341/2290 1407/2317/2267
f 1407/2317/2267 1412/2341/2290 1408/2342/2291
f 1407/2317/2267 1408/2342/2291 1403/2318/2268
f 1403/2318/2268 1408/2342/2291 1404/2343/2292
f 1403/2318/2268 1404/2343/2292 1399/2319/2269
f 1399/2319/2269 1404/2343/2292 1400/2344/2293
f 1399/2319/2269 1400/2344/2293 1395/2320/2270
f 1395/2320/2270 1400/2344/2293 1396/2345/2294
f 1395/2320/2270 1396/2345/2294 1391/2321/2271
f 1391/2321/2271 1396/2345/2294 1392/2346/2295
f 1391/2321/2271 1392/2346/2295 1387/2322/2272
f 1387/2322/2272 1392/2346/2295 1388/2347/2296
f 1387/2322/2272 1388/2347/2296 1383/2323/2273
f 1383/2323/2273 1388/2347/2296 1384/2348/2297
f 1383/2323/2273 1384/2348/2297 1379/2324/2274
f 1379/2324/2274 1384/2348/2297 1380/2349/2298
f 1379/2324/2274 1380/2349/2298 1375/2325/2275
f 1375/2325/2275 1380/2349/2298 1376/2350/2299
f 1375/2325/2275 1376/2350/2299 1371/2326/2276
f 1371/2326/2276 1376/2350/2299 1372/2351/2300
f 1371/2326/2276 1372/2351/2300 1367/2327/2277
f 1367/2327/2277 1372/2351/2300 1368/2352/2301
f 1367/2327/2277 1368/2352/2301 1363/2328/2278
f 1363/2328/2278 1368/2352/2301 1364/2353/2302
f 1363/2328/2278 1364/2353/2302 1359/2329/2255
f 1359/2329/2255 1364/2353/2302 1360/2354/2279
f 1360/2330/2279 1361/2258/2210 1452/2331/2280
f 1452/2331/2280 1361/2258/2210 1453/2256/2208
f 1452/2331/2280 1453/2256/2208 1448/2332/2281
f 1448/2332/2281 1453/2256/2208 1449/2304/2254
f 1448/2332/2281 1449/2304/2254 1444/2333/2282
f 1444/2333/2282 1449/2304/2254 1445/2302/2252
f 1444/2333/2282 1445/2302/2252 1440/2334/2283
f 1440/2334/2283 1445/2302/2252 1441/2300/2250
f 1440/2334/2283 1441/2300/2250 1436/2335/2284
f 1436/2335/2284 1441/2300/2250 1437/2298/2248
f 1436/2335/2284 1437/2298/2248 1432/2336/2285
f 1432/2336/2285 1437/2298/2248 1433/2296/2246
f 1432/2336/2285 1433/2296/2246 1428/2337/2286
f 1428/2337/2286 1433/2296/2246 1429/2294/2244
f 1428/2337/2286 1429/2294/2244 1424/2338/2287
f 1424/2338/2287 1429/2294/2244 1425/2292/2242
f 1424/2338/2287 1425/2292/2242 1420/2339/2288
f 1420/2339/2288 1425/2292/2242 1421/2290/2240
f 1420/2339/2288 1421/2290/2240 1416/2340/2289
f 1416/2340/2289 1421/2290/2240 1417/2288/2238
f 1416/2340/2289 1417/2288/2238 1412/2341/2290
f 1412/2341/2290 1417/2288/2238 1413/2286/2236
f 1412/2341/2290 1413/2286/2236 1408/2342/2291
f 1408/2342/2291 1413/2286/2236 1409/2284/2234
f 1408/2342/2291 1409/2284/2234 1404/2343/2292
f 1404/2343/2292 1409/2284/2234 1405/2282/2232
f 1404/2343/2292 1405/2282/2232 1400/2344/2293
f 1400/2344/2293 1405/2282/2232 1401/2280/2230
f 1400/2344/2293 1401/2280/2230 1396/2345/2294
f 1396/2345/2294 1401/2280/2230 1397/2278/2228
f 1396/2345/2294 1397/2278/2228 1392/2346/2295
f 1392/2346/2295 1397/2278/2228 1393/2276/2226
f 1392/2346/2295 1393/2276/2226 1388/2347/2296
f 1388/2347/2296 1393/2276/2226 1389/2274/2224
f 1388/2347/2296 1389/2274/2224 1384/2348/2297
f 1384/2348/2297 1389/2274/2224 1385/2272/2222
f 1384/2348/2297 1385/2272/2222 1380/2349/2298
f 1380/2349/2298 1385/2272/2222 1381/2270/2220
f 1380/2349/2298 1381/2270/2220 1376/2350/2299
f 1376/2350/2299 1381/2270/2220 1377/2268/2218
f 1376/2350/2299 1377/2268/2218 1372/2351/2300
f 1372/2351/2300 1377/2268/2218 1373/2266/2216
f 1372/2351/2300 1373/2266/2216 1368/2352/2301
f 1368/2352/2301 1373/2266/2216 1369/2264/2214
f 1368/2352/2301 1369/2264/2214 1364/2353/2302
f 1364/2353/2302 1369/2264/2214 1365/2262/2212
f 1364/2353/2302 1365/2262/2212 1360/2354/2279
f 1360/2354/2279 1365/2262/2212 1361/2260/2210
f 997/2355/2303 1482/2356/2304 974/2357/2305
f 974/2357/2305 1482/2356/2304 1478/2358/2306
f 974/2359/2305 1478/2360/2306 975/2361/2307
f 975/2361/2307 1478/2360/2306 1570/2362/2308
f 975/2361/2307 1570/2362/2308 976/2363/2309
f 976/2363/2309 1570/2362/2308 1566/2364/2310
f 976/2363/2309 1566/2364/2310 977/2365/2311
f 977/2365/2311 1566/2364/2310 1562/2366/2312
f 977/2365/2311 1562/2366/2312 978/2367/2313
f 978/2367/2313 1562/2366/2312 1558/2368/2314
f 978/2367/2313 1558/2368/2314 979/2369/2315
f 979/2369/2315 1558/2368/2314 1554/2370/2316
f 979/2369/2315 1554/2370/2316 980/2371/2317
f 980/2371/2317 1554/2370/2316 1550/2372/2318
f 980/2371/2317 1550/2372/2318 981/2373/2319
f 981/2373/2319 1550/2372/2318 1546/2374/2320
f 981/2373/2319 1546/2374/2320 982/2375/2321
f 982/2375/2321 1546/2374/2320 1542/2376/2322
f 982/2375/2321 1542/2376/2322 983/2377/2323
f 983/2377/2323 1542/2376/2322 1538/2378/2324
f 983/2377/2323 1538/2378/2324 984/2379/2325
f 984/2379/2325 1538/2378/2324 1534/2380/2326
f 984/2379/2325 1534/2380/2326 985/2381/2327
f 985/2381/2327 1534/2380/2326 1530/2382/2328
f 985/2381/2327 1530/2382/2328 986/2383/2329
f 986/2383/2329 1530/2382/2328 1526/2384/2330
f 986/2383/2329 1526/2384/2330 987/2385/2331
f 987/2385/2331 1526/2384/2330 1522/2386/2332
f 987/2385/2331 1522/2386/2332 988/2387/2333
f 988/2387/2333 1522/2386/2332 1518/2388/2334
f 988/2387/2333 1518/2388/2334 989/2389/2335
f 989/2389/2335 1518/2388/2334 1514/2390/2336
f 989/2389/2335 1514/2390/2336 990/2391/2337
f 990/2391/2337 1514/2390/2336 1510/2392/2338
f 990/2391/2337 1510/2392/2338 991/2393/2339
f 991/2393/2339 1510/2392/2338 1506/2394/2340
f 991/2393/2339 1506/2394/2340 992/2395/2341
f 992/2395/2341 1506/2394/2340 1502/2396/2342
f 992/2395/2341 1502/2396/2342 993/2397/2343
f 993/2397/2343 1502/2396/2342 1498/2398/2344
f 993/2397/2343 1498/2398/2344 994/2399/2345
f 994/2399/2345 1498/2398/2344 1494/2400/2346
f 994/2399/2345 1494/2400/2346 995/2401/2347
f 995/2401/2347 1494/2400/2346 1490/2402/2348
f 995/2401/2347 1490/2402/2348 996/2403/2349
f 996/2403/2349 1490/2402/2348 1486/2404/2350
f 996/2403/2349 1486/2404/2350 997/2355/2303
f 997/2355/2303 1486/2404/2350 1482/2356/2304
f 1455/2405/2351 1573/2406/2352 1454/2407/2353
f 1454/2407/2353 1573/2406/2352 1481/2408/2354
f 1454/2409/2353 1481/2410/2354 1477/2411/2355
f 1477/2411/2355 1481/2410/2354 1485/2412/2356
f 1477/2411/2355 1485/2412/2356 1476/2413/2357
f 1476/2413/2357 1485/2412/2356 1489/2414/2358
f 1476/2413/2357 1489/2414/2358 1475/2415/2359
f 1475/2415/2359 1489/2414/2358 1493/2416/2360
f 1475/2415/2359 1493/2416/2360 1474/2417/2361
f 1474/2417/2361 1493/2416/2360 1497/2418/2362
f 1474/2417/2361 1497/2418/2362 1473/2419/2363
f 1473/2419/2363 1497/2418/2362 1501/2420/2364
f 1473/2419/2363 1501/2420/2364 1472/2421/2365
f 1472/2421/2365 1501/2420/2364 1505/2422/2366
f 1472/2421/2365 1505/2422/2366 1471/2423/2367
f 1471/2423/2367 1505/2422/2366 1509/2424/2368
f 1471/2423/2367 1509/2424/2368 1470/2425/2369
f 1470/2425/2369 1509/2424/2368 1513/2426/2370
f 1470/2425/2369 1513/2426/2370 1469/2427/2371
f 1469/2427/2371 1513/2426/2370 1517/2428/2372
f 1469/2427/2371 1517/2428/2372 1468/2429/2373
f 1468/2429/2373 1517/2428/2372 1521/2430/2374
f 1468/2429/2373 1521/2430/2374 1467/2431/2375
f 1467/2431/2375 1521/2430/2374 1525/2432/2376
f 1467/2431/2375 1525/2432/2376 1466/2433/2377
f 1466/2433/2377 1525/2432/2376 1529/2434/2378
f 1466/2433/2377 1529/2434/2378 1465/2435/2379
f 1465/2435/2379 1529/2434/2378 1533/2436/2380
f 1465/2435/2379 1533/2436/2380 1464/2437/2381
f 1464/2437/2381 1533/2436/2380 1537/2438/2382
f 1464/2437/2381 1537/2438/2382 1463/2439/2383
f 1463/2439/2383 1537/2438/2382 1541/2440/2384
f 1463/2439/2383 1541/2440/2384 1462/2441/2385
f 1462/2441/2385 1541/2440/2384 1545/2442/2386
f 1462/2441/2385 1545/2442/2386 1461/2443/2387
f 1461/2443/2387 1545/2442/2386 1549/2444/2388
f 1461/2443/2387 1549/2444/2388 1460/2445/2389
f 1460/2445/2389 1549/2444/2388 1553/2446/2390
f 1460/2445/2389 1553/2446/2390 1459/2447/2391
f 1459/2447/2391 1553/2446/2390 1557/2448/2392
f 1459/2447/2391 1557/2448/2392 1458/2449/2393
f 1458/2449/2393 1557/2448/2392 1561/2450/2394
f 1458/2449/2393 1561/2450/2394 1457/2451/2395
f 1457/2451/2395 1561/2450/2394 1565/2452/2396
f 1457/2451/2395 1565/2452/2396 1456/2453/2397
f 1456/2453/2397 1565/2452/2396 1569/2454/2398
f 1456/2453/2397 1569/2454/2398 1455/2405/2351
f 1455/2405/2351 1569/2454/2398 1573/2406/2352
f 1478/2360/2306 1479/2455/2399 1570/2362/2308
f 1570/2362/2308 1479/2455/2399 1571/2456/2400
f 1570/2362/2308 1571/2456/2400 1566/2364/2310
f 1566/2364/2310 1571/2456/2400 1567/2457/2401
f 1566/2364/2310 1567/2457/2401 1562/2366/2312
f 1562/2366/2312 1567/2457/2401 1563/2458/2402
f 1562/2366/2312 1563/2458/2402 1558/2368/2314
f 1558/2368/2314 1563/2458/2402 1559/2459/2403
f 1558/2368/2314 1559/2459/2403 1554/2370/2316
f 1554/2370/2316 1559/2459/2403 1555/2460/2404
f 1554/2370/2316 1555/2460/2404 1550/2372/2318
f 1550/2372/2318 1555/2460/2404 1551/2461/2405
f 1550/2372/2318 1551/2461/2405 1546/2374/2320
f 1546/2374/2320 1551/2461/2405 1547/2462/2406
f 1546/2374/2320 1547/2462/2406 1542/2376/2322
f 1542/2376/2322 1547/2462/2406 1543/2463/2407
f 1542/2376/2322 1543/2463/2407 1538/2378/2324
f 1538/2378/2324 1543/2463/2407 1539/2464/2408
f 1538/2378/2324 1539/2464/2408 1534/2380/2326
f 1534/2380/2326 1539/2464/2408 1535/2465/2409
f 1534/2380/2326 1535/2465/2409 1530/2382/2328
f 1530/2382/2328 1535/2465/2409 1531/2466/2410
f 1530/2382/2328 1531/2466/2410 1526/2384/2330
f 1526/2384/2330 1531/2466/2410 1527/2467/2411
f 1526/2384/2330 1527/2467/2411 1522/2386/2332
f 1522/2386/2332 1527/2467/2411 1523/2468/2412
f 1522/2386/2332 1523/2468/2412 1518/2388/2334
f 1518/2388/2334 1523/2468/2412 1519/2469/2413
f 1518/2388/2334 1519/2469/2413 1514/2390/2336
f 1514/2390/2336 1519/2469/2413 1515/2470/2414
f 1514/2390/2336 1515/2470/2414 1510/2392/2338
f 1510/2392/2338 1515/2470/2414 1511/2471/2415
f 1510/2392/2338 1511/2471/2415 1506/2394/2340
f 1506/2394/2340 1511/2471/2415 1507/2472/2416
f 1506/2394/2340 1507/2472/2416 1502/2396/2342
f 1502/2396/2342 1507/2472/2416 1503/2473/2417
f 1502/2396/2342 1503/2473/2417 1498/2398/2344
f 1498/2398/2344 1503/2473/2417 1499/2474/2418
f 1498/2398/2344 1499/2474/2418 1494/2400/2346
f 1494/2400/2346 1499/2474/2418 1495/2475/2419
f 1494/2400/2346 1495/2475/2419 1490/2402/2348
f 1490/2402/2348 1495/2475/2419 1491/2476/2420
f 1490/2402/2348 1491/2476/2420 1486/2404/2350
f 1486/2404/2350 1491/2476/2420 1487/2477/2421
f 1486/2404/2350 1487/2477/2421 1482/2356/2304
f 1482/2356/2304 1487/2477/2421 1483/2478/2422
f 1482/2356/2304 1483/2478/2422 1478/2358/2306
f 1478/2358/2306 1483/2478/2422 1479/2479/2399
f 1479/2455/2399 1480/2480/2423 1571/2456/2400
f 1571/2456/2400 1480/2480/2423 1572/2481/2424
f 1571/2456/2400 1572/2481/2424 1567/2457/2401
f 1567/2457/2401 1572/2481/2424 1568/2482/2425
f 1567/2457/2401 1568/2482/2425 1563/2458/2402
f 1563/2458/2402 1568/2482/2425 1564/2483/2426
f 1563/2458/2402 1564/2483/2426 1559/2459/2403
f 1559/2459/2403 1564/2483/2426 1560/2484/2427
f 1559/2459/2403 1560/2484/2427 1555/2460/2404
f 1555/2460/2404 1560/2484/2427 1556/2485/2428
f 1555/2460/2404 1556/2485/2428 1551/2461/2405
f 1551/2461/2405 1556/2485/2428 1552/2486/2429
f 1551/2461/2405 1552/2486/2429 1547/2462/2406
f 1547/2462/2406 1552/2486/2429 1548/2487/2430
f 1547/2462/2406 1548/2487/2430 1543/2463/2407
f 1543/2463/2407 1548/2487/2430 1544/2488/2431
f 1543/2463/2407 1544/2488/2431 1539/2464/2408
f 1539/2464/2408 1544/2488/2431 1540/2489/2432
f 1539/2464/2408 1540/2489/2432 1535/2465/2409
f 1535/2465/2409 1540/2489/2432 1536/2490/2433
f 1535/2465/2409 1536/2490/2433 1531/2466/2410
f 1531/2466/2410 1536/2490/2433 1532/2491/2434
f 1531/2466/2410 1532/2491/2434 1527/2467/2411
f 1527/2467/2411 1532/2491/2434 1528/2492/2435
f 1527/2467/2411 1528/2492/2435 1523/2468/2412
f 1523/2468/2412 1528/2492/2435 1524/2493/2436
f 1523/2468/2412 1524/2493/2436 1519/2469/2413
f 1519/2469/2413 1524/2493/2436 1520/2494/2437
f 1519/2469/2413 1520/2494/2437 1515/2470/2414
f 1515/2470/2414 1520/2494/2437 1516/2495/2438
f 1515/2470/2414 1516/2495/2438 1511/2471/2415
f 1511/2471/2415 1516/2495/2438 1512/2496/2439
f 1511/2471/2415 1512/2496/2439 1507/2472/2416
f 1507/2472/2416 1512/2496/2439 1508/2497/2440
f 1507/2472/2416 1508/2497/2440 1503/2473/2417
f 1503/2473/2417 1508/2497/2440 1504/2498/2441
f 1503/2473/2417 1504/2498/2441 1499/2474/2418
f 1499/2474/2418 1504/2498/2441 1500/2499/2442
f 1499/2474/2418 1500/2499/2442 1495/2475/2419
f 1495/2475/2419 1500/2499/2442 1496/2500/2443
f 1495/2475/2419 1496/2500/2443 1491/2476/2420
f 1491/2476/2420 1496/2500/2443 1492/2501/2444
f 1491/2476/2420 1492/2501/2444 1487/2477/2421
f 1487/2477/2421 1492/2501/2444 1488/2502/2445
f 1487/2477/2421 1488/2502/2445 1483/2478/2422
f 1483/2478/2422 1488/2502/2445 1484/2503/2446
f 1483/2478/2422 1484/2503/2446 1479/2479/2399
f 1479/2479/2399 1484/2503/2446 1480/2504/2423
f 1480/2480/2423 1481/2408/2354 1572/2481/2424
f 1572/2481/2424 1481/2408/2354 1573/2406/2352
f 1572/2481/2424 1573/2406/2352 1568/2482/2425
f 1568/2482/2425 1573/2406/2352 1569/2454/2398
f 1568/2482/2425 1569/2454/2398 1564/2483/2426
f 1564/2483/2426 1569/2454/2398 1565/2452/2396
f 1564/2483/2426 1565/2452/2396 1560/2484/2427
f 1560/2484/2427 1565/2452/2396 1561/2450/2394
f 1560/2484/2427 1561/2450/2394 1556/2485/2428
f 1556/2485/2428 1561/2450/2394 1557/2448/2392
f 1556/2485/2428 1557/2448/2392 1552/2486/2429
f 1552/2486/2429 1557/2448/2392 1553/2446/2390
f 1552/2486/2429 1553/2446/2390 1548/2487/2430
f 1548/2487/2430 1553/2446/2390 1549/2444/2388
f 1548/2487/2430 1549/2444/2388 1544/2488/2431
f 1544/2488/2431 1549/2444/2388 1545/2442/2386
f 1544/2488/2431 1545/2442/2386 1540/2489/2432
f 1540/2489/2432 1545/2442/2386 1541/2440/2384
f 1540/2489/2432 1541/2440/2384 1536/2490/2433
f 1536/2490/2433 1541/2440/2384 1537/2438/2382
f 1536/2490/2433 1537/2438/2382 1532/2491/2434
f 1532/2491/2434 1537/2438/2382 1533/2436/2380
f 1532/2491/2434 1533/2436/2380 1528/2492/2435
f 1528/2492/2435 1533/2436/2380 1529/2434/2378
f 1528/2492/2435 1529/2434/2378 1524/2493/2436
f 1524/2493/2436 1529/2434/2378 1525/2432/2376
f 1524/2493/2436 1525/2432/2376 1520/2494/2437
f 1520/2494/2437 1525/2432/2376 1521/2430/2374
f 1520/2494/2437 1521/2430/2374 1516/2495/2438
f 1516/2495/2438 1521/2430/2374 1517/2428/2372
f 1516/2495/2438 1517/2428/2372 1512/2496/2439
f 1512/2496/2439 1517/2428/2372 1513/2426/2370
f 1512/2496/2439 1513/2426/2370 1508/2497/2440
f 1508/2497/2440 1513/2426/2370 1509/2424/2368
f 1508/2497/2440 1509/2424/2368 1504/2498/2441
f 1504/2498/2441 1509/2424/2368 1505/2422/2366
f 1504/2498/2441 1505/2422/2366 1500/2499/2442
f 1500/2499/2442 1505/2422/2366 1501/2420/2364
f 1500/2499/2442 1501/2420/2364 1496/2500/2443
f 1496/2500/2443 1501/2420/2364 1497/2418/2362
f 1496/2500/2443 1497/2418/2362 1492/2501/2444
f 1492/2501/2444 1497/2418/2362 1493/2416/2360
f 1492/2501/2444 1493/2416/2360 1488/2502/2445
f 1488/2502/2445 1493/2416/2360 1489/2414/2358
f 1488/2502/2445 1489/2414/2358 1484/2503/2446
f 1484/2503/2446 1489/2414/2358 1485/2412/2356
f 1484/2503/2446 1485/2412/2356 1480/2504/2423
f 1480/2504/2423 1485/2412/2356 1481/2410/2354
f 1141/2505/2447 1602/2506/2448 1118/2507/2449
f 1118/2507/2449 1602/2506/2448 1598/2508/2450
f 1118/2509/2449 1598/2510/2450 1119/2511/2451
f 1119/2511/2451 1598/2510/2450 1690/2512/2452
f 1119/2511/2451 1690/2512/2452 1120/2513/2453
f 1120/2513/2453 1690/2512/2452 1686/2514/2454
f 1120/2513/2453 1686/2514/2454 1121/2515/2455
f 1121/2515/2455 1686/2514/2454 1682/2516/2456
f 1121/2515/2455 1682/2516/2456 1122/2517/2457
f 1122/2517/2457 1682/2516/2456 1678/2518/2458
f 1122/2517/2457 1678/2518/2458 1123/2519/2459
f 1123/2519/2459 1678/2518/2458 1674/2520/2460
f 1123/2519/2459 1674/2520/2460 1124/2521/2461
f 1124/2521/2461 1674/2520/2460 1670/2522/2462
f 1124/2521/2461 1670/2522/2462 1125/2523/2463
f 1125/2523/2463 1670/2522/2462 1666/2524/2464
f 1125/2523/2463 1666/2524/2464 1126/2525/2465
f 1126/2525/2465 1666/2524/2464 1662/2526/2466
f 1126/2525/2465 1662/2526/2466 1127/2527/2467
f 1127/2527/2467 1662/2526/2466 1658/2528/2468
f 1127/2527/2467 1658/2528/2468 1128/2529/2469
f 1128/2529/2469 1658/2528/2468 1654/2530/2470
f 1128/2529/2469 1654/2530/2470 1129/2531/2471
f 1129/2531/2471 1654/2530/2470 1650/2532/2472
f 1129/2531/2471 1650/2532/2472 1130/2533/2473
f 1130/2533/2473 1650/2532/2472 1646/2534/2474
f 1130/2533/2473 1646/2534/2474 1131/2535/2475
f 1131/2535/2475 1646/2534/2474 1642/2536/2476
f 1131/2535/2475 1642/2536/2476 1132/2537/2477
f 1132/2537/2477 1642/2536/2476 1638/2538/2478
f 1132/2537/2477 1638/2538/2478 1133/2539/2479
f 1133/2539/2479 1638/2538/2478 1634/2540/2480
f 1133/2539/2479 1634/2540/2480 1134/2541/2481
f 1134/2541/2481 1634/2540/2480 1630/2542/2482
f 1134/2541/2481 1630/2542/2482 1135/2543/2483
f 1135/2543/2483 1630/2542/2482 1626/2544/2484
f 1135/2543/2483 1626/2544/2484 1136/2545/2485
f 1136/2545/2485 1626/2544/2484 1622/2546/2486
f 1136/2545/2485 1622/2546/2486 1137/2547/2487
f 1137/2547/2487 1622/2546/2486 1618/2548/2488
f 1137/2547/2487 1618/2548/2488 1138/2549/2489
f 1138/2549/2489 1618/2548/2488 1614/2550/2490
f 1138/2549/2489 1614/2550/2490 1139/2551/2491
f 1139/2551/2491 1614/2550/2490 1610/2552/2492
f 1139/2551/2491 1610/2552/2492 1140/2553/2493
f 1140/2553/2493 1610/2552/2492 1606/2554/2494
f 1140/2553/2493 1606/2554/2494 1141/2505/2447
f 1141/2505/2447 1606/2554/2494 1602/2506/2448
f 1575/2555/2495 1693/2556/2496 1574/2557/2497
f 1574/2557/2497 1693/2556/2496 1601/2558/2498
f 1574/2559/2497 1601/2560/2498 1597/2561/2499
f 1597/2561/2499 1601/2560/2498 1605/2562/2500
f 1597/2561/2499 1605/2562/2500 1596/2563/2501
f 1596/2563/2501 1605/2562/2500 1609/2564/2502
f 1596/2563/2501 1609/2564/2502 1595/2565/2503
f 1595/2565/2503 1609/2564/2502 1613/2566/2504
f 1595/2565/2503 1613/2566/2504 1594/2567/2505
f 1594/2567/2505 1613/2566/2504 1617/2568/2506
f 1594/2567/2505 1617/2568/2506 1593/2569/2507
f 1593/2569/2507 1617/2568/2506 1621/2570/2508
f 1593/2569/2507 1621/2570/2508 1592/2571/2509
f 1592/2571/2509 1621/2570/2508 1625/2572/2510
f 1592/2571/2509 1625/2572/2510 1591/2573/2511
f 1591/2573/2511 1625/2572/2510 1629/2574/2512
f 1591/2573/2511 1629/2574/2512 1590/2575/2513
f 1590/2575/2513 1629/2574/2512 1633/2576/2514
f 1590/2575/2513 1633/2576/2514 1589/2577/2515
f 1589/2577/2515 1633/2576/2514 1637/2578/2516
f 1589/2577/2515 1637/2578/2516 1588/2579/2517
f 1588/2579/2517 1637/2578/2516 1641/2580/2518
f 1588/2579/2517 1641/2580/2518 1587/2581/2519
f 1587/2581/2519 1641/2580/2518 1645/2582/2520
f 1587/2581/2519 1645/2582/2520 1586/2583/2521
f 1586/2583/2521 1645/2582/2520 1649/2584/2522
f 1586/2583/2521 1649/2584/2522 1585/2585/2523
f 1585/2585/2523 1649/2584/2522 1653/2586/2524
f 1585/2585/2523 1653/2586/2524 1584/2587/2525
f 1584/2587/2525 1653/2586/2524 1657/2588/2526
f 1584/2587/2525 1657/2588/2526 1583/2589/2527
f 1583/2589/2527 1657/2588/2526 1661/2590/2528
f 1583/2589/2527 1661/2590/2528 1582/2591/2529
f 1582/2591/2529 1661/2590/2528 1665/2592/2530
f 1582/2591/2529 1665/2592/2530 1581/2593/2531
f 1581/2593/2531 1665/2592/2530 1669/2594/2532
f 1581/2593/2531 1669/2594/2532 1580/2595/2533
f 1580/2595/2533 1669/2594/2532 1673/2596/2534
f 1580/2595/2533 1673/2596/2534 1579/2597/2535
f 1579/2597/2535 1673/2596/2534 1677/2598/2536
f 1579/2597/2535 1677/2598/2536 1578/2599/2537
f 1578/2599/2537 1677/2598/2536 1681/2600/2538
f 1578/2599/2537 1681/2600/2538 1577/2601/2539
f 1577/2601/2539 1681/2600/2538 1685/2602/2540
f 1577/2601/2539 1685/2602/2540 1576/2603/2541
f 1576/2603/2541 1685/2602/2540 1689/2604/2542
f 1576/2603/2541 1689/2604/2542 1575/2555/2495
f 1575/2555/2495 1689/2604/2542 1693/2556/2496
f 1598/2510/2450 1599/2605/2543 1690/2512/2452
f 1690/2512/2452 1599/2605/2543 1691/2606/2544
f 1690/2512/2452 1691/2606/2544 1686/2514/2454
f 1686/2514/2454 1691/2606/2544 1687/2607/2545
f 1686/2514/2454 1687/2607/2545 1682/2516/2456
f 1682/2516/2456 1687/2607/2545 1683/2608/2546
f 1682/2516/2456 1683/2608/2546 1678/2518/2458
f 1678/2518/2458 1683/2608/2546 1679/2609/2547
f 1678/2518/2458 1679/2609/2547 1674/2520/2460
f 1674/2520/2460 1679/2609/2547 1675/2610/2548
f 1674/2520/2460 1675/2610/2548 1670/2522/2462
f 1670/2522/2462 1675/2610/2548 1671/2611/2549
f 1670/2522/2462 1671/2611/2549 1666/2524/2464
f 1666/2524/2464 1671/2611/2549 1667/2612/2550
f 1666/2524/2464 1667/2612/2550 1662/2526/2466
f 1662/2526/2466 1667/2612/2550 1663/2613/2551
f 1662/2526/2466 1663/2613/2551 1658/2528/2468
f 1658/2528/2468 1663/2613/2551 1659/2614/2552
f 1658/2528/2468 1659/2614/2552 1654/2530/2470
f 1654/2530/2470 1659/2614/2552 1655/2615/2553
f 1654/2530/2470 1655/2615/2553 1650/2532/2472
f 1650/2532/2472 1655/2615/2553 1651/2616/2554
f 1650/2532/2472 1651/2616/2554 1646/2534/2474
f 1646/2534/2474 1651/2616/2554 1647/2617/2555
f 1646/2534/2474 1647/2617/2555 1642/2536/2476
f 1642/2536/2476 1647/2617/2555 1643/2618/2556
f 1642/2536/2476 1643/2618/2556 1638/2538/2478
f 1638/2538/2478 1643/2618/2556 1639/2619/2557
f 1638/2538/2478 1639/2619/2557 1634/2540/2480
f 1634/2540/2480 1639/2619/2557 1635/2620/2558
f 1634/2540/2480 1635/2620/2558 1630/2542/2482
f 1630/2542/2482 1635/2620/2558 1631/2621/2559
f 1630/2542/2482 1631/2621/2559 1626/2544/2484
f 1626/2544/2484 1631/2621/2559 1627/2622/2560
f 1626/2544/2484 1627/2622/2560 1622/2546/2486
f 1622/2546/2486 1627/2622/2560 1623/2623/2561
f 1622/2546/2486 1623/2623/2561 1618/2548/2488
f 1618/2548/2488 1623/2623/2561 1619/2624/2562
f 1618/2548/2488 1619/2624/2562 1614/2550/2490
f 1614/2550/2490 1619/2624/2562 1615/2625/2563
f 1614/2550/2490 1615/2625/2563 1610/2552/2492
f 1610/2552/2492 1615/2625/2563 1611/2626/2564
f 1610/2552/2492 1611/2626/2564 1606/2554/2494
f 1606/2554/2494 1611/2626/2564 1607/2627/2565
f 1606/2554/2494 1607/2627/2565 1602/2506/2448
f 1602/2506/2448 1607/2627/2565 1603/2628/2566
f 1602/2506/2448 1603/2628/2566 1598/2508/2450
f 1598/2508/2450 1603/2628/2566 1599/2629/2543
f 1599/2605/2543 1600/2630/2567 1691/2606/2544
f 1691/2606/2544 1600/2630/2567 1692/2631/2568
f 1691/2606/2544 1692/2631/2568 1687/2607/2545
f 1687/2607/2545 1692/2631/2568 1688/2632/2569
f 1687/2607/2545 1688/2632/2569 1683/2608/2546
f 1683/2608/2546 1688/2632/2569 1684/2633/2570
f 1683/2608/2546 1684/2633/2570 1679/2609/2547
f 1679/2609/2547 1684/2633/2570 1680/2634/2571
f 1679/2609/2547 1680/2634/2571 1675/2610/2548
f 1675/2610/2548 1680/2634/2571 1676/2635/2572
f 1675/2610/2548 1676/2635/2572 1671/2611/2549
f 1671/2611/2549 1676/2635/2572 1672/2636/2573
f 1671/2611/2549 1672/2636/2573 1667/2612/2550
f 1667/2612/2550 1672/2636/2573 1668/2637/2574
f 1667/2612/2550 1668/2637/2574 1663/2613/2551
f 1663/2613/2551 1668/2637/2574 1664/2638/2575
f 1663/2613/2551 1664/2638/2575 1659/2614/2552
f 1659/2614/2552 1664/2638/2575 1660/2639/2576
f 1659/2614/2552 1660/2639/2576 1655/2615/2553
f 1655/2615/2553 1660/2639/2576 1656/2640/2577
f 1655/2615/2553 1656/2640/2577 1651/2616/2554
f 1651/2616/2554 1656/2640/2577 1652/2641/2578
f 1651/2616/2554 1652/2641/2578 1647/2617/2555
f 1647/2617/2555 1652/2641/2578 1648/2642/2579
f 1647/2617/2555 1648/2642/2579 1643/2618/2556
f 1643/2618/2556 1648/2642/2579 1644/2643/2580
f 1643/2618/2556 1644/2643/2580 1639/2619/2557
f 1639/2619/2557 1644/2643/2580 1640/2644/2581
f 1639/2619/2557 1640/2644/2581 1635/2620/2558
f 1635/2620/2558 1640/2644/2581 1636/2645/2582
f 1635/2620/2558 1636/2645/2582 1631/2621/2559
f 1631/2621/2559 1636/2645/2582 1632/2646/2583
f 1631/2621/2559 1632/2646/2583 1627/2622/2560
f 1627/2622/2560 1632/2646/2583 1628/2647/2584
f 1627/2622/2560 1628/2647/2584 1623/2623/2561
f 1623/2623/2561 1628/2647/2584 1624/2648/2585
f 1623/2623/2561 1624/2648/2585 1619/2624/2562
f 1619/2624/2562 1624/2648/2585 1620/2649/2586
f 1619/2624/2562 1620/2649/2586 1615/2625/2563
f 1615/2625/2563 1620/2649/2586 1616/2650/2587
f 1615/2625/2563 1616/2650/2587 1611/2626/2564
f 1611/2626/2564 1616/2650/2587 1612/2651/2588
f 1611/2626/2564 1612/2651/2588 1607/2627/2565
f 1607/2627/2565 1612/2651/2588 1608/2652/2589
f 1607/2627/2565 1608/2652/2589 1603/2628/2566
f 1603/2628/2566 1608/2652/2589 1604/2653/2590
f 1603/2628/2566 1604/2653/2590 1599/2629/2543
f 1599/2629/2543 1604/2653/2590 1600/2654/2567
f 1600/2630/2567 1601/2558/2498 1692/2631/2568
f 1692/2631/2568 1601/2558/2498 1693/2556/2496
f 1692/2631/2568 1693/2556/2496 1688/2632/2569
f 1688/2632/2569 1693/2556/2496 1689/2604/2542
f 1688/2632/2569 1689/2604/2542 1684/2633/2570
f 1684/2633/2570 1689/2604/2542 1685/2602/2540
f 1684/2633/2570 1685/2602/2540 1680/2634/2571
f 1680/2634/2571 1685/2602/2540 1681/2600/2538
f 1680/2634/2571 1681/2600/2538 1676/2635/2572
f 1676/2635/2572 1681/2600/2538 1677/2598/2536
f 1676/2635/2572 1677/2598/2536 1672/2636/2573
f 1672/2636/2573 1677/2598/2536 1673/2596/2534
f 1672/2636/2573 1673/2596/2534 1668/2637/2574
f 1668/2637/2574 1673/2596/2534 1669/2594/2532
f 1668/2637/2574 1669/2594/2532 1664/2638/2575
f 1664/2638/2575 1669/2594/2532 1665/2592/2530
f 1664/2638/2575 1665/2592/2530 1660/2639/2576
f 1660/2639/2576 1665/2592/2530 1661/2590/2528
f 1660/2639/2576 1661/2590/2528 1656/2640/2577
f 1656/2640/2577 1661/2590/2528 1657/2588/2526
f 1656/2640/2577 1657/2588/2526 1652/2641/2578
f 1652/2641/2578 1657/2588/2526 1653/2586/2524
f 1652/2641/2578 1653/2586/2524 1648/2642/2579
f 1648/2642/2579 1653/2586/2524 1649/2584/2522
f 1648/2642/2579 1649/2584/2522 1644/2643/2580
f 1644/2643/2580 1649/2584/2522 1645/2582/2520
f 1644/2643/2580 1645/2582/2520 1640/2644/2581
f 1640/2644/2581 1645/2582/2520 1641/2580/2518
f 1640/2644/2581 1641/2580/2518 1636/2645/2582
f 1636/2645/2582 1641/2580/2518 1637/2578/2516
f 1636/2645/2582 1637/2578/2516 1632/2646/2583
f 1632/2646/2583 1637/2578/2516 1633/2576/2514
f 1632/2646/2583 1633/2576/2514 1628/2647/2584
f 1628/2647/2584 1633/2576/2514 1629/2574/2512
f 1628/2647/2584 1629/2574/2512 1624/2648/2585
f 1624/2648/2585 1629/2574/2512 1625/2572/2510
f 1624/2648/2585 1625/2572/2510 1620/2649/2586
f 1620/2649/2586 1625/2572/2510 1621/2570/2508
f 1620/2649/2586 1621/2570/2508 1616/2650/2587
f 1616/2650/2587 1621/2570/2508 1617/2568/2506
f 1616/2650/2587 1617/2568/2506 1612/2651/2588
f 1612/2651/2588 1617/2568/2506 1613/2566/2504
f 1612/2651/2588 1613/2566/2504 1608/2652/2589
f 1608/2652/2589 1613/2566/2504 1609/2564/2502
f 1608/2652/2589 1609/2564/2502 1604/2653/2590
f 1604/2653/2590 1609/2564/2502 1605/2562/2500
f 1604/2653/2590 1605/2562/2500 1600/2654/2567
f 1600/2654/2567 1605/2562/2500 1601/2560/2498
f 1713/2655/2591 1694/2656/2592 1712/2657/2593
f 1712/2657/2593 1694/2656/2592 1695/2658/2594
f 1712/2657/2593 1695/2658/2594 1711/2659/2595
f 1711/2659/2595 1695/2658/2594 1696/2660/2596
f 1711/2659/2595 1696/2660/2596 1710/2661/2597
f 1710/2661/2597 1696/2660/2596 1697/2662/2598
f 1710/2661/2597 1697/2662/2598 1709/2663/2599
f 1709/2663/2599 1697/2662/2598 1698/2664/2600
f 1709/2663/2599 1698/2664/2600 1708/2665/2601
f 1708/2665/2601 1698/2664/2600 1699/2666/2602
f 1708/2665/2601 1699/2666/2602 1707/2667/2603
f 1707/2667/2603 1699/2666/2602 1700/2668/2604
f 1707/2667/2603 1700/2668/2604 1706/2669/2605
f 1706/2669/2605 1700/2668/2604 1701/2670/2606
f 1706/2669/2605 1701/2670/2606 1705/2671/2607
f 1705/2671/2607 1701/2670/2606 1702/2672/2608
f 1705/2671/2607 1702/2672/2608 1704/2673/2609
f 1704/2673/2609 1702/2672/2608 1703/2674/2610
f 1743/2675/2611 1714/2676/2612 1744/2677/2613
f 1744/2677/2613 1714/2676/2612 1715/2678/2614
f 1744/2677/2613 1715/2678/2614 1745/2679/2615
f 1745/2679/2615 1715/2678/2614 1716/2680/2616
f 1745/2679/2615 1716/2680/2616 1746/2681/2617
f 1746/2681/2617 1716/2680/2616 1717/2682/2618
f 1746/2681/2617 1717/2682/2618 1747/2683/2619
f 1747/2683/2619 1717/2682/2618 1718/2684/2620
f 1747/2683/2619 1718/2684/2620 1748/2685/2621
f 1748/2685/2621 1718/2684/2620 1719/2686/2622
f 1748/2685/2621 1719/2686/2622 1749/2687/2623
f 1749/2687/2623 1719/2686/2622 1720/2688/2624
f 1749/2687/2623 1720/2688/2624 1750/2689/2625
f 1750/2689/2625 1720/2688/2624 1721/2690/2626
f 1750/2689/2625 1721/2690/2626 1751/2691/2627
f 1751/2691/2627 1721/2690/2626 1722/2692/2628
f 1751/2691/2627 1722/2692/2628 1752/2693/2629
f 1752/2693/2629 1722/2692/2628 1723/2694/2630
f 1752/2693/2629 1723/2694/2630 1753/2695/2631
f 1753/2695/2631 1723/2694/2630 1724/2696/2632
f 1753/2695/2631 1724/2696/2632 1754/2697/2633
f 1754/2697/2633 1724/2696/2632 1725/2698/2634
f 1754/2697/2633 1725/2698/2634 1755/2699/2635
f 1755/2699/2635 1725/2698/2634 1726/2700/2636
f 1755/2699/2635 1726/2700/2636 1756/2701/2637
f 1756/2701/2637 1726/2700/2636 1727/2702/2638
f 1756/2701/2637 1727/2702/2638 1757/2703/2639
f 1757/2703/2639 1727/2702/2638 1728/2704/2640
f 1757/2703/2639 1728/2704/2640 1694/2705/2641
f 1694/2705/2641 1713/2706/2642 1757/2703/2639
f 1757/2703/2639 1713/2706/2642 1729/2707/2643
f 1757/2703/2639 1729/2707/2643 1756/2701/2637
f 1756/2701/2637 1729/2707/2643 1730/2708/2644
f 1756/2701/2637 1730/2708/2644 1755/2699/2635
f 1755/2699/2635 1730/2708/2644 1731/2709/2645
f 1755/2699/2635 1731/2709/2645 1754/2697/2633
f 1754/2697/2633 1731/2709/2645 1732/2710/2646
f 1754/2697/2633 1732/2710/2646 1753/2695/2631
f 1753/2695/2631 1732/2710/2646 1733/2711/2647
f 1753/2695/2631 1733/2711/2647 1752/2693/2629
f 1752/2693/2629 1733/2711/2647 1734/2712/2648
f 1752/2693/2629 1734/2712/2648 1751/2691/2627
f 1751/2691/2627 1734/2712/2648 1735/2713/2649
f 1751/2691/2627 1735/2713/2649 1750/2689/2625
f 1750/2689/2625 1735/2713/2649 1736/2714/2650
f 1750/2689/2625 1736/2714/2650 1749/2687/2623
f 1749/2687/2623 1736/2714/2650 1737/2715/2651
f 1749/2687/2623 1737/2715/2651 1748/2685/2621
f 1748/2685/2621 1737/2715/2651 1738/2716/2652
f 1748/2685/2621 1738/2716/2652 1747/2683/2619
f 1747/2683/2619 1738/2716/2652 1739/2717/2653
f 1747/2683/2619 1739/2717/2653 1746/2681/2617
f 1746/2681/2617 1739/2717/2653 1740/2718/2654
f 1746/2681/2617 1740/2718/2654 1745/2679/2615
f 1745/2679/2615 1740/2718/2654 1741/2719/2655
f 1745/2679/2615 1741/2719/2655 1744/2677/2613
f 1744/2677/2613 1741/2719/2655 1742/2720/2656
f 1744/2677/2613 1742/2720/2656 1743/2675/2611
f 1775/2721/2657 1758/2722/2658 1774/2723/2659
f 1774/2723/2659 1758/2722/2658 1759/2724/2660
f 1774/2723/2659 1759/2724/2660 1773/2725/2661
f 1773/2725/2661 1759/2724/2660 1760/2726/2662
f 1773/2725/2661 1760/2726/2662 1772/2727/2663
f 1772/2727/2663 1760/2726/2662 1761/2728/2664
f 1772/2727/2663 1761/2728/2664 1771/2729/2665
f 1771/2729/2665 1761/2728/2664 1762/2730/2666
f 1771/2729/2665 1762/2730/2666 1770/2731/2667
f 1770/2731/2667 1762/2730/2666 1763/2732/2668
f 1770/2731/2667 1763/2732/2668 1769/2733/2669
f 1769/2733/2669 1763/2732/2668 1764/2734/2670
f 1769/2733/2669 1764/2734/2670 1768/2735/2671
f 1768/2735/2671 1764/2734/2670 1765/2736/2672
f 1768/2735/2671 1765/2736/2672 1767/2737/2673
f 1767/2737/2673 1765/2736/2672 1766/2738/2674
f 1767/2737/2673 1766/2738/2674 1743/2739/2675
f 1743/2739/2675 1766/2738/2674 1714/2740/2676
f 1805/2741/2677 1776/2742/2678 1806/2743/2679
f 1806/2743/2679 1776/2742/2678 1777/2744/2680
f 1806/2743/2679 1777/2744/2680 1807/2745/2681
f 1807/2745/2681 1777/2744/2680 1778/2746/2682
f 1807/2745/2681 1778/2746/2682 1808/2747/2683
f 1808/2747/2683 1778/2746/2682 1779/2748/2684
f 1808/2747/2683 1779/2748/2684 1809/2749/2685
f 1809/2749/2685 1779/2748/2684 1780/2750/2686
f 1809/2749/2685 1780/2750/2686 1810/2751/2687
f 1810/2751/2687 1780/2750/2686 1781/2752/2688
f 1810/2751/2687 1781/2752/2688 1811/2753/2689
f 1811/2753/2689 1781/2752/2688 1782/2754/2690
f 1811/2753/2689 1782/2754/2690 1812/2755/2691
f 1812/2755/2691 1782/2754/2690 1783/2756/2692
f 1812/2755/2691 1783/2756/2692 1813/2757/2693
f 1813/2757/2693 1783/2756/2692 1784/2758/2694
f 1813/2757/2693 1784/2758/2694 1814/2759/2695
f 1814/2759/2695 1784/2758/2694 1785/2760/2696
f 1814/2759/2695 1785/2760/2696 1815/2761/2697
f 1815/2761/2697 1785/2760/2696 1786/2762/2698
f 1815/2761/2697 1786/2762/2698 1816/2763/2699
f 1816/2763/2699 1786/2762/2698 1787/2764/2700
f 1816/2763/2699 1787/2764/2700 1817/2765/2701
f 1817/2765/2701 1787/2764/2700 1788/2766/2702
f 1817/2765/2701 1788/2766/2702 1818/2767/2703
f 1818/2767/2703 1788/2766/2702 1789/2768/2704
f 1818/2767/2703 1789/2768/2704 1819/2769/2705
f 1819/2769/2705 1789/2768/2704 1790/2770/2706
f 1819/2769/2705 1790/2770/2706 1758/2771/2707
f 1758/2771/2707 1775/2772/2708 1819/2769/2705
f 1819/2769/2705 1775/2772/2708 1791/2773/2709
f 1819/2769/2705 1791/2773/2709 1818/2767/2703
f 1818/2767/2703 1791/2773/2709 1792/2774/2710
f 1818/2767/2703 1792/2774/2710 1817/2765/2701
f 1817/2765/2701 1792/2774/2710 1793/2775/2711
f 1817/2765/2701 1793/2775/2711 1816/2763/2699
f 1816/2763/2699 1793/2775/2711 1794/2776/2712
f 1816/2763/2699 1794/2776/2712 1815/2761/2697
f 1815/2761/2697 1794/2776/2712 1795/2777/2713
f 1815/2761/2697 1795/2777/2713 1814/2759/2695
f 1814/2759/2695 1795/2777/2713 1796/2778/2714
f 1814/2759/2695 1796/2778/2714 1813/2757/2693
f 1813/2757/2693 1796/2778/2714 1797/2779/2715
f 1813/2757/2693 1797/2779/2715 1812/2755/2691
f 1812/2755/2691 1797/2779/2715 1798/2780/2716
f 1812/2755/2691 1798/2780/2716 1811/2753/2689
f 1811/2753/2689 1798/2780/2716 1799/2781/2717
f 1811/2753/2689 1799/2781/2717 1810/2751/2687
f 1810/2751/2687 1799/2781/2717 1800/2782/2718
f 1810/2751/2687 1800/2782/2718 1809/2749/2685
f 1809/2749/2685 1800/2782/2718 1801/2783/2719
f 1809/2749/2685 1801/2783/2719 1808/2747/2683
f 1808/2747/2683 1801/2783/2719 1802/2784/2720
f 1808/2747/2683 1802/2784/2720 1807/2745/2681
f 1807/2745/2681 1802/2784/2720 1803/2785/2721
f 1807/2745/2681 1803/2785/2721 1806/2743/2679
f 1806/2743/2679 1803/2785/2721 1804/2786/2722
f 1806/2743/2679 1804/2786/2722 1805/2741/2677
f 1837/2787/2723 1820/2788/2724 1836/2789/2725
f 1836/2789/2725 1820/2788/2724 1821/2790/2726
f 1836/2789/2725 1821/2790/2726 1835/2791/2727
f 1835/2791/2727 1821/2790/2726 1822/2792/2728
f 1835/2791/2727 1822/2792/2728 1834/2793/2729
f 1834/2793/2729 1822/2792/2728 1823/2794/2730
f 1834/2793/2729 1823/2794/2730 1833/2795/2731
f 1833/2795/2731 1823/2794/2730 1824/2796/2732
f 1833/2795/2731 1824/2796/2732 1832/2797/2733
f 1832/2797/2733 1824/2796/2732 1825/2798/2734
f 1832/2797/2733 1825/2798/2734 1831/2799/2735
f 1831/2799/2735 1825/2798/2734 1826/2800/2736
f 1831/2799/2735 1826/2800/2736 1830/2801/2737
f 1830/2801/2737 1826/2800/2736 1827/2802/2738
f 1830/2801/2737 1827/2802/2738 1829/2803/2739
f 1829/2803/2739 1827/2802/2738 1828/2804/2740
f 1829/2803/2739 1828/2804/2740 1805/2805/2741
f 1805/2805/2741 1828/2804/2740 1776/2806/2742
f 1867/2807/2743 1838/2808/2744 1868/2809/2745
f 1868/2809/2745 1838/2808/2744 1839/2810/2746
f 1868/2809/2745 1839/2810/2746 1869/2811/2747
f 1869/2811/2747 1839/2810/2746 1840/2812/2748
f 1869/2811/2747 1840/2812/2748 1870/2813/2749
f 1870/2813/2749 1840/2812/2748 1841/2814/2750
f 1870/2813/2749 1841/2814/2750 1871/2815/2751
f 1871/2815/2751 1841/2814/2750 1842/2816/2752
f 1871/2815/2751 1842/2816/2752 1872/2817/2753
f 1872/2817/2753 1842/2816/2752 1843/2818/2754
f 1872/2817/2753 1843/2818/2754 1873/2819/2755
f 1873/2819/2755 1843/2818/2754 1844/2820/2756
f 1873/2819/2755 1844/2820/2756 1874/2821/2757
f 1874/2821/2757 1844/2820/2756 1845/2822/2758
f 1874/2821/2757 1845/2822/2758 1875/2823/2759
f 1875/2823/2759 1845/2822/2758 1846/2824/2760
f 1875/2823/2759 1846/2824/2760 1876/2825/2761
f 1876/2825/2761 1846/2824/2760 1847/2826/2762
f 1876/2825/2761 1847/2826/2762 1877/2827/2763
f 1877/2827/2763 1847/2826/2762 1848/2828/2764
f 1877/2827/2763 1848/2828/2764 1878/2829/2765
f 1878/2829/2765 1848/2828/2764 1849/2830/2766
f 1878/2829/2765 1849/2830/2766 1879/2831/2767
f 1879/2831/2767 1849/2830/2766 1850/2832/2768
f 1879/2831/2767 1850/2832/2768 1880/2833/2769
f 1880/2833/2769 1850/2832/2768 1851/2834/2770
f 1880/2833/2769 1851/2834/2770 1881/2835/2771
f 1881/2835/2771 1851/2834/2770 1852/2836/2772
f 1881/2835/2771 1852/2836/2772 1820/2837/2773
f 1820/2837/2773 1837/2838/2774 1881/2835/2771
f 1881/2835/2771 1837/2838/2774 1853/2839/2775
f 1881/2835/2771 1853/2839/2775 1880/2833/2769
f 1880/2833/2769 1853/2839/2775 1854/2840/2776
f 1880/2833/2769 1854/2840/2776 1879/2831/2767
f 1879/2831/2767 1854/2840/2776 1855/2841/2777
f 1879/2831/2767 1855/2841/2777 1878/2829/2765
f 1878/2829/2765 1855/2841/2777 1856/2842/2778
f 1878/2829/2765 1856/2842/2778 1877/2827/2763
f 1877/2827/2763 1856/2842/2778 1857/2843/2779
f 1877/2827/2763 1857/2843/2779 1876/2825/2761
f 1876/2825/2761 1857/2843/2779 1858/2844/2780
f 1876/2825/2761 1858/2844/2780 1875/2823/2759
f 1875/2823/2759 1858/2844/2780 1859/2845/2781
f 1875/2823/2759 1859/2845/2781 1874/2821/2757
f 1874/2821/2757 1859/2845/2781 1860/2846/2782
f 1874/2821/2757 1860/2846/2782 1873/2819/2755
f 1873/2819/2755 1860/2846/2782 1861/2847/2783
f 1873/2819/2755 1861/2847/2783 1872/2817/2753
f 1872/2817/2753 1861/2847/2783 1862/2848/2784
f 1872/2817/2753 1862/2848/2784 1871/2815/2751
f 1871/2815/2751 1862/2848/2784 1863/2849/2785
f 1871/2815/2751 1863/2849/2785 1870/2813/2749
f 1870/2813/2749 1863/2849/2785 1864/2850/2786
f 1870/2813/2749 1864/2850/2786 1869/2811/2747
f 1869/2811/2747 1864/2850/2786 1865/2851/2787
f 1869/2811/2747 1865/2851/2787 1868/2809/2745
f 1868/2809/2745 1865/2851/2787 1866/2852/2788
f 1868/2809/2745 1866/2852/2788 1867/2807/2743
f 1899/2853/2789 1882/2854/2790 1898/2855/2791
f 1898/2855/2791 1882/2854/2790 1883/2856/2792
f 1898/2855/2791 1883/2856/2792 1897/2857/2793
f 1897/2857/2793 1883/2856/2792 1884/2858/2794
f 1897/2857/2793 1884/2858/2794 1896/2859/2795
f 1896/2859/2795 1884/2858/2794 1885/2860/2796
f 1896/2859/2795 1885/2860/2796 1895/2861/2797
f 1895/2861/2797 1885/2860/2796 1886/2862/2798
f 1895/2861/2797 1886/2862/2798 1894/2863/2799
f 1894/2863/2799 1886/2862/2798 1887/2864/2800
f 1894/2863/2799 1887/2864/2800 1893/2865/2801
f 1893/2865/2801 1887/2864/2800 1888/2866/2802
f 1893/2865/2801 1888/2866/2802 1892/2867/2803
f 1892/2867/2803 1888/2866/2802 1889/2868/2804
f 1892/2867/2803 1889/2868/2804 1891/2869/2805
f 1891/2869/2805 1889/2868/2804 1890/2870/2806
f 1891/2869/2805 1890/2870/2806 1867/2871/2807
f 1867/2871/2807 1890/2870/2806 1838/2872/2808
f 1704/2873/2809 1703/2874/2810 1928/2875/2811
f 1928/2875/2811 1703/2874/2810 1900/2876/2812
f 1928/2875/2811 1900/2876/2812 1929/2877/2813
f 1929/2877/2813 1900/2876/2812 1901/2878/2814
f 1929/2877/2813 1901/2878/2814 1930/2879/2815
f 1930/2879/2815 1901/2878/2814 1902/2880/2816
f 1930/2879/2815 1902/2880/2816 1931/2881/2817
f 1931/2881/2817 1902/2880/2816 1903/2882/2818
f 1931/2881/2817 1903/2882/2818 1932/2883/2819
f 1932/2883/2819 1903/2882/2818 1904/2884/2820
f 1932/2883/2819 1904/2884/2820 1933/2885/2821
f 1933/2885/2821 1904/2884/2820 1905/2886/2822
f 1933/2885/2821 1905/2886/2822 1934/2887/2823
f 1934/2887/2823 1905/2886/2822 1906/2888/2824
f 1934/2887/2823 1906/2888/2824 1935/2889/2825
f 1935/2889/2825 1906/2888/2824 1907/2890/2826
f 1935/2889/2825 1907/2890/2826 1936/2891/2827
f 1936/2891/2827 1907/2890/2826 1908/2892/2828
f 1936/2891/2827 1908/2892/2828 1937/2893/2829
f 1937/2893/2829 1908/2892/2828 1909/2894/2830
f 1937/2893/2829 1909/2894/2830 1938/2895/2831
f 1938/2895/2831 1909/2894/2830 1910/2896/2832
f 1938/2895/2831 1910/2896/2832 1939/2897/2833
f 1939/2897/2833 1910/2896/2832 1911/2898/2834
f 1939/2897/2833 1911/2898/2834 1940/2899/2835
f 1940/2899/2835 1911/2898/2834 1912/2900/2836
f 1940/2899/2835 1912/2900/2836 1941/2901/2837
f 1941/2901/2837 1912/2900/2836 1913/2902/2838
f 1941/2901/2837 1913/2902/2838 1882/2903/2839
f 1882/2903/2839 1899/2904/2840 1941/2901/2837
f 1941/2901/2837 1899/2904/2840 1914/2905/2841
f 1941/2901/2837 1914/2905/2841 1940/2899/2835
f 1940/2899/2835 1914/2905/2841 1915/2906/2842
f 1940/2899/2835 1915/2906/2842 1939/2897/2833
f 1939/2897/2833 1915/2906/2842 1916/2907/2843
f 1939/2897/2833 1916/2907/2843 1938/2895/2831
f 1938/2895/2831 1916/2907/2843 1917/2908/2844
f 1938/2895/2831 1917/2908/2844 1937/2893/2829
f 1937/2893/2829 1917/2908/2844 1918/2909/2845
f 1937/2893/2829 1918/2909/2845 1936/2891/2827
f 1936/2891/2827 1918/2909/2845 1919/2910/2846
f 1936/2891/2827 1919/2910/2846 1935/2889/2825
f 1935/2889/2825 1919/2910/2846 1920/2911/2847
f 1935/2889/2825 1920/2911/2847 1934/2887/2823
f 1934/2887/2823 1920/2911/2847 1921/2912/2848
f 1934/2887/2823 1921/2912/2848 1933/2885/2821
f 1933/2885/2821 1921/2912/2848 1922/2913/2849
f 1933/2885/2821 1922/2913/2849 1932/2883/2819
f 1932/2883/2819 1922/2913/2849 1923/2914/2850
f 1932/2883/2819 1923/2914/2850 1931/2881/2817
f 1931/2881/2817 1923/2914/2850 1924/2915/2851
f 1931/2881/2817 1924/2915/2851 1930/2879/2815
f 1930/2879/2815 1924/2915/2851 1925/2916/2852
f 1930/2879/2815 1925/2916/2852 1929/2877/2813
f 1929/2877/2813 1925/2916/2852 1926/2917/2853
f 1929/2877/2813 1926/2917/2853 1928/2875/2811
f 1928/2875/2811 1926/2917/2853 1927/2918/2854
f 1928/2875/2811 1927/2918/2854 1704/2873/2809
f 1927/2919/2855 1222/2920/2856 1704/2921/2857
f 1704/2921/2857 1222/2920/2856 1221/2922/2858
f 1704/2921/2857 1221/2922/2858 1220/2923/2859
f 1222/2920/2856 1927/2919/2855 1223/2924/2860
f 1223/2924/2860 1927/2919/2855 1926/2925/2861
f 1223/2924/2860 1926/2925/2861 1224/2926/2862
f 1224/2926/2862 1926/2925/2861 1925/2927/2863
f 1224/2926/2862 1925/2927/2863 1225/2928/2864
f 1225/2928/2864 1925/2927/2863 1924/2929/2865
f 1225/2928/2864 1924/2929/2865 1226/2930/2866
f 1226/2930/2866 1924/2929/2865 1923/2931/2867
f 1226/2930/2866 1923/2931/2867 1227/2932/2868
f 1227/2932/2868 1923/2931/2867 1922/2933/2869
f 1227/2932/2868 1922/2933/2869 1228/2934/2870
f 1228/2934/2870 1922/2933/2869 1921/2935/2871
f 1228/2934/2870 1921/2935/2871 1229/2936/2872
f 1229/2936/2872 1921/2935/2871 1920/2937/2873
f 1229/2936/2872 1920/2937/2873 1230/2938/2874
f 1230/2938/2874 1920/2937/2873 1919/2939/2875
f 1230/2938/2874 1919/2939/2875 1231/2940/2876
f 1231/2940/2876 1919/2939/2875 1918/2941/2877
f 1231/2940/2876 1918/2941/2877 1232/2942/2878
f 1232/2942/2878 1918/2941/2877 1917/2943/2879
f 1232/2942/2878 1917/2943/2879 1233/2944/2880
f 1233/2944/2880 1917/2943/2879 1916/2945/2881
f 1233/2944/2880 1916/2945/2881 1234/2946/2882
f 1234/2946/2882 1916/2945/2881 1915/2947/2883
f 1234/2946/2882 1915/2947/2883 1235/2948/2884
f 1235/2948/2884 1915/2947/2883 1914/2949/2885
f 1235/2948/2884 1914/2949/2885 1236/2950/2886
f 1236/2950/2886 1914/2949/2885 1899/2951/2887
f 1236/2950/2886 1899/2951/2887 1237/2952/2888
f 1237/2952/2888 1899/2951/2887 1214/2953/2889
f 1214/2953/2889 1899/2951/2887 1215/2954/2890
f 1215/2954/2890 1899/2951/2887 1216/2955/2891
f 1216/2955/2891 1899/2951/2887 1898/2956/2892
f 1216/2955/2891 1898/2956/2892 1217/2957/2893
f 1217/2957/2893 1898/2956/2892 1897/2958/2894
f 1217/2957/2893 1897/2958/2894 1896/2959/2895
f 1896/2959/2895 1895/2960/2896 1217/2957/2893
f 1217/2957/2893 1895/2960/2896 1894/2961/2897
f 1217/2957/2893 1894/2961/2897 1337/2962/2898
f 1337/2962/2898 1894/2961/2897 1893/2963/2899
f 1337/2962/2898 1893/2963/2899 1892/2964/2900
f 1892/2964/2900 1891/2965/2901 1337/2962/2898
f 1337/2962/2898 1891/2965/2901 1338/2966/2902
f 1338/2966/2902 1891/2965/2901 1867/2967/2903
f 1338/2966/2902 1867/2967/2903 1339/2968/2904
f 1339/2968/2904 1867/2967/2903 1340/2969/2905
f 1340/2969/2905 1867/2967/2903 1341/2970/2906
f 1341/2970/2906 1867/2967/2903 1342/2971/2907
f 1342/2971/2907 1867/2967/2903 1866/2972/2908
f 1342/2971/2907 1866/2972/2908 1343/2973/2909
f 1343/2973/2909 1866/2972/2908 1865/2974/2910
f 1343/2973/2909 1865/2974/2910 1344/2975/2911
f 1344/2975/2911 1865/2974/2910 1864/2976/2912
f 1344/2975/2911 1864/2976/2912 1345/2977/2913
f 1345/2977/2913 1864/2976/2912 1863/2978/2914
f 1345/2977/2913 1863/2978/2914 1346/2979/2915
f 1346/2979/2915 1863/2978/2914 1862/2980/2916
f 1346/2979/2915 1862/2980/2916 1347/2981/2917
f 1347/2981/2917 1862/2980/2916 1861/2982/2918
f 1347/2981/2917 1861/2982/2918 1348/2983/2919
f 1348/2983/2919 1861/2982/2918 1860/2984/2920
f 1348/2983/2919 1860/2984/2920 1349/2985/2921
f 1349/2985/2921 1860/2984/2920 1859/2986/2922
f 1349/2985/2921 1859/2986/2922 1350/2987/2923
f 1350/2987/2923 1859/2986/2922 1858/2988/2924
f 1350/2987/2923 1858/2988/2924 1351/2989/2925
f 1351/2989/2925 1858/2988/2924 1857/2990/2926
f 1351/2989/2925 1857/2990/2926 1352/2991/2927
f 1352/2991/2927 1857/2990/2926 1856/2992/2928
f 1352/2991/2927 1856/2992/2928 1353/2993/2929
f 1353/2993/2929 1856/2992/2928 1855/2994/2930
f 1353/2993/2929 1855/2994/2930 1354/2995/2931
f 1354/2995/2931 1855/2994/2930 1854/2996/2932
f 1354/2995/2931 1854/2996/2932 1355/2997/2933
f 1355/2997/2933 1854/2996/2932 1853/2998/2934
f 1355/2997/2933 1853/2998/2934 1356/2999/2935
f 1356/2999/2935 1853/2998/2934 1837/3000/2936
f 1356/2999/2935 1837/3000/2936 1357/3001/2937
f 1357/3001/2937 1837/3000/2936 1334/3002/2938
f 1334/3002/2938 1837/3000/2936 1335/3003/2939
f 1335/3003/2939 1837/3000/2936 1336/3004/2940
f 1336/3004/2940 1837/3000/2936 1836/3005/2941
f 1336/3004/2940 1836/3005/2941 1337/2962/2898
f 1337/2962/2898 1836/3005/2941 1835/3006/2942
f 1337/2962/2898 1835/3006/2942 1834/3007/2943
f 1834/3007/2943 1833/3008/2944 1337/2962/2898
f 1337/2962/2898 1833/3008/2944 1832/3009/2945
f 1337/2962/2898 1832/3009/2945 1217/2957/2893
f 1217/2957/2893 1832/3009/2945 1577/3010/2946
f 1217/2957/2893 1577/3010/2946 1706/3011/2947
f 1706/3011/2947 1577/3010/2946 1771/3012/2948
f 1706/3011/2947 1771/3012/2948 1457/3013/2949
f 1457/3013/2949 1771/3012/2948 1770/3014/2950
f 1457/3013/2949 1770/3014/2950 1769/3015/2951
f 1832/3009/2945 1831/3016/2952 1577/3010/2946
f 1577/3010/2946 1831/3016/2952 1830/3017/2953
f 1577/3010/2946 1830/3017/2953 1829/3018/2954
f 1577/3010/2946 1829/3018/2954 1578/3019/2955
f 1578/3019/2955 1829/3018/2954 1805/3020/2956
f 1578/3019/2955 1805/3020/2956 1579/3021/2957
f 1579/3021/2957 1805/3020/2956 1580/3022/2958
f 1580/3022/2958 1805/3020/2956 1581/3023/2959
f 1581/3023/2959 1805/3020/2956 1582/3024/2960
f 1582/3024/2960 1805/3020/2956 1804/3025/2961
f 1582/3024/2960 1804/3025/2961 1583/3026/2962
f 1583/3026/2962 1804/3025/2961 1803/3027/2963
f 1583/3026/2962 1803/3027/2963 1584/3028/2964
f 1584/3028/2964 1803/3027/2963 1802/3029/2965
f 1584/3028/2964 1802/3029/2965 1585/3030/2966
f 1585/3030/2966 1802/3029/2965 1801/3031/2967
f 1585/3030/2966 1801/3031/2967 1586/3032/2968
f 1586/3032/2968 1801/3031/2967 1800/3033/2969
f 1586/3032/2968 1800/3033/2969 1587/3034/2970
f 1587/3034/2970 1800/3033/2969 1799/3035/2971
f 1587/3034/2970 1799/3035/2971 1588/3036/2972
f 1588/3036/2972 1799/3035/2971 1798/3037/2973
f 1588/3036/2972 1798/3037/2973 1589/3038/2974
f 1589/3038/2974 1798/3037/2973 1797/3039/2975
f 1589/3038/2974 1797/3039/2975 1590/3040/2976
f 1590/3040/2976 1797/3039/2975 1796/3041/2977
f 1590/3040/2976 1796/3041/2977 1591/3042/2978
f 1591/3042/2978 1796/3041/2977 1795/3043/2979
f 1591/3042/2978 1795/3043/2979 1592/3044/2980
f 1592/3044/2980 1795/3043/2979 1794/3045/2981
f 1592/3044/2980 1794/3045/2981 1593/3046/2982
f 1593/3046/2982 1794/3045/2981 1793/3047/2983
f 1593/3046/2982 1793/3047/2983 1594/3048/2984
f 1594/3048/2984 1793/3047/2983 1792/3049/2985
f 1594/3048/2984 1792/3049/2985 1595/3050/2986
f 1595/3050/2986 1792/3049/2985 1791/3051/2987
f 1595/3050/2986 1791/3051/2987 1596/3052/2988
f 1596/3052/2988 1791/3051/2987 1775/3053/2989
f 1596/3052/2988 1775/3053/2989 1597/3054/2990
f 1597/3054/2990 1775/3053/2989 1574/3055/2991
f 1574/3055/2991 1775/3053/2989 1575/3056/2992
f 1575/3056/2992 1775/3053/2989 1576/3057/2993
f 1576/3057/2993 1775/3053/2989 1774/3058/2994
f 1576/3057/2993 1774/3058/2994 1577/3010/2946
f 1577/3010/2946 1774/3058/2994 1773/3059/2995
f 1577/3010/2946 1773/3059/2995 1772/3060/2996
f 1772/3060/2996 1771/3012/2948 1577/3010/2946
f 1769/3015/2951 1768/3061/2997 1457/3013/2949
f 1457/3013/2949 1768/3061/2997 1767/3062/2998
f 1457/3013/2949 1767/3062/2998 1458/3063/2999
f 1458/3063/2999 1767/3062/2998 1743/3064/3000
f 1458/3063/2999 1743/3064/3000 1459/3065/3001
f 1459/3065/3001 1743/3064/3000 1460/3066/3002
f 1460/3066/3002 1743/3064/3000 1461/3067/3003
f 1461/3067/3003 1743/3064/3000 1462/3068/3004
f 1462/3068/3004 1743/3064/3000 1742/3069/3005
f 1462/3068/3004 1742/3069/3005 1463/3070/3006
f 1463/3070/3006 1742/3069/3005 1741/3071/3007
f 1463/3070/3006 1741/3071/3007 1464/3072/3008
f 1464/3072/3008 1741/3071/3007 1740/3073/3009
f 1464/3072/3008 1740/3073/3009 1465/3074/3010
f 1465/3074/3010 1740/3073/3009 1739/3075/3011
f 1465/3074/3010 1739/3075/3011 1466/3076/3012
f 1466/3076/3012 1739/3075/3011 1738/3077/3013
f 1466/3076/3012 1738/3077/3013 1467/3078/3014
f 1467/3078/3014 1738/3077/3013 1737/3079/3015
f 1467/3078/3014 1737/3079/3015 1468/3080/3016
f 1468/3080/3016 1737/3079/3015 1736/3081/3017
f 1468/3080/3016 1736/3081/3017 1469/3082/3018
f 1469/3082/3018 1736/3081/3017 1735/3083/3019
f 1469/3082/3018 1735/3083/3019 1470/3084/3020
f 1470/3084/3020 1735/3083/3019 1734/3085/3021
f 1470/3084/3020 1734/3085/3021 1471/3086/3022
f 1471/3086/3022 1734/3085/3021 1733/3087/3023
f 1471/3086/3022 1733/3087/3023 1472/3088/3024
f 1472/3088/3024 1733/3087/3023 1732/3089/3025
f 1472/3088/3024 1732/3089/3025 1473/3090/3026
f 1473/3090/3026 1732/3089/3025 1731/3091/3027
f 1473/3090/3026 1731/3091/3027 1474/3092/3028
f 1474/3092/3028 1731/3091/3027 1730/3093/3029
f 1474/3092/3028 1730/3093/3029 1475/3094/3030
f 1475/3094/3030 1730/3093/3029 1729/3095/3031
f 1475/3094/3030 1729/3095/3031 1476/3096/3032
f 1476/3096/3032 1729/3095/3031 1713/3097/3033
f 1476/3096/3032 1713/3097/3033 1477/3098/3034
f 1477/3098/3034 1713/3097/3033 1454/3099/3035
f 1454/3099/3035 1713/3097/3033 1455/3100/3036
f 1455/3100/3036 1713/3097/3033 1456/3101/3037
f 1456/3101/3037 1713/3097/3033 1712/3102/3038
f 1456/3101/3037 1712/3102/3038 1457/3013/2949
f 1457/3013/2949 1712/3102/3038 1711/3103/3039
f 1457/3013/2949 1711/3103/3039 1710/3104/3040
f 1710/3104/3040 1709/3105/3041 1457/3013/2949
f 1457/3013/2949 1709/3105/3041 1708/3106/3042
f 1457/3013/2949 1708/3106/3042 1707/3107/3043
f 1707/3107/3043 1706/3011/2947 1457/3013/2949
f 1706/3011/2947 1705/3108/3044 1217/2957/2893
f 1217/2957/2893 1705/3108/3044 1218/3109/3045
f 1218/3109/3045 1705/3108/3044 1704/2921/2857
f 1218/3109/3045 1704/2921/2857 1219/3110/3046
f 1219/3110/3046 1704/2921/2857 1220/2923/2859
f 1913/3111/3047 1024/3112/3048 1882/3113/3049
f 1882/3113/3049 1024/3112/3048 1023/3114/3050
f 1882/3113/3049 1023/3114/3050 1022/3115/3051
f 1024/3112/3048 1913/3111/3047 1025/3116/3052
f 1025/3116/3052 1913/3111/3047 1912/3117/3053
f 1025/3116/3052 1912/3117/3053 1026/3118/3054
f 1026/3118/3054 1912/3117/3053 1911/3119/3055
f 1026/3118/3054 1911/3119/3055 1027/3120/3056
f 1027/3120/3056 1911/3119/3055 1910/3121/3057
f 1027/3120/3056 1910/3121/3057 1028/3122/3058
f 1028/3122/3058 1910/3121/3057 1909/3123/3059
f 1028/3122/3058 1909/3123/3059 1029/3124/3060
f 1029/3124/3060 1909/3123/3059 1908/3125/3061
f 1029/3124/3060 1908/3125/3061 1030/3126/3062
f 1030/3126/3062 1908/3125/3061 1907/3127/3063
f 1030/3126/3062 1907/3127/3063 1031/3128/3064
f 1031/3128/3064 1907/3127/3063 1906/3129/3065
f 1031/3128/3064 1906/3129/3065 1032/3130/3066
f 1032/3130/3066 1906/3129/3065 1905/3131/3067
f 1032/3130/3066 1905/3131/3067 1033/3132/3068
f 1033/3132/3068 1905/3131/3067 1904/3133/3069
f 1033/3132/3068 1904/3133/3069 1034/3134/3070
f 1034/3134/3070 1904/3133/3069 1903/3135/3071
f 1034/3134/3070 1903/3135/3071 1035/3136/3072
f 1035/3136/3072 1903/3135/3071 1902/3137/3073
f 1035/3136/3072 1902/3137/3073 1036/3138/3074
f 1036/3138/3074 1902/3137/3073 1901/3139/3075
f 1036/3138/3074 1901/3139/3075 1037/3140/3076
f 1037/3140/3076 1901/3139/3075 1900/3141/3077
f 1037/3140/3076 1900/3141/3077 1038/3142/3078
f 1038/3142/3078 1900/3141/3077 1703/3143/3079
f 1038/3142/3078 1703/3143/3079 1039/3144/3080
f 1039/3144/3080 1703/3143/3079 1040/3145/3081
f 1040/3145/3081 1703/3143/3079 1041/3146/3082
f 1041/3146/3082 1703/3143/3079 1702/3147/3083
f 1041/3146/3082 1702/3147/3083 1042/3148/3084
f 1042/3148/3084 1702/3147/3083 1701/3149/3085
f 1042/3148/3084 1701/3149/3085 1700/3150/3086
f 1700/3150/3086 1699/3151/3087 1042/3148/3084
f 1042/3148/3084 1699/3151/3087 1043/3152/3088
f 1043/3152/3088 1699/3151/3087 1698/3153/3089
f 1043/3152/3088 1698/3153/3089 1187/3154/3090
f 1187/3154/3090 1698/3153/3089 971/3155/3091
f 1187/3154/3090 971/3155/3091 1763/3156/3092
f 1763/3156/3092 971/3155/3091 970/3157/3093
f 1763/3156/3092 970/3157/3093 1764/3158/3094
f 1764/3158/3094 970/3157/3093 1765/3159/3095
f 1765/3159/3095 970/3157/3093 1766/3160/3096
f 1766/3160/3096 970/3157/3093 969/3161/3097
f 1766/3160/3096 969/3161/3097 1714/3162/3098
f 1714/3162/3098 969/3161/3097 968/3163/3099
f 1714/3162/3098 968/3163/3099 967/3164/3100
f 971/3155/3091 1698/3153/3089 972/3165/3101
f 972/3165/3101 1698/3153/3089 1697/3166/3102
f 972/3165/3101 1697/3166/3102 1696/3167/3103
f 1696/3167/3103 1695/3168/3104 972/3165/3101
f 972/3165/3101 1695/3168/3104 973/3169/3105
f 973/3169/3105 1695/3168/3104 1694/3170/3106
f 973/3169/3105 1694/3170/3106 950/3171/3107
f 950/3171/3107 1694/3170/3106 951/3172/3108
f 951/3172/3108 1694/3170/3106 952/3173/3109
f 952/3173/3109 1694/3170/3106 1728/3174/3110
f 952/3173/3109 1728/3174/3110 953/3175/3111
f 953/3175/3111 1728/3174/3110 1727/3176/3112
f 953/3175/3111 1727/3176/3112 954/3177/3113
f 954/3177/3113 1727/3176/3112 1726/3178/3114
f 954/3177/3113 1726/3178/3114 955/3179/3115
f 955/3179/3115 1726/3178/3114 1725/3180/3116
f 955/3179/3115 1725/3180/3116 956/3181/3117
f 956/3181/3117 1725/3180/3116 1724/3182/3118
f 956/3181/3117 1724/3182/3118 957/3183/3119
f 957/3183/3119 1724/3182/3118 1723/3184/3120
f 957/3183/3119 1723/3184/3120 958/3185/3121
f 958/3185/3121 1723/3184/3120 1722/3186/3122
f 958/3185/3121 1722/3186/3122 959/3187/3123
f 959/3187/3123 1722/3186/3122 1721/3188/3124
f 959/3187/3123 1721/3188/3124 960/3189/3125
f 960/3189/3125 1721/3188/3124 1720/3190/3126
f 960/3189/3125 1720/3190/3126 961/3191/3127
f 961/3191/3127 1720/3190/3126 1719/3192/3128
f 961/3191/3127 1719/3192/3128 962/3193/3129
f 962/3193/3129 1719/3192/3128 1718/3194/3130
f 962/3193/3129 1718/3194/3130 963/3195/3131
f 963/3195/3131 1718/3194/3130 1717/3196/3132
f 963/3195/3131 1717/3196/3132 964/3197/3133
f 964/3197/3133 1717/3196/3132 1716/3198/3134
f 964/3197/3133 1716/3198/3134 965/3199/3135
f 965/3199/3135 1716/3198/3134 1715/3200/3136
f 965/3199/3135 1715/3200/3136 966/3201/3137
f 966/3201/3137 1715/3200/3136 1714/3162/3098
f 966/3201/3137 1714/3162/3098 967/3164/3100
f 1187/3154/3090 1763/3156/3092 1115/3202/3138
f 1115/3202/3138 1763/3156/3092 1762/3203/3139
f 1115/3202/3138 1762/3203/3139 1116/3204/3140
f 1116/3204/3140 1762/3203/3139 1761/3205/3141
f 1116/3204/3140 1761/3205/3141 1760/3206/3142
f 1760/3206/3142 1759/3207/3143 1116/3204/3140
f 1116/3204/3140 1759/3207/3143 1117/3208/3144
f 1117/3208/3144 1759/3207/3143 1758/3209/3145
f 1117/3208/3144 1758/3209/3145 1094/3210/3146
f 1094/3210/3146 1758/3209/3145 1095/3211/3147
f 1095/3211/3147 1758/3209/3145 1096/3212/3148
f 1096/3212/3148 1758/3209/3145 1790/3213/3149
f 1096/3212/3148 1790/3213/3149 1097/3214/3150
f 1097/3214/3150 1790/3213/3149 1789/3215/3151
f 1097/3214/3150 1789/3215/3151 1098/3216/3152
f 1098/3216/3152 1789/3215/3151 1788/3217/3153
f 1098/3216/3152 1788/3217/3153 1099/3218/3154
f 1099/3218/3154 1788/3217/3153 1787/3219/3155
f 1099/3218/3154 1787/3219/3155 1100/3220/3156
f 1100/3220/3156 1787/3219/3155 1786/3221/3157
f 1100/3220/3156 1786/3221/3157 1101/3222/3158
f 1101/3222/3158 1786/3221/3157 1785/3223/3159
f 1101/3222/3158 1785/3223/3159 1102/3224/3160
f 1102/3224/3160 1785/3223/3159 1784/3225/3161
f 1102/3224/3160 1784/3225/3161 1103/3226/3162
f 1103/3226/3162 1784/3225/3161 1783/3227/3163
f 1103/3226/3162 1783/3227/3163 1104/3228/3164
f 1104/3228/3164 1783/3227/3163 1782/3229/3165
f 1104/3228/3164 1782/3229/3165 1105/3230/3166
f 1105/3230/3166 1782/3229/3165 1781/3231/3167
f 1105/3230/3166 1781/3231/3167 1106/3232/3168
f 1106/3232/3168 1781/3231/3167 1780/3233/3169
f 1106/3232/3168 1780/3233/3169 1107/3234/3170
f 1107/3234/3170 1780/3233/3169 1779/3235/3171
f 1107/3234/3170 1779/3235/3171 1108/3236/3172
f 1108/3236/3172 1779/3235/3171 1778/3237/3173
f 1108/3236/3172 1778/3237/3173 1109/3238/3174
f 1109/3238/3174 1778/3237/3173 1777/3239/3175
f 1109/3238/3174 1777/3239/3175 1110/3240/3176
f 1110/3240/3176 1777/3239/3175 1776/3241/3177
f 1110/3240/3176 1776/3241/3177 1111/3242/3178
f 1111/3242/3178 1776/3241/3177 1112/3243/3179
f 1112/3243/3179 1776/3241/3177 1113/3244/3180
f 1113/3244/3180 1776/3241/3177 1828/3245/3181
f 1113/3244/3180 1828/3245/3181 1114/3246/3182
f 1114/3246/3182 1828/3245/3181 1827/3247/3183
f 1114/3246/3182 1827/3247/3183 1826/3248/3184
f 1826/3248/3184 1825/3249/3185 1114/3246/3182
f 1114/3246/3182 1825/3249/3185 1115/3202/3138
f 1115/3202/3138 1825/3249/3185 1824/3250/3186
f 1115/3202/3138 1824/3250/3186 1187/3154/3090
f 1187/3154/3090 1824/3250/3186 1188/3251/3187
f 1188/3251/3187 1824/3250/3186 1823/3252/3188
f 1188/3251/3187 1823/3252/3188 1822/3253/3189
f 1822/3253/3189 1821/3254/3190 1188/3251/3187
f 1188/3251/3187 1821/3254/3190 1189/3255/3191
f 1189/3255/3191 1821/3254/3190 1820/3256/3192
f 1189/3255/3191 1820/3256/3192 1166/3257/3193
f 1166/3257/3193 1820/3256/3192 1167/3258/3194
f 1167/3258/3194 1820/3256/3192 1168/3259/3195
f 1168/3259/3195 1820/3256/3192 1852/3260/3196
f 1168/3259/3195 1852/3260/3196 1169/3261/3197
f 1169/3261/3197 1852/3260/3196 1851/3262/3198
f 1169/3261/3197 1851/3262/3198 1170/3263/3199
f 1170/3263/3199 1851/3262/3198 1850/3264/3200
f 1170/3263/3199 1850/3264/3200 1171/3265/3201
f 1171/3265/3201 1850/3264/3200 1849/3266/3202
f 1171/3265/3201 1849/3266/3202 1172/3267/3203
f 1172/3267/3203 1849/3266/3202 1848/3268/3204
f 1172/3267/3203 1848/3268/3204 1173/3269/3205
f 1173/3269/3205 1848/3268/3204 1847/3270/3206
f 1173/3269/3205 1847/3270/3206 1174/3271/3207
f 1174/3271/3207 1847/3270/3206 1846/3272/3208
f 1174/3271/3207 1846/3272/3208 1175/3273/3209
f 1175/3273/3209 1846/3272/3208 1845/3274/3210
f 1175/3273/3209 1845/3274/3210 1176/3275/3211
f 1176/3275/3211 1845/3274/3210 1844/3276/3212
f 1176/3275/3211 1844/3276/3212 1177/3277/3213
f 1177/3277/3213 1844/3276/3212 1843/3278/3214
f 1177/3277/3213 1843/3278/3214 1178/3279/3215
f 1178/3279/3215 1843/3278/3214 1842/3280/3216
f 1178/3279/3215 1842/3280/3216 1179/3281/3217
f 1179/3281/3217 1842/3280/3216 1841/3282/3218
f 1179/3281/3217 1841/3282/3218 1180/3283/3219
f 1180/3283/3219 1841/3282/3218 1840/3284/3220
f 1180/3283/3219 1840/3284/3220 1181/3285/3221
f 1181/3285/3221 1840/3284/3220 1839/3286/3222
f 1181/3285/3221 1839/3286/3222 1182/3287/3223
f 1182/3287/3223 1839/3286/3222 1838/3288/3224
f 1182/3287/3223 1838/3288/3224 1183/3289/3225
f 1183/3289/3225 1838/3288/3224 1184/3290/3226
f 1184/3290/3226 1838/3288/3224 1185/3291/3227
f 1185/3291/3227 1838/3288/3224 1890/3292/3228
f 1185/3291/3227 1890/3292/3228 1186/3293/3229
f 1186/3293/3229 1890/3292/3228 1889/3294/3230
f 1186/3293/3229 1889/3294/3230 1888/3295/3231
f 1888/3295/3231 1887/3296/3232 1186/3293/3229
f 1186/3293/3229 1887/3296/3232 1187/3154/3090
f 1187/3154/3090 1887/3296/3232 1043/3152/3088
f 1887/3296/3232 1886/3297/3233 1043/3152/3088
f 1043/3152/3088 1886/3297/3233 1044/3298/3234
f 1044/3298/3234 1886/3297/3233 1885/3299/3235
f 1044/3298/3234 1885/3299/3235 1884/3300/3236
f 1884/3300/3236 1883/3301/3237 1044/3298/3234
f 1044/3298/3234 1883/3301/3237 1045/3302/3238
f 1045/3302/3238 1883/3301/3237 1882/3113/3049
f 1045/3302/3238 1882/3113/3049 1022/3115/3051
g Body4

v 6.776197 -6.243626 -324.121363
v 7.041741 -6.243626 -324.434267
v 7.331932 -6.243626 -324.724459
v 7.644837 -6.243626 -324.990003
v 8.259662 -6.243626 -325.400958
v 8.928146 -6.243626 -325.717224
v 9.635808 -6.243626 -325.931953
v 10.367323 -6.243626 -326.040493
v 11.106846 -6.243626 -326.040493
v 11.838361 -6.243626 -325.931953
v 12.546023 -6.243626 -325.717224
v 13.214507 -6.243626 -325.400958
v 13.829332 -6.243626 -324.990003
v 14.142237 -6.243626 -324.724459
v 14.432428 -6.243626 -324.434267
v 14.697972 -6.243626 -324.121363
v 15.108927 -6.243626 -323.506538
v 15.425193 -6.243626 -322.838054
v 15.639922 -6.243626 -322.130392
v 15.748462 -6.243626 -321.398877
v 15.748462 -6.243626 -320.659354
v 15.639922 -6.243626 -319.927839
v 15.425193 -6.243626 -319.220176
v 15.108927 -6.243626 -318.551693
v 14.697972 -6.243626 -317.936867
v 14.432428 -6.243626 -317.623963
v 14.142237 -6.243626 -317.333772
v 13.829332 -6.243626 -317.068228
v 13.214507 -6.243626 -316.657273
v 12.546023 -6.243626 -316.341006
v 11.838361 -6.243626 -316.126278
v 11.106846 -6.243626 -316.017738
v 10.367323 -6.243626 -316.017738
v 9.635808 -6.243626 -316.126278
v 8.928146 -6.243626 -316.341006
v 8.259662 -6.243626 -316.657273
v 7.644837 -6.243626 -317.068228
v 7.331932 -6.243626 -317.333772
v 7.041741 -6.243626 -317.623963
v 6.776197 -6.243626 -317.936867
v 6.365242 -6.243626 -318.551693
v 6.048976 -6.243626 -319.220176
v 5.834247 -6.243626 -319.927839
v 5.725707 -6.243626 -320.659354
v 5.725707 -6.243626 -321.398877
v 5.834247 -6.243626 -322.130392
v 6.048976 -6.243626 -322.838054
v 6.365242 -6.243626 -323.506538
v 10.737085 -10.743626 -321.029115
v 10.737085 -7.131080 -316.452052
v 10.737085 -7.956129 -317.006594
v 10.737085 -8.706033 -317.659179
v 10.737085 -9.369213 -318.399729
v 10.737085 -9.935428 -319.216811
v 10.737085 -10.395936 -320.097808
v 7.158592 -7.131080 -323.882868
v 7.592151 -7.956129 -323.537116
v 8.102362 -8.706033 -323.130237
v 8.681348 -9.369213 -322.668511
v 9.320168 -9.935428 -322.159069
v 10.008959 -10.395936 -321.609776
v 9.930548 -10.395936 -321.494769
v 9.167583 -9.935428 -321.935267
v 8.459969 -9.369213 -322.343808
v 7.818634 -8.706033 -322.714084
v 7.253479 -7.956129 -323.040376
v 6.773231 -7.131080 -323.317647
v 7.623891 -7.131080 -324.384340
v 8.001075 -7.956129 -323.977832
v 8.444945 -8.706033 -323.499454
v 8.948648 -9.369213 -322.956592
v 9.504405 -9.935428 -322.357628
v 10.103634 -10.395936 -321.711812
v 8.158733 -7.131080 -324.810862
v 8.471118 -7.956129 -324.352678
v 8.838732 -8.706033 -323.813488
v 9.255899 -9.369213 -323.201616
v 9.716177 -9.935428 -322.526511
v 10.212460 -10.395936 -321.798598
v 8.751171 -7.131080 -325.152907
v 8.991778 -7.956129 -324.653282
v 9.274924 -8.706033 -324.065323
v 9.596237 -9.369213 -323.398110
v 9.950755 -9.935428 -322.661945
v 10.333005 -10.395936 -321.868195
v 9.387971 -7.131080 -325.402833
v 9.551426 -7.956129 -324.872927
v 9.743778 -8.706033 -324.249335
v 9.962059 -9.369213 -323.541685
v 10.202898 -9.935428 -322.760904
v 10.462577 -10.395936 -321.919048
v 10.054909 -7.131080 -325.555057
v 10.137559 -7.956129 -325.006708
v 10.234822 -8.706033 -324.361413
v 10.345195 -9.369213 -323.629133
v 10.466975 -9.935428 -322.821178
v 10.598280 -10.395936 -321.950021
v 10.737085 -7.131080 -325.606179
v 10.737085 -7.956129 -325.051637
v 10.737085 -8.706033 -324.399052
v 10.737085 -9.369213 -323.658501
v 10.737085 -9.935428 -322.841420
v 10.737085 -10.395936 -321.960423
v 11.419260 -7.131080 -325.555057
v 11.336610 -7.956129 -325.006708
v 11.239348 -8.706033 -324.361413
v 11.128974 -9.369213 -323.629133
v 11.007194 -9.935428 -322.821178
v 10.875889 -10.395936 -321.950021
v 12.086198 -7.131080 -325.402833
v 11.922743 -7.956129 -324.872927
v 11.730391 -8.706033 -324.249335
v 11.512110 -9.369213 -323.541685
v 11.271271 -9.935428 -322.760904
v 11.011592 -10.395936 -321.919048
v 12.722998 -7.131080 -325.152907
v 12.482391 -7.956129 -324.653282
v 12.199245 -8.706033 -324.065323
v 11.877932 -9.369213 -323.398110
v 11.523414 -9.935428 -322.661945
v 11.141164 -10.395936 -321.868195
v 13.315436 -7.131080 -324.810862
v 13.003051 -7.956129 -324.352678
v 12.635437 -8.706033 -323.813488
v 12.218270 -9.369213 -323.201616
v 11.757992 -9.935428 -322.526511
v 11.261709 -10.395936 -321.798598
v 13.850278 -7.131080 -324.384340
v 13.473094 -7.956129 -323.977832
v 13.029224 -8.706033 -323.499454
v 12.525521 -9.369213 -322.956592
v 11.969764 -9.935428 -322.357628
v 11.370535 -10.395936 -321.711812
v 14.315577 -7.131080 -323.882868
v 13.882018 -7.956129 -323.537116
v 13.371807 -8.706033 -323.130237
v 12.792821 -9.369213 -322.668511
v 12.154001 -9.935428 -322.159069
v 11.465210 -10.395936 -321.609776
v 14.700938 -7.131080 -323.317647
v 14.220690 -7.956129 -323.040376
v 13.655535 -8.706033 -322.714084
v 13.014200 -9.369213 -322.343808
v 12.306586 -9.935428 -321.935267
v 11.543621 -10.395936 -321.494769
v 14.997753 -7.131080 -322.701304
v 14.481544 -7.956129 -322.498707
v 13.874070 -8.706033 -322.260291
v 13.184711 -9.369213 -321.989738
v 12.424111 -9.935428 -321.691224
v 11.604014 -10.395936 -321.369360
v 15.199391 -7.131080 -322.047608
v 14.658753 -7.956129 -321.924211
v 14.022530 -8.706033 -321.778997
v 13.300546 -9.369213 -321.614209
v 12.503951 -9.935428 -321.432391
v 11.645042 -10.395936 -321.236351
v 15.301684 -7.131080 -321.366665
v 14.748603 -7.956129 -321.326427
v 14.097763 -8.706033 -321.278745
v 13.359215 -9.369213 -321.224319
v 12.544366 -9.935428 -321.163956
v 11.665800 -10.395936 -321.098560
v 15.301684 -7.131080 -320.691566
v 14.748603 -7.956129 -320.731804
v 14.097763 -8.706033 -320.779486
v 13.359215 -9.369213 -320.833912
v 12.544366 -9.935428 -320.894275
v 11.665800 -10.395936 -320.959671
v 15.199391 -7.131080 -320.010623
v 14.658753 -7.956129 -320.134020
v 14.022530 -8.706033 -320.279234
v 13.300546 -9.369213 -320.444022
v 12.503951 -9.935428 -320.625840
v 11.645042 -10.395936 -320.821880
v 14.997753 -7.131080 -319.356926
v 14.481544 -7.956129 -319.559523
v 13.874070 -8.706033 -319.797939
v 13.184711 -9.369213 -320.068493
v 12.424111 -9.935428 -320.367006
v 11.604014 -10.395936 -320.688870
v 14.700938 -7.131080 -318.740584
v 14.220690 -7.956129 -319.017855
v 13.655535 -8.706033 -319.344147
v 13.014200 -9.369213 -319.714422
v 12.306586 -9.935428 -320.122963
v 11.543621 -10.395936 -320.563461
v 14.315577 -7.131080 -318.175363
v 13.882018 -7.956129 -318.521114
v 13.371807 -8.706033 -318.927994
v 12.792821 -9.369213 -319.389720
v 12.154001 -9.935428 -319.899162
v 11.465210 -10.395936 -320.448454
v 13.850278 -7.131080 -317.673891
v 13.473094 -7.956129 -318.080399
v 13.029224 -8.706033 -318.558777
v 12.525521 -9.369213 -319.101639
v 11.969764 -9.935428 -319.700602
v 11.370535 -10.395936 -320.346418
v 13.315436 -7.131080 -317.247368
v 13.003051 -7.956129 -317.705552
v 12.635437 -8.706033 -318.244743
v 12.218270 -9.369213 -318.856615
v 11.757992 -9.935428 -319.531719
v 11.261709 -10.395936 -320.259633
v 12.722998 -7.131080 -316.905324
v 12.482391 -7.956129 -317.404949
v 12.199245 -8.706033 -317.992907
v 11.877932 -9.369213 -318.660120
v 11.523414 -9.935428 -319.396286
v 11.141164 -10.395936 -320.190036
v 12.086198 -7.131080 -316.655398
v 11.922743 -7.956129 -317.185303
v 11.730391 -8.706033 -317.808895
v 11.512110 -9.369213 -318.516545
v 11.271271 -9.935428 -319.297327
v 11.011592 -10.395936 -320.139183
v 11.419260 -7.131080 -316.503174
v 11.336610 -7.956129 -317.051522
v 11.239348 -8.706033 -317.696818
v 11.128974 -9.369213 -318.429097
v 11.007194 -9.935428 -319.237053
v 10.875889 -10.395936 -320.108210
v 10.054909 -7.131080 -316.503174
v 10.137559 -7.956129 -317.051522
v 10.234822 -8.706033 -317.696818
v 10.345195 -9.369213 -318.429097
v 10.466975 -9.935428 -319.237053
v 10.598280 -10.395936 -320.108210
v 9.387971 -7.131080 -316.655398
v 9.551426 -7.956129 -317.185303
v 9.743778 -8.706033 -317.808895
v 9.962059 -9.369213 -318.516545
v 10.202898 -9.935428 -319.297327
v 10.462577 -10.395936 -320.139183
v 8.751171 -7.131080 -316.905324
v 8.991778 -7.956129 -317.404949
v 9.274924 -8.706033 -317.992907
v 9.596237 -9.369213 -318.660120
v 9.950755 -9.935428 -319.396286
v 10.333005 -10.395936 -320.190036
v 8.158733 -7.131080 -317.247368
v 8.471118 -7.956129 -317.705552
v 8.838732 -8.706033 -318.244743
v 9.255899 -9.369213 -318.856615
v 9.716177 -9.935428 -319.531719
v 10.212460 -10.395936 -320.259633
v 7.623891 -7.131080 -317.673891
v 8.001075 -7.956129 -318.080399
v 8.444945 -8.706033 -318.558777
v 8.948648 -9.369213 -319.101639
v 9.504405 -9.935428 -319.700602
v 10.103634 -10.395936 -320.346418
v 7.158592 -7.131080 -318.175363
v 7.592151 -7.956129 -318.521114
v 8.102362 -8.706033 -318.927994
v 8.681348 -9.369213 -319.389720
v 9.320168 -9.935428 -319.899162
v 10.008959 -10.395936 -320.448454
v 6.773231 -7.131080 -318.740584
v 7.253479 -7.956129 -319.017855
v 7.818634 -8.706033 -319.344147
v 8.459969 -9.369213 -319.714422
v 9.167583 -9.935428 -320.122963
v 9.930548 -10.395936 -320.563461
v 6.476416 -7.131080 -319.356926
v 6.992625 -7.956129 -319.559523
v 7.600099 -8.706033 -319.797939
v 8.289458 -9.369213 -320.068493
v 9.050058 -9.935428 -320.367006
v 9.870155 -10.395936 -320.688870
v 6.274778 -7.131080 -320.010623
v 6.815416 -7.956129 -320.134020
v 7.451639 -8.706033 -320.279234
v 8.173623 -9.369213 -320.444022
v 8.970218 -9.935428 -320.625840
v 9.829127 -10.395936 -320.821880
v 6.172485 -7.131080 -320.691566
v 6.725566 -7.956129 -320.731804
v 7.376406 -8.706033 -320.779486
v 8.114954 -9.369213 -320.833912
v 8.929803 -9.935428 -320.894275
v 9.808369 -10.395936 -320.959671
v 6.172485 -7.131080 -321.366665
v 6.725566 -7.956129 -321.326427
v 7.376406 -8.706033 -321.278745
v 8.114954 -9.369213 -321.224319
v 8.929803 -9.935428 -321.163956
v 9.808369 -10.395936 -321.098560
v 6.274778 -7.131080 -322.047608
v 6.815416 -7.956129 -321.924211
v 7.451639 -8.706033 -321.778997
v 8.173623 -9.369213 -321.614209
v 8.970218 -9.935428 -321.432391
v 9.829127 -10.395936 -321.236351
v 6.476416 -7.131080 -322.701304
v 6.992625 -7.956129 -322.498707
v 7.600099 -8.706033 -322.260291
v 8.289458 -9.369213 -321.989738
v 9.050058 -9.935428 -321.691224
v 9.870155 -10.395936 -321.369360
v 6.776197 -2.743626 -317.936867
v 6.365242 -2.743626 -318.551693
v 6.048976 -2.743626 -319.220176
v 5.834247 -2.743626 -319.927839
v 5.725707 -2.743626 -320.659354
v 5.725707 -2.743626 -321.398877
v 5.834247 -2.743626 -322.130392
v 6.048976 -2.743626 -322.838054
v 6.365242 -2.743626 -323.506538
v 6.776197 -2.743626 -324.121363
v 13.829332 -2.743626 -317.068228
v 13.214507 -2.743626 -316.657273
v 12.546023 -2.743626 -316.341006
v 11.838361 -2.743626 -316.126278
v 11.106846 -2.743626 -316.017738
v 10.367323 -2.743626 -316.017738
v 9.635808 -2.743626 -316.126278
v 8.928146 -2.743626 -316.341006
v 8.259662 -2.743626 -316.657273
v 7.644837 -2.743626 -317.068228
v 14.697972 -2.743626 -324.121363
v 15.108927 -2.743626 -323.506538
v 15.425193 -2.743626 -322.838054
v 15.639922 -2.743626 -322.130392
v 15.748462 -2.743626 -321.398877
v 15.748462 -2.743626 -320.659354
v 15.639922 -2.743626 -319.927839
v 15.425193 -2.743626 -319.220176
v 15.108927 -2.743626 -318.551693
v 14.697972 -2.743626 -317.936867
v 7.644837 -2.743626 -324.990003
v 8.259662 -2.743626 -325.400958
v 8.928146 -2.743626 -325.717224
v 9.635808 -2.743626 -325.931953
v 10.367323 -2.743626 -326.040493
v 11.106846 -2.743626 -326.040493
v 11.838361 -2.743626 -325.931953
v 12.546023 -2.743626 -325.717224
v 13.214507 -2.743626 -325.400958
v 13.829332 -2.743626 -324.990003
v 14.831026 -6.100431 -317.850790
v 14.936871 -5.932310 -317.738375
v 15.013343 -5.736980 -317.603859
v 15.055676 -5.519172 -317.456216
v 15.062116 -5.280154 -317.302175
v 15.032510 -5.027429 -317.152169
v 14.969121 -4.765407 -317.013950
v 14.874494 -4.495706 -316.893377
v 14.873659 -4.493626 -316.892541
v 14.872823 -4.495706 -316.891706
v 14.752250 -4.765407 -316.797079
v 14.614031 -5.027429 -316.733690
v 14.464025 -5.280154 -316.704084
v 14.309984 -5.519172 -316.710524
v 14.162341 -5.736980 -316.752857
v 14.027825 -5.932310 -316.829328
v 13.915410 -6.100431 -316.935174
v 14.535808 -5.885944 -317.230008
v 14.720105 -5.460984 -317.045290
v 14.834282 -4.989280 -316.930676
v 7.558759 -6.100431 -316.935174
v 7.446344 -5.932310 -316.829328
v 7.311828 -5.736980 -316.752857
v 7.164185 -5.519172 -316.710524
v 7.010144 -5.280154 -316.704084
v 6.860138 -5.027429 -316.733690
v 6.721919 -4.765407 -316.797079
v 6.601346 -4.495706 -316.891706
v 6.600510 -4.493626 -316.892541
v 6.599675 -4.495706 -316.893377
v 6.505048 -4.765407 -317.013950
v 6.441659 -5.027429 -317.152169
v 6.412053 -5.280154 -317.302175
v 6.418493 -5.519172 -317.456216
v 6.460826 -5.736980 -317.603859
v 6.537298 -5.932310 -317.738375
v 6.643143 -6.100431 -317.850790
v 6.937977 -5.885944 -317.230392
v 6.753259 -5.460984 -317.046095
v 6.638645 -4.989280 -316.931918
v 13.915410 -6.100431 -325.123057
v 14.027825 -5.932310 -325.228902
v 14.162341 -5.736980 -325.305374
v 14.309984 -5.519173 -325.347707
v 14.464025 -5.280155 -325.354147
v 14.614031 -5.027429 -325.324541
v 14.752250 -4.765407 -325.261152
v 14.872823 -4.495706 -325.166524
v 14.873659 -4.493626 -325.165690
v 14.874494 -4.495706 -325.164854
v 14.969121 -4.765407 -325.044281
v 15.032510 -5.027429 -324.906062
v 15.062116 -5.280155 -324.756055
v 15.055676 -5.519173 -324.602015
v 15.013343 -5.736980 -324.454372
v 14.936871 -5.932310 -324.319855
v 14.831026 -6.100431 -324.207441
v 14.536192 -5.885944 -324.827839
v 14.720910 -5.460984 -325.012136
v 14.835524 -4.989280 -325.126313
v 6.643143 -6.100431 -324.207441
v 6.537298 -5.932310 -324.319855
v 6.460826 -5.736980 -324.454372
v 6.418493 -5.519173 -324.602015
v 6.412053 -5.280155 -324.756055
v 6.441659 -5.027429 -324.906062
v 6.505048 -4.765407 -325.044281
v 6.599675 -4.495706 -325.164854
v 6.600510 -4.493626 -325.165690
v 6.601346 -4.495706 -325.166524
v 6.721919 -4.765407 -325.261152
v 6.860138 -5.027429 -325.324541
v 7.010144 -5.280155 -325.354147
v 7.164185 -5.519173 -325.347707
v 7.311828 -5.736980 -325.305374
v 7.446344 -5.932310 -325.228902
v 7.558759 -6.100431 -325.123057
v 6.937977 -5.885944 -324.827839
v 6.753259 -5.460984 -325.012136
v 6.638645 -4.989280 -325.126313
v 7.310129 -4.743626 -324.706071
v 7.301611 -4.743626 -324.770775
v 7.276636 -4.743626 -324.831071
v 7.236906 -4.743626 -324.882847
v 7.185129 -4.743626 -324.922577
v 7.124834 -4.743626 -324.947552
v 7.060129 -4.743626 -324.956071
v 6.995424 -4.743626 -324.947552
v 6.935129 -4.743626 -324.922577
v 6.883353 -4.743626 -324.882847
v 6.843623 -4.743626 -324.831071
v 6.818648 -4.743626 -324.770775
v 6.810129 -4.743626 -324.706071
v 6.818648 -4.743626 -324.641366
v 6.843623 -4.743626 -324.581071
v 6.883353 -4.743626 -324.529294
v 6.935129 -4.743626 -324.489564
v 6.995424 -4.743626 -324.464589
v 7.060129 -4.743626 -324.456071
v 7.124834 -4.743626 -324.464589
v 7.185129 -4.743626 -324.489564
v 7.236906 -4.743626 -324.529294
v 7.276636 -4.743626 -324.581071
v 7.301611 -4.743626 -324.641366
v 14.164040 -4.743626 -317.352160
v 14.172558 -4.743626 -317.287455
v 14.197533 -4.743626 -317.227160
v 14.237263 -4.743626 -317.175383
v 14.289040 -4.743626 -317.135654
v 14.349335 -4.743626 -317.110679
v 14.414040 -4.743626 -317.102160
v 14.478745 -4.743626 -317.110679
v 14.539040 -4.743626 -317.135654
v 14.590816 -4.743626 -317.175383
v 14.630546 -4.743626 -317.227160
v 14.655521 -4.743626 -317.287455
v 14.664040 -4.743626 -317.352160
v 14.655521 -4.743626 -317.416865
v 14.630546 -4.743626 -317.477160
v 14.590816 -4.743626 -317.528937
v 14.539040 -4.743626 -317.568666
v 14.478745 -4.743626 -317.593642
v 14.414040 -4.743626 -317.602160
v 14.349335 -4.743626 -317.593642
v 14.289040 -4.743626 -317.568666
v 14.237263 -4.743626 -317.528937
v 14.197533 -4.743626 -317.477160
v 14.172558 -4.743626 -317.416865
v 7.060129 -4.743626 -317.602160
v 6.995424 -4.743626 -317.593642
v 6.935129 -4.743626 -317.568666
v 6.883353 -4.743626 -317.528937
v 6.843623 -4.743626 -317.477160
v 6.818648 -4.743626 -317.416865
v 6.810129 -4.743626 -317.352160
v 6.818648 -4.743626 -317.287455
v 6.843623 -4.743626 -317.227160
v 6.883353 -4.743626 -317.175383
v 6.935129 -4.743626 -317.135654
v 6.995424 -4.743626 -317.110679
v 7.060129 -4.743626 -317.102160
v 7.124834 -4.743626 -317.110679
v 7.185129 -4.743626 -317.135654
v 7.236906 -4.743626 -317.175383
v 7.276636 -4.743626 -317.227160
v 7.301611 -4.743626 -317.287455
v 7.310129 -4.743626 -317.352160
v 7.301611 -4.743626 -317.416865
v 7.276636 -4.743626 -317.477160
v 7.236906 -4.743626 -317.528937
v 7.185129 -4.743626 -317.568666
v 7.124834 -4.743626 -317.593642
v 14.414040 -4.743626 -324.456071
v 14.478745 -4.743626 -324.464589
v 14.539040 -4.743626 -324.489564
v 14.590816 -4.743626 -324.529294
v 14.630546 -4.743626 -324.581071
v 14.655521 -4.743626 -324.641366
v 14.664040 -4.743626 -324.706071
v 14.655521 -4.743626 -324.770775
v 14.630546 -4.743626 -324.831071
v 14.590816 -4.743626 -324.882847
v 14.539040 -4.743626 -324.922577
v 14.478745 -4.743626 -324.947552
v 14.414040 -4.743626 -324.956071
v 14.349335 -4.743626 -324.947552
v 14.289040 -4.743626 -324.922577
v 14.237263 -4.743626 -324.882847
v 14.197533 -4.743626 -324.831071
v 14.172558 -4.743626 -324.770775
v 14.164040 -4.743626 -324.706071
v 14.172558 -4.743626 -324.641366
v 14.197533 -4.743626 -324.581071
v 14.237263 -4.743626 -324.529294
v 14.289040 -4.743626 -324.489564
v 14.349335 -4.743626 -324.464589
v 14.164040 -2.743626 -317.352160
v 14.172558 -2.743626 -317.287455
v 14.197533 -2.743626 -317.227160
v 14.237263 -2.743626 -317.175383
v 14.289040 -2.743626 -317.135654
v 14.349335 -2.743626 -317.110679
v 14.414040 -2.743626 -317.102160
v 14.478745 -2.743626 -317.110679
v 14.539040 -2.743626 -317.135654
v 14.590816 -2.743626 -317.175383
v 14.630546 -2.743626 -317.227160
v 14.655521 -2.743626 -317.287455
v 14.664040 -2.743626 -317.352160
v 14.655521 -2.743626 -317.416865
v 14.630546 -2.743626 -317.477160
v 14.590816 -2.743626 -317.528937
v 14.539040 -2.743626 -317.568666
v 14.478745 -2.743626 -317.593642
v 14.414040 -2.743626 -317.602160
v 14.349335 -2.743626 -317.593642
v 14.289040 -2.743626 -317.568666
v 14.237263 -2.743626 -317.528937
v 14.197533 -2.743626 -317.477160
v 14.172558 -2.743626 -317.416865
v 14.164040 -3.743626 -317.352160
v 14.172558 -3.743626 -317.287455
v 14.197533 -3.743626 -317.227160
v 14.237263 -3.743626 -317.175383
v 14.289040 -3.743626 -317.135654
v 14.349335 -3.743626 -317.110679
v 14.414040 -3.743626 -317.102160
v 14.478745 -3.743626 -317.110679
v 14.539040 -3.743626 -317.135654
v 14.590816 -3.743626 -317.175383
v 14.630546 -3.743626 -317.227160
v 14.655521 -3.743626 -317.287455
v 14.664040 -3.743626 -317.352160
v 14.655521 -3.743626 -317.416865
v 14.630546 -3.743626 -317.477160
v 14.590816 -3.743626 -317.528937
v 14.539040 -3.743626 -317.568666
v 14.478745 -3.743626 -317.593642
v 14.414040 -3.743626 -317.602160
v 14.349335 -3.743626 -317.593642
v 14.289040 -3.743626 -317.568666
v 14.237263 -3.743626 -317.528937
v 14.197533 -3.743626 -317.477160
v 14.172558 -3.743626 -317.416865
v 14.835729 -2.743626 -317.846810
v 14.946450 -2.743626 -317.725039
v 15.023038 -2.743626 -317.579363
v 15.060582 -2.743626 -317.419120
v 15.056674 -2.743626 -317.254584
v 15.011566 -2.743626 -317.096304
v 14.928150 -2.743626 -316.954428
v 14.811772 -2.743626 -316.838050
v 14.669896 -2.743626 -316.754634
v 14.511616 -2.743626 -316.709526
v 14.347080 -2.743626 -316.705618
v 14.186837 -2.743626 -316.743162
v 14.041160 -2.743626 -316.819750
v 13.919390 -2.743626 -316.930471
v 7.060129 -2.743626 -317.602160
v 6.995424 -2.743626 -317.593642
v 6.935129 -2.743626 -317.568666
v 6.883353 -2.743626 -317.528937
v 6.843623 -2.743626 -317.477160
v 6.818648 -2.743626 -317.416865
v 6.810129 -2.743626 -317.352160
v 6.818648 -2.743626 -317.287455
v 6.843623 -2.743626 -317.227160
v 6.883353 -2.743626 -317.175383
v 6.935129 -2.743626 -317.135654
v 6.995424 -2.743626 -317.110679
v 7.060129 -2.743626 -317.102160
v 7.124834 -2.743626 -317.110679
v 7.185129 -2.743626 -317.135654
v 7.236906 -2.743626 -317.175383
v 7.276636 -2.743626 -317.227160
v 7.301611 -2.743626 -317.287455
v 7.310129 -2.743626 -317.352160
v 7.301611 -2.743626 -317.416865
v 7.276636 -2.743626 -317.477160
v 7.236906 -2.743626 -317.528937
v 7.185129 -2.743626 -317.568666
v 7.124834 -2.743626 -317.593642
v 7.060129 -3.743626 -317.602160
v 6.995424 -3.743626 -317.593642
v 6.935129 -3.743626 -317.568666
v 6.883353 -3.743626 -317.528937
v 6.843623 -3.743626 -317.477160
v 6.818648 -3.743626 -317.416865
v 6.810129 -3.743626 -317.352160
v 6.818648 -3.743626 -317.287455
v 6.843623 -3.743626 -317.227160
v 6.883353 -3.743626 -317.175383
v 6.935129 -3.743626 -317.135654
v 6.995424 -3.743626 -317.110679
v 7.060129 -3.743626 -317.102160
v 7.124834 -3.743626 -317.110679
v 7.185129 -3.743626 -317.135654
v 7.236906 -3.743626 -317.175383
v 7.276636 -3.743626 -317.227160
v 7.301611 -3.743626 -317.287455
v 7.310129 -3.743626 -317.352160
v 7.301611 -3.743626 -317.416865
v 7.276636 -3.743626 -317.477160
v 7.236906 -3.743626 -317.528937
v 7.185129 -3.743626 -317.568666
v 7.124834 -3.743626 -317.593642
v 13.919390 -2.743626 -325.127759
v 14.041160 -2.743626 -325.238481
v 14.186837 -2.743626 -325.315069
v 14.347080 -2.743626 -325.352612
v 14.511616 -2.743626 -325.348705
v 14.669896 -2.743626 -325.303597
v 14.811772 -2.743626 -325.220180
v 14.928150 -2.743626 -325.103803
v 15.011566 -2.743626 -324.961926
v 15.056674 -2.743626 -324.803646
v 15.060582 -2.743626 -324.639111
v 15.023038 -2.743626 -324.478868
v 14.946450 -2.743626 -324.333191
v 14.835729 -2.743626 -324.211421
v 6.638440 -2.743626 -324.211421
v 6.527719 -2.743626 -324.333191
v 6.451131 -2.743626 -324.478868
v 6.413587 -2.743626 -324.639111
v 6.417495 -2.743626 -324.803646
v 6.462603 -2.743626 -324.961926
v 6.546020 -2.743626 -325.103803
v 6.662397 -2.743626 -325.220180
v 6.804273 -2.743626 -325.303597
v 6.962553 -2.743626 -325.348705
v 7.127089 -2.743626 -325.352612
v 7.287332 -2.743626 -325.315069
v 7.433009 -2.743626 -325.238481
v 7.554779 -2.743626 -325.127759
v 7.310129 -2.743626 -324.706071
v 7.301611 -2.743626 -324.770775
v 7.276636 -2.743626 -324.831071
v 7.236906 -2.743626 -324.882847
v 7.185129 -2.743626 -324.922577
v 7.124834 -2.743626 -324.947552
v 7.060129 -2.743626 -324.956071
v 6.995424 -2.743626 -324.947552
v 6.935129 -2.743626 -324.922577
v 6.883353 -2.743626 -324.882847
v 6.843623 -2.743626 -324.831071
v 6.818648 -2.743626 -324.770775
v 6.810129 -2.743626 -324.706071
v 6.818648 -2.743626 -324.641366
v 6.843623 -2.743626 -324.581071
v 6.883353 -2.743626 -324.529294
v 6.935129 -2.743626 -324.489564
v 6.995424 -2.743626 -324.464589
v 7.060129 -2.743626 -324.456071
v 7.124834 -2.743626 -324.464589
v 7.185129 -2.743626 -324.489564
v 7.236906 -2.743626 -324.529294
v 7.276636 -2.743626 -324.581071
v 7.301611 -2.743626 -324.641366
v 7.310129 -3.743626 -324.706071
v 7.301611 -3.743626 -324.770775
v 7.276636 -3.743626 -324.831071
v 7.236906 -3.743626 -324.882847
v 7.185129 -3.743626 -324.922577
v 7.124834 -3.743626 -324.947552
v 7.060129 -3.743626 -324.956071
v 6.995424 -3.743626 -324.947552
v 6.935129 -3.743626 -324.922577
v 6.883353 -3.743626 -324.882847
v 6.843623 -3.743626 -324.831071
v 6.818648 -3.743626 -324.770775
v 6.810129 -3.743626 -324.706071
v 6.818648 -3.743626 -324.641366
v 6.843623 -3.743626 -324.581071
v 6.883353 -3.743626 -324.529294
v 6.935129 -3.743626 -324.489564
v 6.995424 -3.743626 -324.464589
v 7.060129 -3.743626 -324.456071
v 7.124834 -3.743626 -324.464589
v 7.185129 -3.743626 -324.489564
v 7.236906 -3.743626 -324.529294
v 7.276636 -3.743626 -324.581071
v 7.301611 -3.743626 -324.641366
v 14.414040 -2.743626 -324.456071
v 14.478745 -2.743626 -324.464589
v 14.539040 -2.743626 -324.489564
v 14.590816 -2.743626 -324.529294
v 14.630546 -2.743626 -324.581071
v 14.655521 -2.743626 -324.641366
v 14.664040 -2.743626 -324.706071
v 14.655521 -2.743626 -324.770775
v 14.630546 -2.743626 -324.831071
v 14.590816 -2.743626 -324.882847
v 14.539040 -2.743626 -324.922577
v 14.478745 -2.743626 -324.947552
v 14.414040 -2.743626 -324.956071
v 14.349335 -2.743626 -324.947552
v 14.289040 -2.743626 -324.922577
v 14.237263 -2.743626 -324.882847
v 14.197533 -2.743626 -324.831071
v 14.172558 -2.743626 -324.770775
v 14.164040 -2.743626 -324.706071
v 14.172558 -2.743626 -324.641366
v 14.197533 -2.743626 -324.581071
v 14.237263 -2.743626 -324.529294
v 14.289040 -2.743626 -324.489564
v 14.349335 -2.743626 -324.464589
v 14.414040 -3.743626 -324.456071
v 14.478745 -3.743626 -324.464589
v 14.539040 -3.743626 -324.489564
v 14.590816 -3.743626 -324.529294
v 14.630546 -3.743626 -324.581071
v 14.655521 -3.743626 -324.641366
v 14.664040 -3.743626 -324.706071
v 14.655521 -3.743626 -324.770775
v 14.630546 -3.743626 -324.831071
v 14.590816 -3.743626 -324.882847
v 14.539040 -3.743626 -324.922577
v 14.478745 -3.743626 -324.947552
v 14.414040 -3.743626 -324.956071
v 14.349335 -3.743626 -324.947552
v 14.289040 -3.743626 -324.922577
v 14.237263 -3.743626 -324.882847
v 14.197533 -3.743626 -324.831071
v 14.172558 -3.743626 -324.770775
v 14.164040 -3.743626 -324.706071
v 14.172558 -3.743626 -324.641366
v 14.197533 -3.743626 -324.581071
v 14.237263 -3.743626 -324.529294
v 14.289040 -3.743626 -324.489564
v 14.349335 -3.743626 -324.464589
v 7.554779 -2.743626 -316.930471
v 7.433009 -2.743626 -316.819750
v 7.287332 -2.743626 -316.743162
v 7.127089 -2.743626 -316.705618
v 6.962553 -2.743626 -316.709526
v 6.804273 -2.743626 -316.754634
v 6.662397 -2.743626 -316.838050
v 6.546020 -2.743626 -316.954428
v 6.462603 -2.743626 -317.096304
v 6.417495 -2.743626 -317.254584
v 6.413587 -2.743626 -317.419120
v 6.451131 -2.743626 -317.579363
v 6.527719 -2.743626 -317.725039
v 6.638440 -2.743626 -317.846810
vt -3.242114 -2.486974 0.000000
vt -4.236848 -2.701745 0.000000
vt -3.242114 -2.732867 0.000000
vt -4.236848 -3.152036 0.000000
vt -3.242114 -3.176242 0.000000
vt -4.236848 -3.602327 0.000000
vt -3.242114 -3.619617 0.000000
vt -4.236848 -4.052617 0.000000
vt -3.242114 -4.062991 0.000000
vt -4.236848 -4.505872 0.000000
vt -3.242114 -4.506366 0.000000
vt -4.236848 -4.950235 0.000000
vt -3.242114 -4.949741 0.000000
vt -3.242114 -5.393116 0.000000
vt -4.236848 -5.403490 0.000000
vt -3.242114 -5.836490 0.000000
vt -4.236848 -5.853781 0.000000
vt -3.242114 -6.279865 0.000000
vt -4.236848 -6.304071 0.000000
vt -3.242114 -6.723240 0.000000
vt -4.236848 -6.754362 0.000000
vt -3.242114 -6.969134 0.000000
vt -4.236848 -7.204653 0.000000
vt -3.242114 -7.215027 0.000000
vt -3.242114 -7.460921 0.000000
vt -4.236848 -7.654944 0.000000
vt -3.242114 -7.904295 0.000000
vt -4.236848 -8.105235 0.000000
vt -3.242114 -8.347670 0.000000
vt -4.236848 -8.555525 0.000000
vt -3.242114 -8.791045 0.000000
vt -4.236848 -9.005816 0.000000
vt -3.242114 -9.234420 0.000000
vt -4.236848 -9.456107 0.000000
vt -3.242114 -9.677794 0.000000
vt -3.242114 9.234420 0.000000
vt -4.236848 9.456107 0.000000
vt -4.236848 9.005816 0.000000
vt -3.242114 8.791045 0.000000
vt -4.236848 8.555525 0.000000
vt -3.242114 8.347670 0.000000
vt -4.236848 8.105235 0.000000
vt -3.242114 7.904295 0.000000
vt -4.236848 7.654944 0.000000
vt -3.242114 7.460921 0.000000
vt -4.236848 7.204653 0.000000
vt -3.242114 7.215027 0.000000
vt -3.242114 6.969134 0.000000
vt -4.236848 6.754362 0.000000
vt -3.242114 6.723240 0.000000
vt -4.236848 6.304071 0.000000
vt -3.242114 6.279865 0.000000
vt -4.236848 5.853781 0.000000
vt -3.242114 5.836490 0.000000
vt -4.236848 5.403490 0.000000
vt -3.242114 5.393116 0.000000
vt -4.236848 4.950235 0.000000
vt -3.242114 4.949741 0.000000
vt -4.236848 4.505872 0.000000
vt -3.242114 4.506366 0.000000
vt -3.242114 4.062991 0.000000
vt -4.236848 4.052617 0.000000
vt -3.242114 3.619617 0.000000
vt -4.236848 3.602327 0.000000
vt -3.242114 3.176242 0.000000
vt -4.236848 3.152036 0.000000
vt -3.242114 2.732867 0.000000
vt -4.236848 2.701745 0.000000
vt -3.242114 2.486974 0.000000
vt -4.236848 2.251454 0.000000
vt -3.242114 2.241080 0.000000
vt -3.242114 1.995186 0.000000
vt -4.236848 1.801163 0.000000
vt -3.242114 1.551812 0.000000
vt -4.236848 1.350872 0.000000
vt -3.242114 1.108437 0.000000
vt -4.236848 0.900582 0.000000
vt -3.242114 0.665062 0.000000
vt -4.236848 0.450291 0.000000
vt -3.242114 0.221687 0.000000
vt -4.236848 0.000000 0.000000
vt -3.242114 -0.221687 0.000000
vt -4.236848 -0.450291 0.000000
vt -3.242114 -0.665062 0.000000
vt -4.236848 -0.900582 0.000000
vt -3.242114 -1.108437 0.000000
vt -4.236848 -1.350872 0.000000
vt -3.242114 -1.551812 0.000000
vt -4.236848 -1.801163 0.000000
vt -3.242114 -1.995186 0.000000
vt -4.236848 -2.251454 0.000000
vt -3.242114 -2.241080 0.000000
vt -9.210521 9.456107 0.000000
vt -10.205255 9.456107 0.000000
vt -9.210521 9.005816 0.000000
vt -10.205255 9.005816 0.000000
vt -9.210521 8.555525 0.000000
vt -10.205255 8.555525 0.000000
vt -9.210521 8.105235 0.000000
vt -10.205255 8.105235 0.000000
vt -9.210521 7.654944 0.000000
vt -10.205255 7.654944 0.000000
vt -9.210521 7.204653 0.000000
vt -10.205255 7.204653 0.000000
vt -9.210521 6.754362 0.000000
vt -10.205255 6.754362 0.000000
vt -9.210521 6.304071 0.000000
vt -10.205255 6.304071 0.000000
vt -9.210521 5.853781 0.000000
vt -10.205255 5.853781 0.000000
vt -9.210521 5.403490 0.000000
vt -10.205255 5.403490 0.000000
vt -9.210521 4.952705 0.000000
vt -9.210521 4.052617 0.000000
vt -10.205255 4.052617 0.000000
vt -9.210521 3.602327 0.000000
vt -10.205255 3.602327 0.000000
vt -9.210521 3.152036 0.000000
vt -9.210521 2.701745 0.000000
vt -10.205255 2.701745 0.000000
vt -9.210521 2.251454 0.000000
vt -10.205255 2.251454 0.000000
vt -9.210521 1.801163 0.000000
vt -10.205255 1.801163 0.000000
vt -9.210521 1.350872 0.000000
vt -10.205255 1.350872 0.000000
vt -9.210521 0.900582 0.000000
vt -10.205255 0.900582 0.000000
vt -9.210521 0.450291 0.000000
vt -10.205255 0.450291 0.000000
vt -9.210521 0.000000 0.000000
vt -10.205255 0.000000 0.000000
vt -9.210521 -0.450291 0.000000
vt -10.205255 -0.450291 0.000000
vt -9.210521 -0.900582 0.000000
vt -10.205255 -0.900582 0.000000
vt -9.210521 -1.350872 0.000000
vt -10.205255 -1.350872 0.000000
vt -9.210521 -1.801163 0.000000
vt -10.205255 -1.801163 0.000000
vt -9.210521 -2.251454 0.000000
vt -10.205255 -2.251454 0.000000
vt -9.210521 -2.701745 0.000000
vt -10.205255 -2.701745 0.000000
vt -9.210521 -3.152036 0.000000
vt -9.210521 -3.602327 0.000000
vt -10.205255 -3.602327 0.000000
vt -9.210521 -4.052617 0.000000
vt -10.205255 -4.052617 0.000000
vt -9.210521 -4.503402 0.000000
vt -9.210521 -5.403490 0.000000
vt -10.205255 -5.403490 0.000000
vt -9.210521 -5.853781 0.000000
vt -10.205255 -5.853781 0.000000
vt -9.210521 -6.304071 0.000000
vt -10.205255 -6.304071 0.000000
vt -9.210521 -6.754362 0.000000
vt -10.205255 -6.754362 0.000000
vt -9.210521 -7.204653 0.000000
vt -10.205255 -7.204653 0.000000
vt -9.210521 -7.654944 0.000000
vt -10.205255 -7.654944 0.000000
vt -9.210521 -8.105235 0.000000
vt -10.205255 -8.105235 0.000000
vt -9.210521 -8.555525 0.000000
vt -10.205255 -8.555525 0.000000
vt -9.210521 -9.005816 0.000000
vt -10.205255 -9.005816 0.000000
vt -9.210521 -9.456107 0.000000
vt -5.231583 9.456107 0.000000
vt -5.231583 9.005816 0.000000
vt -5.231583 8.555525 0.000000
vt -5.231583 8.105235 0.000000
vt -5.231583 7.654944 0.000000
vt -5.231583 7.204653 0.000000
vt -5.231583 6.754362 0.000000
vt -5.231583 6.304071 0.000000
vt -5.231583 5.853781 0.000000
vt -5.231583 5.403490 0.000000
vt -5.231583 4.950729 0.000000
vt -6.226317 4.951223 0.000000
vt -6.226317 4.504884 0.000000
vt -7.221052 4.504390 0.000000
vt -6.226317 4.052617 0.000000
vt -7.221052 4.052617 0.000000
vt -6.226317 3.602327 0.000000
vt -7.221052 3.602327 0.000000
vt -6.226317 3.152036 0.000000
vt -7.221052 3.152036 0.000000
vt -6.226317 2.701745 0.000000
vt -7.221052 2.701745 0.000000
vt -6.226317 2.251454 0.000000
vt -7.221052 2.251454 0.000000
vt -6.226317 1.801163 0.000000
vt -7.221052 1.801163 0.000000
vt -6.226317 1.350872 0.000000
vt -7.221052 1.350872 0.000000
vt -6.226317 0.900582 0.000000
vt -7.221052 0.900582 0.000000
vt -6.226317 0.450291 0.000000
vt -7.221052 0.450291 0.000000
vt -6.226317 0.000000 0.000000
vt -7.221052 0.000000 0.000000
vt -6.226317 -0.450291 0.000000
vt -7.221052 -0.450291 0.000000
vt -6.226317 -0.900582 0.000000
vt -7.221052 -0.900582 0.000000
vt -6.226317 -1.350872 0.000000
vt -7.221052 -1.350872 0.000000
vt -6.226317 -1.801163 0.000000
vt -7.221052 -1.801163 0.000000
vt -6.226317 -2.251454 0.000000
vt -7.221052 -2.251454 0.000000
vt -6.226317 -2.701745 0.000000
vt -7.221052 -2.701745 0.000000
vt -6.226317 -3.152036 0.000000
vt -7.221052 -3.152036 0.000000
vt -6.226317 -3.602327 0.000000
vt -7.221052 -3.602327 0.000000
vt -6.226317 -4.052617 0.000000
vt -7.221052 -4.052617 0.000000
vt -7.221052 -4.504390 0.000000
vt -8.215786 -4.503896 0.000000
vt -8.215786 -4.952211 0.000000
vt -9.210521 -4.952705 0.000000
vt -8.215786 -5.403490 0.000000
vt -8.215786 -5.853781 0.000000
vt -8.215786 -6.304071 0.000000
vt -8.215786 -6.754362 0.000000
vt -8.215786 -7.204653 0.000000
vt -8.215786 -7.654944 0.000000
vt -8.215786 -8.105235 0.000000
vt -8.215786 -8.555525 0.000000
vt -8.215786 -9.005816 0.000000
vt -8.215786 -9.456107 0.000000
vt -8.215786 9.456107 0.000000
vt -8.215786 9.005816 0.000000
vt -8.215786 8.555525 0.000000
vt -8.215786 8.105235 0.000000
vt -8.215786 7.654944 0.000000
vt -8.215786 7.204653 0.000000
vt -8.215786 6.754362 0.000000
vt -8.215786 6.304071 0.000000
vt -8.215786 5.853781 0.000000
vt -8.215786 5.403490 0.000000
vt -6.226317 9.456107 0.000000
vt -6.226317 9.005816 0.000000
vt -6.226317 8.555525 0.000000
vt -6.226317 8.105235 0.000000
vt -6.226317 7.654944 0.000000
vt -6.226317 7.204653 0.000000
vt -6.226317 6.754362 0.000000
vt -6.226317 6.304071 0.000000
vt -6.226317 5.853781 0.000000
vt -6.226317 5.403490 0.000000
vt -7.221052 4.951717 0.000000
vt -8.215786 4.503896 0.000000
vt -8.215786 4.052617 0.000000
vt -8.215786 3.602327 0.000000
vt -8.215786 3.152036 0.000000
vt -8.215786 2.701745 0.000000
vt -8.215786 2.251454 0.000000
vt -8.215786 1.801163 0.000000
vt -8.215786 1.350872 0.000000
vt -8.215786 0.900582 0.000000
vt -8.215786 0.450291 0.000000
vt -8.215786 0.000000 0.000000
vt -8.215786 -0.450291 0.000000
vt -8.215786 -0.900582 0.000000
vt -8.215786 -1.350872 0.000000
vt -8.215786 -1.801163 0.000000
vt -8.215786 -2.251454 0.000000
vt -8.215786 -2.701745 0.000000
vt -8.215786 -3.152036 0.000000
vt -8.215786 -3.602327 0.000000
vt -8.215786 -4.052617 0.000000
vt -10.205255 -4.953199 0.000000
vt -5.231583 -9.456107 0.000000
vt -5.231583 -9.005816 0.000000
vt -5.231583 -8.555525 0.000000
vt -5.231583 -8.105235 0.000000
vt -5.231583 -7.654944 0.000000
vt -5.231583 -7.204653 0.000000
vt -5.231583 -6.754362 0.000000
vt -5.231583 -6.304071 0.000000
vt -5.231583 -5.853781 0.000000
vt -5.231583 -5.403490 0.000000
vt -5.231583 -4.950729 0.000000
vt -7.221052 9.456107 0.000000
vt -7.221052 9.005816 0.000000
vt -7.221052 8.555525 0.000000
vt -7.221052 8.105235 0.000000
vt -7.221052 7.654944 0.000000
vt -7.221052 7.204653 0.000000
vt -7.221052 6.754362 0.000000
vt -7.221052 6.304071 0.000000
vt -7.221052 5.853781 0.000000
vt -7.221052 5.403490 0.000000
vt -8.215786 4.952211 0.000000
vt -9.210521 4.503402 0.000000
vt -6.226317 -9.456107 0.000000
vt -6.226317 -9.005816 0.000000
vt -6.226317 -8.555525 0.000000
vt -6.226317 -8.105235 0.000000
vt -6.226317 -7.654944 0.000000
vt -6.226317 -7.204653 0.000000
vt -6.226317 -6.754362 0.000000
vt -6.226317 -6.304071 0.000000
vt -6.226317 -5.853781 0.000000
vt -6.226317 -5.403490 0.000000
vt -6.226317 -4.951223 0.000000
vt -5.231583 -4.505378 0.000000
vt -10.205255 4.502908 0.000000
vt -7.221052 -9.456107 0.000000
vt -7.221052 -9.005816 0.000000
vt -7.221052 -8.555525 0.000000
vt -7.221052 -8.105235 0.000000
vt -7.221052 -7.654944 0.000000
vt -7.221052 -7.204653 0.000000
vt -7.221052 -6.754362 0.000000
vt -7.221052 -6.304071 0.000000
vt -7.221052 -5.853781 0.000000
vt -7.221052 -5.403490 0.000000
vt -7.221052 -4.951717 0.000000
vt -6.226317 -4.504884 0.000000
vt -5.231583 -4.052617 0.000000
vt -5.231583 -3.602327 0.000000
vt -5.231583 -3.152036 0.000000
vt -5.231583 -2.701745 0.000000
vt -5.231583 -2.251454 0.000000
vt -5.231583 -1.801163 0.000000
vt -5.231583 -1.350872 0.000000
vt -5.231583 -0.900582 0.000000
vt -5.231583 -0.450291 0.000000
vt -5.231583 0.000000 0.000000
vt -5.231583 0.450291 0.000000
vt -5.231583 0.900582 0.000000
vt -5.231583 1.350872 0.000000
vt -5.231583 1.801163 0.000000
vt -5.231583 2.251454 0.000000
vt -5.231583 2.701745 0.000000
vt -5.231583 3.152036 0.000000
vt -5.231583 3.602327 0.000000
vt -5.231583 4.052617 0.000000
vt -5.231583 4.505378 0.000000
vt -10.205255 -3.152036 0.000000
vt -10.205255 3.152036 0.000000
vt -0.000000 3.330865 0.000000
vt -3.500000 3.330865 0.000000
vt -0.000000 2.590673 0.000000
vt -3.500000 2.590673 0.000000
vt -0.000000 1.850481 0.000000
vt -3.500000 1.850481 0.000000
vt -0.000000 1.110288 0.000000
vt -3.500000 1.110288 0.000000
vt -0.000000 0.370096 0.000000
vt -3.500000 0.370096 0.000000
vt -0.000000 -0.370096 0.000000
vt -3.500000 -0.370096 0.000000
vt -0.000000 -1.110288 0.000000
vt -3.500000 -1.110288 0.000000
vt -0.000000 -1.850481 0.000000
vt -3.500000 -1.850481 0.000000
vt -0.000000 -2.590673 0.000000
vt -3.500000 -2.590673 0.000000
vt -0.000000 -3.330865 0.000000
vt -3.500000 -3.330865 0.000000
vt -0.000000 11.224117 0.000000
vt -3.500000 11.224117 0.000000
vt -0.000000 10.483924 0.000000
vt -3.500000 10.483924 0.000000
vt -0.000000 9.743732 0.000000
vt -3.500000 9.743732 0.000000
vt -0.000000 9.003540 0.000000
vt -3.500000 9.003540 0.000000
vt -0.000000 8.263348 0.000000
vt -3.500000 8.263348 0.000000
vt -0.000000 7.523155 0.000000
vt -3.500000 7.523155 0.000000
vt -0.000000 6.782963 0.000000
vt -3.500000 6.782963 0.000000
vt -0.000000 6.042771 0.000000
vt -3.500000 6.042771 0.000000
vt -0.000000 5.302579 0.000000
vt -3.500000 5.302579 0.000000
vt -0.000000 4.562386 0.000000
vt -3.500000 4.562386 0.000000
vt -0.000000 3.330865 0.000000
vt -3.500000 3.330865 0.000000
vt -0.000000 2.590673 0.000000
vt -3.500000 2.590673 0.000000
vt -0.000000 1.850481 0.000000
vt -3.500000 1.850481 0.000000
vt -0.000000 1.110288 0.000000
vt -3.500000 1.110288 0.000000
vt -0.000000 0.370096 0.000000
vt -3.500000 0.370096 0.000000
vt -0.000000 -0.370096 0.000000
vt -3.500000 -0.370096 0.000000
vt -0.000000 -1.110288 0.000000
vt -3.500000 -1.110288 0.000000
vt -0.000000 -1.850481 0.000000
vt -3.500000 -1.850481 0.000000
vt -0.000000 -2.590673 0.000000
vt -3.500000 -2.590673 0.000000
vt -0.000000 -3.330865 0.000000
vt -3.500000 -3.330865 0.000000
vt -0.000000 -4.562386 0.000000
vt -3.500000 -4.562386 0.000000
vt -0.000000 -5.302579 0.000000
vt -3.500000 -5.302579 0.000000
vt -0.000000 -6.042771 0.000000
vt -3.500000 -6.042771 0.000000
vt -0.000000 -6.782963 0.000000
vt -3.500000 -6.782963 0.000000
vt -0.000000 -7.523155 0.000000
vt -3.500000 -7.523155 0.000000
vt -0.000000 -8.263348 0.000000
vt -3.500000 -8.263348 0.000000
vt -0.000000 -9.003540 0.000000
vt -3.500000 -9.003540 0.000000
vt -0.000000 -9.743732 0.000000
vt -3.500000 -9.743732 0.000000
vt -0.000000 -10.483924 0.000000
vt -3.500000 -10.483924 0.000000
vt -0.000000 -11.224117 0.000000
vt -3.500000 -11.224117 0.000000
vt -1.998740 13.963726 0.000000
vt -1.998740 13.503516 0.000000
vt -1.785526 13.978974 0.000000
vt -1.499055 13.273696 0.000000
vt -1.558384 13.953752 0.000000
vt -1.315909 13.893377 0.000000
vt -1.064133 13.804154 0.000000
vt -0.999370 13.273980 0.000000
vt -0.803205 13.691087 0.000000
vt -0.538854 13.561627 0.000000
vt -0.499685 13.274265 0.000000
vt -0.272434 13.421515 0.000000
vt -0.002080 13.274548 0.000000
vt -0.272434 13.125307 0.000000
vt -0.002080 13.272274 0.000000
vt -1.998740 13.043306 0.000000
vt -1.785526 12.567848 0.000000
vt -1.558384 12.593070 0.000000
vt -1.998740 12.583096 0.000000
vt -1.315909 12.653445 0.000000
vt -1.064133 12.742668 0.000000
vt -0.803205 12.855735 0.000000
vt -0.538854 12.985196 0.000000
vt -0.000000 13.273411 0.000000
vt -1.998740 -12.583096 0.000000
vt -1.998740 -13.043306 0.000000
vt -1.785526 -12.567848 0.000000
vt -1.499055 -13.273126 0.000000
vt -1.558384 -12.593070 0.000000
vt -1.315909 -12.653445 0.000000
vt -1.064133 -12.742668 0.000000
vt -0.999370 -13.272842 0.000000
vt -0.803205 -12.855735 0.000000
vt -0.538854 -12.985196 0.000000
vt -0.499685 -13.272557 0.000000
vt -0.272434 -13.125307 0.000000
vt -0.002080 -13.272274 0.000000
vt -0.272434 -13.421515 0.000000
vt -0.002080 -13.274548 0.000000
vt -1.998740 -13.503516 0.000000
vt -1.785526 -13.978974 0.000000
vt -1.558384 -13.953752 0.000000
vt -1.998740 -13.963726 0.000000
vt -1.315909 -13.893377 0.000000
vt -1.064133 -13.804154 0.000000
vt -0.803205 -13.691087 0.000000
vt -0.538854 -13.561627 0.000000
vt 0.000000 -13.273411 0.000000
vt -1.998740 5.114785 0.000000
vt -1.998740 4.654575 0.000000
vt -1.785526 5.130033 0.000000
vt -1.499055 4.424755 0.000000
vt -1.558384 5.104811 0.000000
vt -1.315909 5.044436 0.000000
vt -1.064133 4.955213 0.000000
vt -0.999370 4.425040 0.000000
vt -0.803205 4.842147 0.000000
vt -0.538854 4.712686 0.000000
vt -0.499685 4.425324 0.000000
vt -0.272434 4.572574 0.000000
vt -0.002080 4.425608 0.000000
vt -0.272434 4.276366 0.000000
vt -0.002080 4.423333 0.000000
vt -1.998740 4.194365 0.000000
vt -1.785526 3.718907 0.000000
vt -1.558384 3.744129 0.000000
vt -1.998740 3.734155 0.000000
vt -1.315909 3.804505 0.000000
vt -1.064133 3.893727 0.000000
vt -0.803205 4.006794 0.000000
vt -0.538854 4.136255 0.000000
vt -0.000000 4.424470 0.000000
vt -1.998740 -3.734155 0.000000
vt -1.998740 -4.194365 0.000000
vt -1.785526 -3.718907 0.000000
vt -1.499055 -4.424755 0.000000
vt -1.558384 -3.744129 0.000000
vt -1.315909 -3.804505 0.000000
vt -1.064133 -3.893727 0.000000
vt -0.999370 -4.425040 0.000000
vt -0.803205 -4.006794 0.000000
vt -0.538854 -4.136255 0.000000
vt -0.499685 -4.425324 0.000000
vt -0.272434 -4.276366 0.000000
vt -0.002080 -4.425608 0.000000
vt -0.002080 -4.423333 0.000000
vt 0.000000 -4.424470 0.000000
vt -1.998740 -4.654575 0.000000
vt -1.785526 -5.130033 0.000000
vt -1.558384 -5.104811 0.000000
vt -1.998740 -5.114785 0.000000
vt -1.315909 -5.044436 0.000000
vt -1.064133 -4.955213 0.000000
vt -0.803205 -4.842147 0.000000
vt -0.538854 -4.712686 0.000000
vt -0.272434 -4.572574 0.000000
vt -0.241481 -0.064705 0.000000
vt 0.241481 -0.064705 0.000000
vt -0.250000 0.000000 0.000000
vt 0.250000 0.000000 0.000000
vt -0.241481 0.064705 0.000000
vt 0.241481 0.064705 0.000000
vt -0.216506 0.125000 0.000000
vt 0.216506 0.125000 0.000000
vt -0.176777 0.176777 0.000000
vt 0.176777 0.176777 0.000000
vt -0.125000 0.216506 0.000000
vt 0.125000 0.216506 0.000000
vt -0.064705 0.241481 0.000000
vt 0.064705 0.241481 0.000000
vt 0.000000 0.250000 0.000000
vt 0.216506 -0.125000 0.000000
vt -0.216506 -0.125000 0.000000
vt 0.176777 -0.176777 0.000000
vt -0.176777 -0.176777 0.000000
vt 0.125000 -0.216506 0.000000
vt -0.125000 -0.216506 0.000000
vt 0.064705 -0.241481 0.000000
vt -0.064705 -0.241481 0.000000
vt 0.000000 -0.250000 0.000000
vt 0.241481 0.064705 0.000000
vt -0.241481 0.064705 0.000000
vt 0.250000 0.000000 0.000000
vt -0.250000 0.000000 0.000000
vt 0.241481 -0.064705 0.000000
vt -0.241481 -0.064705 0.000000
vt 0.216506 -0.125000 0.000000
vt -0.216506 -0.125000 0.000000
vt 0.176777 -0.176777 0.000000
vt -0.176777 -0.176777 0.000000
vt 0.125000 -0.216506 0.000000
vt -0.125000 -0.216506 0.000000
vt 0.064705 -0.241481 0.000000
vt -0.064705 -0.241481 0.000000
vt 0.000000 -0.250000 0.000000
vt -0.216506 0.125000 0.000000
vt 0.216506 0.125000 0.000000
vt -0.176777 0.176777 0.000000
vt 0.176777 0.176777 0.000000
vt -0.125000 0.216506 0.000000
vt 0.125000 0.216506 0.000000
vt -0.064705 0.241481 0.000000
vt 0.064705 0.241481 0.000000
vt 0.000000 0.250000 0.000000
vt 0.000000 -0.250000 0.000000
vt 0.064705 -0.241481 0.000000
vt -0.064705 -0.241481 0.000000
vt -0.125000 -0.216506 0.000000
vt 0.125000 -0.216506 0.000000
vt -0.176777 -0.176777 0.000000
vt 0.176777 -0.176777 0.000000
vt -0.216506 -0.125000 0.000000
vt 0.216506 -0.125000 0.000000
vt -0.241481 -0.064705 0.000000
vt 0.241481 -0.064705 0.000000
vt -0.250000 0.000000 0.000000
vt 0.250000 0.000000 0.000000
vt -0.241481 0.064705 0.000000
vt 0.241481 0.064705 0.000000
vt -0.216506 0.125000 0.000000
vt 0.216506 0.125000 0.000000
vt -0.176777 0.176777 0.000000
vt 0.176777 0.176777 0.000000
vt -0.125000 0.216506 0.000000
vt 0.125000 0.216506 0.000000
vt -0.064705 0.241481 0.000000
vt 0.064705 0.241481 0.000000
vt 0.000000 0.250000 0.000000
vt 0.000000 0.250000 0.000000
vt -0.064705 0.241481 0.000000
vt 0.064705 0.241481 0.000000
vt 0.125000 0.216506 0.000000
vt -0.125000 0.216506 0.000000
vt 0.176777 0.176777 0.000000
vt -0.176777 0.176777 0.000000
vt 0.216506 0.125000 0.000000
vt -0.216506 0.125000 0.000000
vt 0.241481 0.064705 0.000000
vt -0.241481 0.064705 0.000000
vt 0.250000 0.000000 0.000000
vt -0.250000 0.000000 0.000000
vt 0.241481 -0.064705 0.000000
vt -0.241481 -0.064705 0.000000
vt 0.216506 -0.125000 0.000000
vt -0.216506 -0.125000 0.000000
vt 0.176777 -0.176777 0.000000
vt -0.176777 -0.176777 0.000000
vt 0.125000 -0.216506 0.000000
vt -0.125000 -0.216506 0.000000
vt 0.064705 -0.241481 0.000000
vt -0.064705 -0.241481 0.000000
vt 0.000000 -0.250000 0.000000
vt 0.000000 0.719948 0.000000
vt 1.000000 0.719948 0.000000
vt 0.000000 0.785398 0.000000
vt 1.000000 0.785398 0.000000
vt 0.000000 -0.785398 0.000000
vt 1.000000 -0.785398 0.000000
vt 0.000000 -0.719948 0.000000
vt 1.000000 -0.719948 0.000000
vt 0.000000 -0.654498 0.000000
vt 1.000000 -0.654498 0.000000
vt 0.000000 -0.589049 0.000000
vt 1.000000 -0.589049 0.000000
vt 0.000000 -0.523599 0.000000
vt 1.000000 -0.523599 0.000000
vt 0.000000 -0.458149 0.000000
vt 1.000000 -0.458149 0.000000
vt 0.000000 -0.392699 0.000000
vt 1.000000 -0.392699 0.000000
vt 0.000000 -0.327249 0.000000
vt 1.000000 -0.327249 0.000000
vt 0.000000 -0.261799 0.000000
vt 1.000000 -0.261799 0.000000
vt 0.000000 -0.196350 0.000000
vt 1.000000 -0.196350 0.000000
vt 0.000000 -0.130900 0.000000
vt 1.000000 -0.130900 0.000000
vt 0.000000 -0.065450 0.000000
vt 1.000000 -0.065450 0.000000
vt 0.000000 0.000000 0.000000
vt 1.000000 0.000000 0.000000
vt 0.000000 0.065450 0.000000
vt 1.000000 0.065450 0.000000
vt 0.000000 0.130900 0.000000
vt 1.000000 0.130900 0.000000
vt 0.000000 0.196350 0.000000
vt 1.000000 0.196350 0.000000
vt 0.000000 0.261799 0.000000
vt 1.000000 0.261799 0.000000
vt 0.000000 0.327249 0.000000
vt 1.000000 0.327249 0.000000
vt 0.000000 0.392699 0.000000
vt 1.000000 0.392699 0.000000
vt 0.000000 0.458149 0.000000
vt 1.000000 0.458149 0.000000
vt 0.000000 0.523599 0.000000
vt 1.000000 0.523599 0.000000
vt 0.000000 0.589049 0.000000
vt 1.000000 0.589049 0.000000
vt 0.000000 0.654498 0.000000
vt 1.000000 0.654498 0.000000
vt 2.000000 -0.719948 0.000000
vt 2.000000 -0.785398 0.000000
vt 2.000000 0.785398 0.000000
vt 2.000000 0.719948 0.000000
vt 2.000000 0.654498 0.000000
vt 2.000000 0.589049 0.000000
vt 2.000000 0.523599 0.000000
vt 2.000000 0.458149 0.000000
vt 2.000000 0.392699 0.000000
vt 2.000000 0.327249 0.000000
vt 2.000000 0.261799 0.000000
vt 2.000000 0.196350 0.000000
vt 2.000000 0.130900 0.000000
vt 2.000000 0.065450 0.000000
vt 2.000000 0.000000 0.000000
vt 2.000000 -0.065450 0.000000
vt 2.000000 -0.130900 0.000000
vt 2.000000 -0.196350 0.000000
vt 2.000000 -0.261799 0.000000
vt 2.000000 -0.327249 0.000000
vt 2.000000 -0.392699 0.000000
vt 2.000000 -0.458149 0.000000
vt 2.000000 -0.523599 0.000000
vt 2.000000 -0.589049 0.000000
vt 2.000000 -0.654498 0.000000
vt -1.752080 0.509328 0.000000
vt -0.000000 0.427996 0.000000
vt -1.750000 0.510509 0.000000
vt -0.000000 0.593021 0.000000
vt -1.752080 0.511690 0.000000
vt -2.021781 0.665319 0.000000
vt -0.000000 0.758046 0.000000
vt -2.283803 0.817729 0.000000
vt -0.000000 0.923072 0.000000
vt -2.536528 0.970983 0.000000
vt -0.000000 1.088097 0.000000
vt -2.775546 1.125520 0.000000
vt -0.000000 1.253122 0.000000
vt -2.993354 1.279468 0.000000
vt -0.000000 1.418147 0.000000
vt -3.188684 1.434567 0.000000
vt -0.000000 1.583172 0.000000
vt -3.356805 1.589333 0.000000
vt -0.000000 1.748197 0.000000
vt -3.500000 1.748197 0.000000
vt -2.021781 0.355699 0.000000
vt -0.000000 0.262971 0.000000
vt -2.283803 0.203289 0.000000
vt -0.000000 0.097946 0.000000
vt -2.536528 0.050034 0.000000
vt -0.000000 -0.067079 0.000000
vt -2.775546 -0.104502 0.000000
vt -0.000000 -0.232104 0.000000
vt -2.993354 -0.258450 0.000000
vt -0.000000 -0.397129 0.000000
vt -3.188684 -0.413549 0.000000
vt -0.000000 -0.562154 0.000000
vt -3.356805 -0.568315 0.000000
vt -0.000000 -0.727179 0.000000
vt -3.500000 -0.727179 0.000000
vt 0.000000 0.719948 0.000000
vt 1.000000 0.719948 0.000000
vt 0.000000 0.785398 0.000000
vt 1.000000 0.785398 0.000000
vt 0.000000 -0.785398 0.000000
vt 1.000000 -0.785398 0.000000
vt 0.000000 -0.719948 0.000000
vt 1.000000 -0.719948 0.000000
vt 0.000000 -0.654498 0.000000
vt 1.000000 -0.654498 0.000000
vt 0.000000 -0.589049 0.000000
vt 1.000000 -0.589049 0.000000
vt 0.000000 -0.523599 0.000000
vt 1.000000 -0.523599 0.000000
vt 0.000000 -0.458149 0.000000
vt 1.000000 -0.458149 0.000000
vt 0.000000 -0.392699 0.000000
vt 1.000000 -0.392699 0.000000
vt 0.000000 -0.327249 0.000000
vt 1.000000 -0.327249 0.000000
vt 0.000000 -0.261799 0.000000
vt 1.000000 -0.261799 0.000000
vt 0.000000 -0.196350 0.000000
vt 1.000000 -0.196350 0.000000
vt 0.000000 -0.130900 0.000000
vt 1.000000 -0.130900 0.000000
vt 0.000000 -0.065450 0.000000
vt 1.000000 -0.065450 0.000000
vt 0.000000 0.000000 0.000000
vt 1.000000 0.000000 0.000000
vt 0.000000 0.065450 0.000000
vt 1.000000 0.065450 0.000000
vt 0.000000 0.130900 0.000000
vt 1.000000 0.130900 0.000000
vt 0.000000 0.196350 0.000000
vt 1.000000 0.196350 0.000000
vt 0.000000 0.261799 0.000000
vt 1.000000 0.261799 0.000000
vt 0.000000 0.327249 0.000000
vt 1.000000 0.327249 0.000000
vt 0.000000 0.392699 0.000000
vt 1.000000 0.392699 0.000000
vt 0.000000 0.458149 0.000000
vt 1.000000 0.458149 0.000000
vt 0.000000 0.523599 0.000000
vt 1.000000 0.523599 0.000000
vt 0.000000 0.589049 0.000000
vt 1.000000 0.589049 0.000000
vt 0.000000 0.654498 0.000000
vt 1.000000 0.654498 0.000000
vt 2.000000 -0.719948 0.000000
vt 2.000000 -0.785398 0.000000
vt 2.000000 0.785398 0.000000
vt 2.000000 0.719948 0.000000
vt 2.000000 0.654498 0.000000
vt 2.000000 0.589049 0.000000
vt 2.000000 0.523599 0.000000
vt 2.000000 0.458149 0.000000
vt 2.000000 0.392699 0.000000
vt 2.000000 0.327249 0.000000
vt 2.000000 0.261799 0.000000
vt 2.000000 0.196350 0.000000
vt 2.000000 0.130900 0.000000
vt 2.000000 0.065450 0.000000
vt 2.000000 0.000000 0.000000
vt 2.000000 -0.065450 0.000000
vt 2.000000 -0.130900 0.000000
vt 2.000000 -0.196350 0.000000
vt 2.000000 -0.261799 0.000000
vt 2.000000 -0.327249 0.000000
vt 2.000000 -0.392699 0.000000
vt 2.000000 -0.458149 0.000000
vt 2.000000 -0.523599 0.000000
vt 2.000000 -0.589049 0.000000
vt 2.000000 -0.654498 0.000000
vt -3.500000 0.727179 0.000000
vt -3.356806 0.568315 0.000000
vt -0.000000 0.727179 0.000000
vt -0.000000 0.562154 0.000000
vt -3.188684 0.413549 0.000000
vt -0.000000 0.397129 0.000000
vt -2.993354 0.258450 0.000000
vt -0.000000 0.232104 0.000000
vt -2.775547 0.104502 0.000000
vt -0.000000 0.067079 0.000000
vt -2.536529 -0.050034 0.000000
vt -0.000000 -0.097946 0.000000
vt -2.283803 -0.203289 0.000000
vt -0.000000 -0.262971 0.000000
vt -2.021781 -0.355699 0.000000
vt -0.000000 -0.427996 0.000000
vt -1.752080 -0.509328 0.000000
vt -1.750000 -0.510509 0.000000
vt -0.000000 -0.593021 0.000000
vt -1.752080 -0.511690 0.000000
vt -2.021781 -0.665319 0.000000
vt -0.000000 -0.758046 0.000000
vt -2.283803 -0.817729 0.000000
vt -0.000000 -0.923072 0.000000
vt -2.536529 -0.970983 0.000000
vt -0.000000 -1.088097 0.000000
vt -2.775547 -1.125520 0.000000
vt -0.000000 -1.253122 0.000000
vt -2.993354 -1.279468 0.000000
vt -0.000000 -1.418147 0.000000
vt -3.188684 -1.434567 0.000000
vt -0.000000 -1.583172 0.000000
vt -3.356806 -1.589333 0.000000
vt -0.000000 -1.748197 0.000000
vt -3.500000 -1.748197 0.000000
vt -1.752080 -0.001181 0.000000
vt -0.000000 -0.082513 0.000000
vt -1.750000 0.000000 0.000000
vt -0.000000 0.082513 0.000000
vt -1.752080 0.001181 0.000000
vt -2.021781 0.154810 0.000000
vt -0.000000 0.247538 0.000000
vt -2.283803 0.307220 0.000000
vt -0.000000 0.412563 0.000000
vt -2.536529 0.460475 0.000000
vt -0.000000 0.577588 0.000000
vt -2.775547 0.615011 0.000000
vt -0.000000 0.742613 0.000000
vt -2.993354 0.768959 0.000000
vt -0.000000 0.907638 0.000000
vt -3.188684 0.924058 0.000000
vt -0.000000 1.072663 0.000000
vt -3.356806 1.078824 0.000000
vt -0.000000 1.237688 0.000000
vt -3.500000 1.237688 0.000000
vt -2.021781 -0.154810 0.000000
vt -0.000000 -0.247538 0.000000
vt -2.283803 -0.307220 0.000000
vt -0.000000 -0.412563 0.000000
vt -2.536529 -0.460475 0.000000
vt -0.000000 -0.577588 0.000000
vt -2.775547 -0.615011 0.000000
vt -0.000000 -0.742613 0.000000
vt -2.993354 -0.768959 0.000000
vt -0.000000 -0.907638 0.000000
vt -3.188684 -0.924058 0.000000
vt -0.000000 -1.072663 0.000000
vt -3.356806 -1.078824 0.000000
vt -0.000000 -1.237688 0.000000
vt -3.500000 -1.237688 0.000000
vt 0.000000 0.719948 0.000000
vt 1.000000 0.719948 0.000000
vt 0.000000 0.785398 0.000000
vt 1.000000 0.785398 0.000000
vt 0.000000 -0.785398 0.000000
vt 1.000000 -0.785398 0.000000
vt 0.000000 -0.719948 0.000000
vt 1.000000 -0.719948 0.000000
vt 0.000000 -0.654498 0.000000
vt 1.000000 -0.654498 0.000000
vt 0.000000 -0.589049 0.000000
vt 1.000000 -0.589049 0.000000
vt 0.000000 -0.523599 0.000000
vt 1.000000 -0.523599 0.000000
vt 0.000000 -0.458149 0.000000
vt 1.000000 -0.458149 0.000000
vt 0.000000 -0.392699 0.000000
vt 1.000000 -0.392699 0.000000
vt 0.000000 -0.327249 0.000000
vt 1.000000 -0.327249 0.000000
vt 0.000000 -0.261799 0.000000
vt 1.000000 -0.261799 0.000000
vt 0.000000 -0.196350 0.000000
vt 1.000000 -0.196350 0.000000
vt 0.000000 -0.130900 0.000000
vt 1.000000 -0.130900 0.000000
vt 0.000000 -0.065450 0.000000
vt 1.000000 -0.065450 0.000000
vt 0.000000 0.000000 0.000000
vt 1.000000 0.000000 0.000000
vt 0.000000 0.065450 0.000000
vt 1.000000 0.065450 0.000000
vt 0.000000 0.130900 0.000000
vt 1.000000 0.130900 0.000000
vt 0.000000 0.196350 0.000000
vt 1.000000 0.196350 0.000000
vt 0.000000 0.261799 0.000000
vt 1.000000 0.261799 0.000000
vt 0.000000 0.327249 0.000000
vt 1.000000 0.327249 0.000000
vt 0.000000 0.392699 0.000000
vt 1.000000 0.392699 0.000000
vt 0.000000 0.458149 0.000000
vt 1.000000 0.458149 0.000000
vt 0.000000 0.523599 0.000000
vt 1.000000 0.523599 0.000000
vt 0.000000 0.589049 0.000000
vt 1.000000 0.589049 0.000000
vt 0.000000 0.654498 0.000000
vt 1.000000 0.654498 0.000000
vt 2.000000 -0.719948 0.000000
vt 2.000000 -0.785398 0.000000
vt 2.000000 0.785398 0.000000
vt 2.000000 0.719948 0.000000
vt 2.000000 0.654498 0.000000
vt 2.000000 0.589049 0.000000
vt 2.000000 0.523599 0.000000
vt 2.000000 0.458149 0.000000
vt 2.000000 0.392699 0.000000
vt 2.000000 0.327249 0.000000
vt 2.000000 0.261799 0.000000
vt 2.000000 0.196350 0.000000
vt 2.000000 0.130900 0.000000
vt 2.000000 0.065450 0.000000
vt 2.000000 0.000000 0.000000
vt 2.000000 -0.065450 0.000000
vt 2.000000 -0.130900 0.000000
vt 2.000000 -0.196350 0.000000
vt 2.000000 -0.261799 0.000000
vt 2.000000 -0.327249 0.000000
vt 2.000000 -0.392699 0.000000
vt 2.000000 -0.458149 0.000000
vt 2.000000 -0.523599 0.000000
vt 2.000000 -0.589049 0.000000
vt 2.000000 -0.654498 0.000000
vt 0.000000 0.719948 0.000000
vt 1.000000 0.719948 0.000000
vt 0.000000 0.785398 0.000000
vt 1.000000 0.785398 0.000000
vt 0.000000 -0.785398 0.000000
vt 1.000000 -0.785398 0.000000
vt 0.000000 -0.719948 0.000000
vt 1.000000 -0.719948 0.000000
vt 0.000000 -0.654498 0.000000
vt 1.000000 -0.654498 0.000000
vt 0.000000 -0.589049 0.000000
vt 1.000000 -0.589049 0.000000
vt 0.000000 -0.523599 0.000000
vt 1.000000 -0.523599 0.000000
vt 0.000000 -0.458149 0.000000
vt 1.000000 -0.458149 0.000000
vt 0.000000 -0.392699 0.000000
vt 1.000000 -0.392699 0.000000
vt 0.000000 -0.327249 0.000000
vt 1.000000 -0.327249 0.000000
vt 0.000000 -0.261799 0.000000
vt 1.000000 -0.261799 0.000000
vt 0.000000 -0.196350 0.000000
vt 1.000000 -0.196350 0.000000
vt 0.000000 -0.130900 0.000000
vt 1.000000 -0.130900 0.000000
vt 0.000000 -0.065450 0.000000
vt 1.000000 -0.065450 0.000000
vt 0.000000 0.000000 0.000000
vt 1.000000 0.000000 0.000000
vt 0.000000 0.065450 0.000000
vt 1.000000 0.065450 0.000000
vt 0.000000 0.130900 0.000000
vt 1.000000 0.130900 0.000000
vt 0.000000 0.196350 0.000000
vt 1.000000 0.196350 0.000000
vt 0.000000 0.261799 0.000000
vt 1.000000 0.261799 0.000000
vt 0.000000 0.327249 0.000000
vt 1.000000 0.327249 0.000000
vt 0.000000 0.392699 0.000000
vt 1.000000 0.392699 0.000000
vt 0.000000 0.458149 0.000000
vt 1.000000 0.458149 0.000000
vt 0.000000 0.523599 0.000000
vt 1.000000 0.523599 0.000000
vt 0.000000 0.589049 0.000000
vt 1.000000 0.589049 0.000000
vt 0.000000 0.654498 0.000000
vt 1.000000 0.654498 0.000000
vt 2.000000 -0.719948 0.000000
vt 2.000000 -0.785398 0.000000
vt 2.000000 0.785398 0.000000
vt 2.000000 0.719948 0.000000
vt 2.000000 0.654498 0.000000
vt 2.000000 0.589049 0.000000
vt 2.000000 0.523599 0.000000
vt 2.000000 0.458149 0.000000
vt 2.000000 0.392699 0.000000
vt 2.000000 0.327249 0.000000
vt 2.000000 0.261799 0.000000
vt 2.000000 0.196350 0.000000
vt 2.000000 0.130900 0.000000
vt 2.000000 0.065450 0.000000
vt 2.000000 0.000000 0.000000
vt 2.000000 -0.065450 0.000000
vt 2.000000 -0.130900 0.000000
vt 2.000000 -0.196350 0.000000
vt 2.000000 -0.261799 0.000000
vt 2.000000 -0.327249 0.000000
vt 2.000000 -0.392699 0.000000
vt 2.000000 -0.458149 0.000000
vt 2.000000 -0.523599 0.000000
vt 2.000000 -0.589049 0.000000
vt 2.000000 -0.654498 0.000000
vt -1.752080 -0.001181 0.000000
vt -0.000000 -0.082513 0.000000
vt -1.750000 0.000000 0.000000
vt -0.000000 0.082513 0.000000
vt -1.752080 0.001181 0.000000
vt -2.021781 0.154810 0.000000
vt -0.000000 0.247538 0.000000
vt -2.283803 0.307220 0.000000
vt -0.000000 0.412563 0.000000
vt -2.536528 0.460475 0.000000
vt -0.000000 0.577588 0.000000
vt -2.775546 0.615011 0.000000
vt -0.000000 0.742613 0.000000
vt -2.993354 0.768959 0.000000
vt -0.000000 0.907638 0.000000
vt -3.188684 0.924058 0.000000
vt -0.000000 1.072663 0.000000
vt -3.356805 1.078824 0.000000
vt -0.000000 1.237688 0.000000
vt -3.500000 1.237688 0.000000
vt -2.021781 -0.154810 0.000000
vt -0.000000 -0.247538 0.000000
vt -2.283803 -0.307220 0.000000
vt -0.000000 -0.412563 0.000000
vt -2.536528 -0.460475 0.000000
vt -0.000000 -0.577588 0.000000
vt -2.775546 -0.615011 0.000000
vt -0.000000 -0.742613 0.000000
vt -2.993354 -0.768959 0.000000
vt -0.000000 -0.907638 0.000000
vt -3.188684 -0.924058 0.000000
vt -0.000000 -1.072663 0.000000
vt -3.356805 -1.078824 0.000000
vt -0.000000 -1.237688 0.000000
vt -3.500000 -1.237688 0.000000
vt -3.182305 4.098644 0.000000
vt -3.460449 3.801955 0.000000
vt -3.092248 3.960887 0.000000
vt -3.435474 3.741660 0.000000
vt -3.426955 3.676955 0.000000
vt -3.500179 3.853732 0.000000
vt -3.304076 4.209366 0.000000
vt -3.551955 3.893462 0.000000
vt -3.449752 4.285953 0.000000
vt -3.612251 3.918437 0.000000
vt -3.609995 4.323497 0.000000
vt -3.676955 3.926955 0.000000
vt -3.774531 4.319590 0.000000
vt -3.741660 3.918437 0.000000
vt -3.932811 4.274482 0.000000
vt -3.801955 3.893462 0.000000
vt -4.074688 4.191065 0.000000
vt -3.853732 3.853732 0.000000
vt -4.191065 4.074688 0.000000
vt -3.893462 3.801955 0.000000
vt -4.274482 3.932811 0.000000
vt -3.918437 3.741660 0.000000
vt -4.319590 3.774531 0.000000
vt -3.926955 3.676955 0.000000
vt -4.323497 3.609995 0.000000
vt -3.918437 3.612251 0.000000
vt -4.285953 3.449752 0.000000
vt -3.893462 3.551955 0.000000
vt -4.209366 3.304076 0.000000
vt -3.853732 3.500179 0.000000
vt -4.098644 3.182305 0.000000
vt -3.801955 3.460449 0.000000
vt -3.960887 3.092248 0.000000
vt -3.741660 3.435474 0.000000
vt -3.676955 3.426955 0.000000
vt -3.612251 3.435474 0.000000
vt -3.551955 3.460449 0.000000
vt -4.371842 2.477422 0.000000
vt -3.500179 3.500179 0.000000
vt -4.688109 1.808939 0.000000
vt -4.902837 1.101276 0.000000
vt -5.011377 0.369762 0.000000
vt 1.808939 -4.688109 0.000000
vt 3.500179 -3.500179 0.000000
vt 2.477422 -4.371842 0.000000
vt 3.460449 -3.551955 0.000000
vt 3.092248 -3.960887 0.000000
vt 3.435474 -3.612251 0.000000
vt 3.426955 -3.676955 0.000000
vt 3.435474 -3.741660 0.000000
vt 3.460449 -3.801955 0.000000
vt 3.182305 -4.098644 0.000000
vt 3.500179 -3.853732 0.000000
vt 3.304076 -4.209366 0.000000
vt 3.551955 -3.893462 0.000000
vt 3.449752 -4.285953 0.000000
vt 3.612251 -3.918437 0.000000
vt 3.609995 -4.323497 0.000000
vt 3.676955 -3.926955 0.000000
vt 3.774531 -4.319590 0.000000
vt 3.741660 -3.918437 0.000000
vt 3.932811 -4.274482 0.000000
vt 3.801955 -3.893462 0.000000
vt 4.074688 -4.191065 0.000000
vt 3.853732 -3.853732 0.000000
vt 4.191065 -4.074688 0.000000
vt 3.893462 -3.801955 0.000000
vt 4.274482 -3.932811 0.000000
vt 3.918437 -3.741660 0.000000
vt 4.319590 -3.774531 0.000000
vt 3.926955 -3.676955 0.000000
vt 4.323497 -3.609995 0.000000
vt 3.918437 -3.612251 0.000000
vt 4.285953 -3.449752 0.000000
vt 3.893462 -3.551955 0.000000
vt 4.209366 -3.304076 0.000000
vt 3.853732 -3.500179 0.000000
vt 4.098644 -3.182305 0.000000
vt 3.801955 -3.460449 0.000000
vt 3.960887 -3.092248 0.000000
vt 3.741660 -3.435474 0.000000
vt 3.676955 -3.426955 0.000000
vt 3.612251 -3.435474 0.000000
vt 3.551955 -3.460449 0.000000
vt 4.371842 -2.477422 0.000000
vt 4.688109 -1.808939 0.000000
vt 4.902837 -1.101276 0.000000
vt -3.500179 -3.500179 0.000000
vt -5.011377 -0.369762 0.000000
vt -4.902837 -1.101276 0.000000
vt -4.688109 -1.808939 0.000000
vt -4.371842 -2.477422 0.000000
vt -3.551955 -3.460449 0.000000
vt -3.960887 -3.092248 0.000000
vt -3.612251 -3.435474 0.000000
vt -3.676955 -3.426955 0.000000
vt -3.741660 -3.435474 0.000000
vt -3.801955 -3.460449 0.000000
vt -4.098644 -3.182305 0.000000
vt -3.853732 -3.500179 0.000000
vt -4.209366 -3.304076 0.000000
vt -3.893462 -3.551955 0.000000
vt -4.285953 -3.449752 0.000000
vt -3.918437 -3.612251 0.000000
vt -4.323497 -3.609995 0.000000
vt -3.926955 -3.676955 0.000000
vt -4.319590 -3.774531 0.000000
vt -3.918437 -3.741660 0.000000
vt -4.274482 -3.932811 0.000000
vt -3.893462 -3.801955 0.000000
vt -4.191065 -4.074688 0.000000
vt -3.853732 -3.853732 0.000000
vt -4.074688 -4.191065 0.000000
vt -3.801955 -3.893462 0.000000
vt -3.932811 -4.274482 0.000000
vt -3.741660 -3.918437 0.000000
vt -3.774531 -4.319590 0.000000
vt -3.676955 -3.926955 0.000000
vt -3.609995 -4.323497 0.000000
vt -3.612251 -3.918437 0.000000
vt -3.449752 -4.285953 0.000000
vt -3.551955 -3.893462 0.000000
vt -3.304076 -4.209366 0.000000
vt -3.500179 -3.853732 0.000000
vt -3.182305 -4.098644 0.000000
vt -3.460449 -3.801955 0.000000
vt -3.092248 -3.960887 0.000000
vt -3.435474 -3.741660 0.000000
vt -3.426955 -3.676955 0.000000
vt -3.435474 -3.612251 0.000000
vt -3.460449 -3.551955 0.000000
vt -2.477422 -4.371842 0.000000
vt -1.808939 -4.688109 0.000000
vt -1.101276 -4.902837 0.000000
vt -0.369762 -5.011377 0.000000
vt 0.369762 -5.011377 0.000000
vt 1.101276 -4.902837 0.000000
vt 5.011377 -0.369762 0.000000
vt 5.011377 0.369762 0.000000
vt 3.500179 3.500179 0.000000
vt 4.902837 1.101276 0.000000
vt 4.688109 1.808939 0.000000
vt 4.371842 2.477422 0.000000
vt 3.551955 3.460449 0.000000
vt 3.960887 3.092248 0.000000
vt 3.612251 3.435474 0.000000
vt 3.676955 3.426955 0.000000
vt 3.741660 3.435474 0.000000
vt 3.801955 3.460449 0.000000
vt 4.098644 3.182305 0.000000
vt 3.853732 3.500179 0.000000
vt 4.209366 3.304076 0.000000
vt 3.893462 3.551955 0.000000
vt 4.285953 3.449752 0.000000
vt 3.918437 3.612251 0.000000
vt 4.323497 3.609995 0.000000
vt 3.926955 3.676955 0.000000
vt 4.319590 3.774531 0.000000
vt 3.918437 3.741660 0.000000
vt 4.274482 3.932811 0.000000
vt 3.893462 3.801955 0.000000
vt 4.191065 4.074688 0.000000
vt 3.853732 3.853732 0.000000
vt 4.074688 4.191065 0.000000
vt 3.801955 3.893462 0.000000
vt 3.932811 4.274482 0.000000
vt 3.741660 3.918437 0.000000
vt 3.774531 4.319590 0.000000
vt 3.676955 3.926955 0.000000
vt 3.609995 4.323497 0.000000
vt 3.612251 3.918437 0.000000
vt 3.449752 4.285953 0.000000
vt 3.551955 3.893462 0.000000
vt 3.304076 4.209366 0.000000
vt 3.500179 3.853732 0.000000
vt 3.182305 4.098644 0.000000
vt 3.460449 3.801955 0.000000
vt 3.092248 3.960887 0.000000
vt 3.435474 3.741660 0.000000
vt 3.426955 3.676955 0.000000
vt 3.435474 3.612251 0.000000
vt 3.460449 3.551955 0.000000
vt 2.477422 4.371842 0.000000
vt 1.808939 4.688109 0.000000
vt 1.101276 4.902837 0.000000
vt 0.369762 5.011377 0.000000
vt -0.369762 5.011377 0.000000
vt -1.101276 4.902837 0.000000
vt -1.808939 4.688109 0.000000
vt -2.477422 4.371842 0.000000
vt -3.460449 3.551955 0.000000
vt -3.435474 3.612251 0.000000
vn -0.675824 -0.394262 -0.622752
vn -0.674725 -0.505193 -0.538076
vn -0.724388 -0.394262 -0.565526
vn -0.747385 -0.505193 -0.431503
vn -0.799545 -0.394262 -0.453084
vn -0.803350 -0.505193 -0.315292
vn -0.857386 -0.394262 -0.330828
vn -0.841369 -0.505193 -0.192037
vn -0.896657 -0.394262 -0.201407
vn -0.860656 -0.505193 -0.063645
vn -0.916507 -0.394262 -0.067624
vn -0.860656 -0.505193 0.063645
vn -0.916507 -0.394262 0.067624
vn -0.896657 -0.394262 0.201407
vn -0.841369 -0.505193 0.192037
vn -0.857386 -0.394262 0.330828
vn -0.803350 -0.505193 0.315292
vn -0.799545 -0.394262 0.453084
vn -0.747385 -0.505193 0.431503
vn -0.724388 -0.394262 0.565526
vn -0.674725 -0.505193 0.538076
vn -0.675824 -0.394262 0.622752
vn -0.586993 -0.505193 0.632628
vn -0.622752 -0.394262 0.675824
vn -0.565526 -0.394262 0.724388
vn -0.486149 -0.505193 0.713049
vn -0.453084 -0.394262 0.799545
vn -0.374444 -0.505193 0.777542
vn -0.330828 -0.394262 0.857386
vn -0.254376 -0.505193 0.824665
vn -0.201407 -0.394262 0.896657
vn -0.128624 -0.505193 0.853367
vn -0.067624 -0.394262 0.916507
vn -0.000000 -0.505193 0.863006
vn 0.067624 -0.394262 0.916507
vn 0.128624 -0.505193 0.853367
vn 0.201407 -0.394262 0.896657
vn 0.254376 -0.505193 0.824665
vn 0.330828 -0.394262 0.857386
vn 0.374444 -0.505193 0.777542
vn 0.453084 -0.394262 0.799545
vn 0.486149 -0.505193 0.713049
vn 0.565526 -0.394262 0.724388
vn 0.586993 -0.505193 0.632628
vn 0.622752 -0.394262 0.675824
vn 0.675824 -0.394262 0.622752
vn 0.674725 -0.505193 0.538076
vn 0.724388 -0.394262 0.565526
vn 0.747385 -0.505193 0.431503
vn 0.799545 -0.394262 0.453084
vn 0.803350 -0.505193 0.315292
vn 0.857386 -0.394262 0.330828
vn 0.841369 -0.505193 0.192037
vn 0.896657 -0.394262 0.201407
vn 0.860656 -0.505193 0.063645
vn 0.916507 -0.394262 0.067624
vn 0.860656 -0.505193 -0.063645
vn 0.916507 -0.394262 -0.067624
vn 0.896657 -0.394262 -0.201407
vn 0.841369 -0.505193 -0.192037
vn 0.857386 -0.394262 -0.330828
vn 0.803350 -0.505193 -0.315292
vn 0.799545 -0.394262 -0.453084
vn 0.747385 -0.505193 -0.431503
vn 0.724388 -0.394262 -0.565526
vn 0.674725 -0.505193 -0.538076
vn 0.675824 -0.394262 -0.622752
vn 0.586993 -0.505193 -0.632628
vn 0.622752 -0.394262 -0.675824
vn 0.565526 -0.394262 -0.724388
vn 0.486149 -0.505193 -0.713049
vn 0.453084 -0.394262 -0.799545
vn 0.374444 -0.505193 -0.777542
vn 0.330828 -0.394262 -0.857386
vn 0.254376 -0.505193 -0.824665
vn 0.201407 -0.394262 -0.896657
vn 0.128624 -0.505193 -0.853367
vn 0.067624 -0.394262 -0.916507
vn -0.000000 -0.505193 -0.863006
vn -0.067624 -0.394262 -0.916507
vn -0.128624 -0.505193 -0.853367
vn -0.201407 -0.394262 -0.896657
vn -0.254376 -0.505193 -0.824665
vn -0.330828 -0.394262 -0.857386
vn -0.374444 -0.505193 -0.777542
vn -0.453084 -0.394262 -0.799545
vn -0.486149 -0.505193 -0.713049
vn -0.565526 -0.394262 -0.724388
vn -0.586993 -0.505193 -0.632628
vn -0.622752 -0.394262 -0.675824
vn -0.000000 -0.913300 0.407287
vn -0.000000 -0.956762 0.290873
vn 0.060703 -0.913300 0.402738
vn 0.043352 -0.956762 0.287624
vn 0.120050 -0.913300 0.389192
vn 0.085736 -0.956762 0.277951
vn 0.176715 -0.913300 0.366953
vn 0.126205 -0.956762 0.262068
vn 0.229433 -0.913300 0.336516
vn 0.163855 -0.956762 0.240331
vn 0.277025 -0.913300 0.298562
vn 0.197844 -0.956762 0.213225
vn 0.318430 -0.913300 0.253939
vn 0.227414 -0.956762 0.181357
vn 0.352721 -0.913300 0.203643
vn 0.251904 -0.956762 0.145437
vn 0.379133 -0.913300 0.148799
vn 0.270766 -0.956762 0.106268
vn 0.397075 -0.913300 0.090630
vn 0.283580 -0.956762 0.064725
vn 0.406153 -0.913300 0.030370
vn 0.397075 -0.913300 -0.090630
vn 0.283580 -0.956762 -0.064725
vn 0.379133 -0.913300 -0.148799
vn 0.270766 -0.956762 -0.106268
vn 0.352721 -0.913300 -0.203643
vn 0.318430 -0.913300 -0.253939
vn 0.227414 -0.956762 -0.181357
vn 0.277025 -0.913300 -0.298562
vn 0.197844 -0.956762 -0.213225
vn 0.229433 -0.913300 -0.336516
vn 0.163855 -0.956762 -0.240331
vn 0.176715 -0.913300 -0.366953
vn 0.126205 -0.956762 -0.262068
vn 0.120050 -0.913300 -0.389192
vn 0.085736 -0.956762 -0.277951
vn 0.060703 -0.913300 -0.402738
vn 0.043352 -0.956762 -0.287624
vn -0.000000 -0.913300 -0.407287
vn -0.000000 -0.956762 -0.290873
vn -0.060703 -0.913300 -0.402738
vn -0.043352 -0.956762 -0.287624
vn -0.120050 -0.913300 -0.389192
vn -0.085736 -0.956762 -0.277951
vn -0.176715 -0.913300 -0.366953
vn -0.126205 -0.956762 -0.262068
vn -0.229433 -0.913300 -0.336516
vn -0.163855 -0.956762 -0.240331
vn -0.277025 -0.913300 -0.298562
vn -0.197844 -0.956762 -0.213225
vn -0.318430 -0.913300 -0.253939
vn -0.227414 -0.956762 -0.181357
vn -0.352721 -0.913300 -0.203643
vn -0.379133 -0.913300 -0.148799
vn -0.270766 -0.956762 -0.106268
vn -0.397075 -0.913300 -0.090630
vn -0.283580 -0.956762 -0.064725
vn -0.406153 -0.913300 -0.030370
vn -0.397075 -0.913300 0.090630
vn -0.283580 -0.956762 0.064725
vn -0.379133 -0.913300 0.148799
vn -0.270766 -0.956762 0.106268
vn -0.352721 -0.913300 0.203643
vn -0.251904 -0.956762 0.145437
vn -0.318430 -0.913300 0.253939
vn -0.227414 -0.956762 0.181357
vn -0.277025 -0.913300 0.298562
vn -0.197844 -0.956762 0.213225
vn -0.229433 -0.913300 0.336516
vn -0.163855 -0.956762 0.240331
vn -0.176715 -0.913300 0.366953
vn -0.126205 -0.956762 0.262068
vn -0.120050 -0.913300 0.389192
vn -0.085736 -0.956762 0.277951
vn -0.060703 -0.913300 0.402738
vn -0.043352 -0.956762 0.287624
vn -0.000000 -0.608324 0.793688
vn 0.118293 -0.608324 0.784824
vn 0.233944 -0.608324 0.758427
vn 0.344368 -0.608324 0.715089
vn 0.447101 -0.608324 0.655776
vn 0.539845 -0.608324 0.581815
vn 0.620531 -0.608324 0.494857
vn 0.687354 -0.608324 0.396844
vn 0.738824 -0.608324 0.289967
vn 0.773789 -0.608324 0.176612
vn 0.791518 -0.608324 0.058663
vn 0.710159 -0.702062 0.052750
vn 0.710159 -0.702062 -0.052750
vn 0.617837 -0.784960 -0.045995
vn 0.694261 -0.702062 -0.158461
vn 0.604013 -0.784960 -0.137862
vn 0.662889 -0.702062 -0.260165
vn 0.576720 -0.784960 -0.226346
vn 0.616710 -0.702062 -0.356058
vn 0.536543 -0.784960 -0.309773
vn 0.556754 -0.702062 -0.443997
vn 0.484381 -0.784960 -0.386281
vn 0.484361 -0.702062 -0.522017
vn 0.421399 -0.784960 -0.454160
vn 0.401149 -0.702062 -0.588377
vn 0.349003 -0.784960 -0.511893
vn 0.308975 -0.702062 -0.641594
vn 0.268811 -0.784960 -0.558192
vn 0.209900 -0.702062 -0.680478
vn 0.182615 -0.784960 -0.592022
vn 0.106135 -0.702062 -0.704162
vn 0.092339 -0.784960 -0.612627
vn -0.000000 -0.702062 -0.712115
vn -0.000000 -0.784960 -0.619547
vn -0.106135 -0.702062 -0.704162
vn -0.092339 -0.784960 -0.612627
vn -0.209900 -0.702062 -0.680478
vn -0.182615 -0.784960 -0.592022
vn -0.308975 -0.702062 -0.641594
vn -0.268811 -0.784960 -0.558192
vn -0.401149 -0.702062 -0.588377
vn -0.349003 -0.784960 -0.511893
vn -0.484361 -0.702062 -0.522017
vn -0.421399 -0.784960 -0.454160
vn -0.556754 -0.702062 -0.443997
vn -0.484381 -0.784960 -0.386281
vn -0.616710 -0.702062 -0.356058
vn -0.536543 -0.784960 -0.309773
vn -0.662889 -0.702062 -0.260165
vn -0.576720 -0.784960 -0.226346
vn -0.694261 -0.702062 -0.158461
vn -0.604013 -0.784960 -0.137862
vn -0.617837 -0.784960 -0.045995
vn -0.515977 -0.855737 -0.038497
vn -0.515977 -0.855737 0.038497
vn -0.406153 -0.913300 0.030370
vn -0.504439 -0.855737 0.115135
vn -0.481645 -0.855737 0.189032
vn -0.448091 -0.855737 0.258706
vn -0.404528 -0.855737 0.322601
vn -0.351929 -0.855737 0.379289
vn -0.291468 -0.855737 0.427505
vn -0.224496 -0.855737 0.466171
vn -0.152510 -0.855737 0.494424
vn -0.077116 -0.855737 0.511632
vn -0.000000 -0.855737 0.517411
vn 0.077116 -0.855737 0.511632
vn 0.152510 -0.855737 0.494424
vn 0.224496 -0.855737 0.466171
vn 0.291468 -0.855737 0.427505
vn 0.351929 -0.855737 0.379289
vn 0.404528 -0.855737 0.322601
vn 0.448091 -0.855737 0.258706
vn 0.481645 -0.855737 0.189032
vn 0.504439 -0.855737 0.115135
vn -0.000000 -0.702062 0.712115
vn 0.106135 -0.702062 0.704162
vn 0.209900 -0.702062 0.680478
vn 0.308975 -0.702062 0.641594
vn 0.401149 -0.702062 0.588377
vn 0.484361 -0.702062 0.522017
vn 0.556754 -0.702062 0.443997
vn 0.616710 -0.702062 0.356058
vn 0.662889 -0.702062 0.260165
vn 0.694261 -0.702062 0.158461
vn 0.617837 -0.784960 0.045995
vn 0.515977 -0.855737 -0.038497
vn 0.504439 -0.855737 -0.115135
vn 0.481645 -0.855737 -0.189032
vn 0.448091 -0.855737 -0.258706
vn 0.404528 -0.855737 -0.322601
vn 0.351929 -0.855737 -0.379289
vn 0.291468 -0.855737 -0.427505
vn 0.224496 -0.855737 -0.466171
vn 0.152510 -0.855737 -0.494424
vn 0.077116 -0.855737 -0.511632
vn -0.000000 -0.855737 -0.517411
vn -0.077116 -0.855737 -0.511632
vn -0.152510 -0.855737 -0.494424
vn -0.224496 -0.855737 -0.466171
vn -0.291468 -0.855737 -0.427505
vn -0.351929 -0.855737 -0.379289
vn -0.404528 -0.855737 -0.322601
vn -0.448091 -0.855737 -0.258706
vn -0.481645 -0.855737 -0.189032
vn -0.504439 -0.855737 -0.115135
vn -0.290060 -0.956762 0.021737
vn -0.118293 -0.608324 0.784824
vn -0.233944 -0.608324 0.758427
vn -0.344368 -0.608324 0.715089
vn -0.447101 -0.608324 0.655776
vn -0.539845 -0.608324 0.581815
vn -0.620531 -0.608324 0.494857
vn -0.687354 -0.608324 0.396844
vn -0.738824 -0.608324 0.289967
vn -0.773789 -0.608324 0.176612
vn -0.791518 -0.608324 0.058663
vn -0.000000 -0.784960 0.619547
vn 0.092339 -0.784960 0.612627
vn 0.182615 -0.784960 0.592022
vn 0.268811 -0.784960 0.558192
vn 0.349003 -0.784960 0.511893
vn 0.421399 -0.784960 0.454160
vn 0.484381 -0.784960 0.386281
vn 0.536543 -0.784960 0.309773
vn 0.576720 -0.784960 0.226346
vn 0.604013 -0.784960 0.137862
vn 0.515977 -0.855737 0.038497
vn 0.406153 -0.913300 -0.030370
vn -0.106135 -0.702062 0.704162
vn -0.209900 -0.702062 0.680478
vn -0.308975 -0.702062 0.641594
vn -0.401149 -0.702062 0.588377
vn -0.484361 -0.702062 0.522017
vn -0.556754 -0.702062 0.443997
vn -0.616710 -0.702062 0.356058
vn -0.662889 -0.702062 0.260165
vn -0.694261 -0.702062 0.158461
vn -0.710159 -0.702062 0.052750
vn -0.791518 -0.608324 -0.058663
vn 0.290060 -0.956762 -0.021737
vn -0.092339 -0.784960 0.612627
vn -0.182615 -0.784960 0.592022
vn -0.268811 -0.784960 0.558192
vn -0.349003 -0.784960 0.511893
vn -0.421399 -0.784960 0.454160
vn -0.484381 -0.784960 0.386281
vn -0.536543 -0.784960 0.309773
vn -0.576720 -0.784960 0.226346
vn -0.604013 -0.784960 0.137862
vn -0.617837 -0.784960 0.045995
vn -0.710159 -0.702062 -0.052750
vn -0.773789 -0.608324 -0.176612
vn -0.738824 -0.608324 -0.289967
vn -0.687354 -0.608324 -0.396844
vn -0.620531 -0.608324 -0.494857
vn -0.539845 -0.608324 -0.581815
vn -0.447101 -0.608324 -0.655776
vn -0.344368 -0.608324 -0.715089
vn -0.233944 -0.608324 -0.758427
vn -0.118293 -0.608324 -0.784824
vn -0.000000 -0.608324 -0.793688
vn 0.118293 -0.608324 -0.784824
vn 0.233944 -0.608324 -0.758427
vn 0.344368 -0.608324 -0.715089
vn 0.447101 -0.608324 -0.655776
vn 0.539845 -0.608324 -0.581815
vn 0.620531 -0.608324 -0.494857
vn 0.687354 -0.608324 -0.396844
vn 0.738824 -0.608324 -0.289967
vn 0.773789 -0.608324 -0.176612
vn 0.791518 -0.608324 -0.058663
vn -0.251904 -0.956762 -0.145437
vn 0.251904 -0.956762 -0.145437
vn -0.788236 0.000000 -0.615373
vn -0.788236 0.000000 -0.615373
vn -0.870018 0.000000 -0.493019
vn -0.870018 0.000000 -0.493019
vn -0.932957 0.000000 -0.359988
vn -0.932957 0.000000 -0.359988
vn -0.975689 0.000000 -0.219159
vn -0.975689 0.000000 -0.219159
vn -0.997289 0.000000 -0.073584
vn -0.997289 0.000000 -0.073584
vn -0.997289 0.000000 0.073584
vn -0.997289 0.000000 0.073584
vn -0.975689 0.000000 0.219159
vn -0.975689 0.000000 0.219159
vn -0.932957 0.000000 0.359988
vn -0.932957 0.000000 0.359988
vn -0.870018 0.000000 0.493019
vn -0.870018 0.000000 0.493019
vn -0.788236 0.000000 0.615373
vn -0.788236 0.000000 0.615373
vn -0.615373 0.000000 0.788236
vn -0.615373 0.000000 0.788236
vn -0.493019 0.000000 0.870018
vn -0.493019 0.000000 0.870018
vn -0.359988 0.000000 0.932957
vn -0.359988 0.000000 0.932957
vn -0.219159 0.000000 0.975689
vn -0.219159 0.000000 0.975689
vn -0.073584 0.000000 0.997289
vn -0.073584 0.000000 0.997289
vn 0.073584 -0.000000 0.997289
vn 0.073584 -0.000000 0.997289
vn 0.219159 -0.000000 0.975689
vn 0.219159 -0.000000 0.975689
vn 0.359988 -0.000000 0.932957
vn 0.359988 -0.000000 0.932957
vn 0.493019 -0.000000 0.870018
vn 0.493019 -0.000000 0.870018
vn 0.615373 -0.000000 0.788236
vn 0.615373 -0.000000 0.788236
vn 0.788236 -0.000000 0.615373
vn 0.788236 -0.000000 0.615373
vn 0.870018 -0.000000 0.493019
vn 0.870018 -0.000000 0.493019
vn 0.932957 -0.000000 0.359988
vn 0.932957 -0.000000 0.359988
vn 0.975689 -0.000000 0.219159
vn 0.975689 -0.000000 0.219159
vn 0.997289 -0.000000 0.073584
vn 0.997289 -0.000000 0.073584
vn 0.997289 -0.000000 -0.073584
vn 0.997289 -0.000000 -0.073584
vn 0.975689 -0.000000 -0.219159
vn 0.975689 -0.000000 -0.219159
vn 0.932957 -0.000000 -0.359988
vn 0.932957 -0.000000 -0.359988
vn 0.870018 -0.000000 -0.493019
vn 0.870018 -0.000000 -0.493019
vn 0.788236 -0.000000 -0.615373
vn 0.788236 -0.000000 -0.615373
vn 0.615373 -0.000000 -0.788236
vn 0.615373 -0.000000 -0.788236
vn 0.493019 -0.000000 -0.870018
vn 0.493019 -0.000000 -0.870018
vn 0.359988 -0.000000 -0.932957
vn 0.359988 -0.000000 -0.932957
vn 0.219159 -0.000000 -0.975689
vn 0.219159 -0.000000 -0.975689
vn 0.073584 -0.000000 -0.997289
vn 0.073584 -0.000000 -0.997289
vn -0.073584 0.000000 -0.997289
vn -0.073584 0.000000 -0.997289
vn -0.219159 0.000000 -0.975689
vn -0.219159 0.000000 -0.975689
vn -0.359988 0.000000 -0.932957
vn -0.359988 0.000000 -0.932957
vn -0.493019 0.000000 -0.870018
vn -0.493019 0.000000 -0.870018
vn -0.615373 0.000000 -0.788236
vn -0.615373 0.000000 -0.788236
vn 0.391582 -0.771414 0.501581
vn 0.431206 -0.771414 0.467954
vn 0.432896 -0.708291 0.557606
vn 0.558236 -0.613745 0.558292
vn 0.476875 -0.634181 0.608609
vn 0.522908 -0.548077 0.652824
vn 0.568596 -0.452064 0.687267
vn 0.639532 -0.426419 0.639661
vn 0.612295 -0.346708 0.710555
vn 0.651208 -0.235304 0.721499
vn 0.689918 -0.218488 0.690127
vn 0.683317 -0.119803 0.720225
vn 0.706964 -0.000917 0.707249
vn 0.720225 -0.119803 0.683317
vn 0.707249 -0.000917 0.706964
vn 0.467954 -0.771414 0.431206
vn 0.557606 -0.708291 0.432896
vn 0.608609 -0.634181 0.476875
vn 0.501581 -0.771414 0.391582
vn 0.652824 -0.548077 0.522908
vn 0.687267 -0.452064 0.568596
vn 0.710555 -0.346708 0.612295
vn 0.721499 -0.235304 0.651208
vn 0.707107 -0.000000 0.707107
vn -0.501581 -0.771414 0.391582
vn -0.467954 -0.771414 0.431206
vn -0.557606 -0.708291 0.432896
vn -0.558292 -0.613745 0.558236
vn -0.608609 -0.634181 0.476875
vn -0.652824 -0.548077 0.522908
vn -0.687267 -0.452064 0.568596
vn -0.639661 -0.426419 0.639532
vn -0.710555 -0.346708 0.612295
vn -0.721499 -0.235304 0.651208
vn -0.690127 -0.218488 0.689918
vn -0.720225 -0.119803 0.683317
vn -0.707249 -0.000917 0.706964
vn -0.683317 -0.119803 0.720225
vn -0.706964 -0.000917 0.707249
vn -0.431206 -0.771414 0.467954
vn -0.432896 -0.708291 0.557606
vn -0.476875 -0.634181 0.608609
vn -0.391582 -0.771414 0.501581
vn -0.522908 -0.548077 0.652824
vn -0.568596 -0.452064 0.687267
vn -0.612295 -0.346708 0.710555
vn -0.651208 -0.235304 0.721499
vn -0.707107 0.000000 0.707107
vn 0.501581 -0.771414 -0.391582
vn 0.467954 -0.771414 -0.431206
vn 0.557606 -0.708291 -0.432896
vn 0.558292 -0.613745 -0.558236
vn 0.608609 -0.634181 -0.476875
vn 0.652824 -0.548077 -0.522908
vn 0.687267 -0.452064 -0.568596
vn 0.639661 -0.426419 -0.639532
vn 0.710555 -0.346708 -0.612295
vn 0.721499 -0.235304 -0.651207
vn 0.690127 -0.218488 -0.689918
vn 0.720225 -0.119803 -0.683317
vn 0.707249 -0.000917 -0.706964
vn 0.683317 -0.119803 -0.720225
vn 0.706964 -0.000917 -0.707249
vn 0.431206 -0.771414 -0.467954
vn 0.432896 -0.708291 -0.557606
vn 0.476875 -0.634181 -0.608609
vn 0.391582 -0.771414 -0.501581
vn 0.522908 -0.548077 -0.652824
vn 0.568596 -0.452064 -0.687267
vn 0.612295 -0.346708 -0.710555
vn 0.651207 -0.235304 -0.721499
vn 0.707107 -0.000000 -0.707107
vn -0.391582 -0.771414 -0.501581
vn -0.431206 -0.771414 -0.467954
vn -0.432896 -0.708291 -0.557606
vn -0.558292 -0.613745 -0.558236
vn -0.476875 -0.634181 -0.608609
vn -0.522908 -0.548077 -0.652824
vn -0.568596 -0.452064 -0.687267
vn -0.639661 -0.426419 -0.639532
vn -0.612295 -0.346708 -0.710555
vn -0.651207 -0.235304 -0.721499
vn -0.690127 -0.218488 -0.689918
vn -0.683317 -0.119803 -0.720225
vn -0.707249 -0.000917 -0.706964
vn -0.706964 -0.000917 -0.707249
vn -0.707107 0.000000 -0.707107
vn -0.467954 -0.771414 -0.431206
vn -0.557606 -0.708291 -0.432896
vn -0.608609 -0.634181 -0.476875
vn -0.501581 -0.771414 -0.391582
vn -0.652824 -0.548077 -0.522908
vn -0.687267 -0.452064 -0.568596
vn -0.710555 -0.346708 -0.612295
vn -0.721499 -0.235304 -0.651207
vn -0.720225 -0.119803 -0.683317
vn 0.000000 1.000000 0.000000
vn 0.000000 1.000000 0.000000
vn 0.000000 1.000000 0.000000
vn 0.000000 1.000000 0.000000
vn 0.000000 1.000000 0.000000
vn 0.000000 1.000000 0.000000
vn 0.000000 1.000000 0.000000
vn 0.000000 1.000000 0.000000
vn 0.000000 1.000000 0.000000
vn 0.000000 1.000000 0.000000
vn 0.000000 1.000000 0.000000
vn 0.000000 1.000000 0.000000
vn 0.000000 1.000000 0.000000
vn 0.000000 1.000000 0.000000
vn 0.000000 1.000000 0.000000
vn 0.000000 1.000000 0.000000
vn 0.000000 1.000000 0.000000
vn 0.000000 1.000000 0.000000
vn 0.000000 1.000000 0.000000
vn 0.000000 1.000000 0.000000
vn 0.000000 1.000000 0.000000
vn 0.000000 1.000000 0.000000
vn 0.000000 1.000000 0.000000
vn 0.000000 1.000000 0.000000
vn 0.000000 1.000000 0.000000
vn 0.000000 1.000000 0.000000
vn 0.000000 1.000000 0.000000
vn 0.000000 1.000000 0.000000
vn 0.000000 1.000000 0.000000
vn 0.000000 1.000000 0.000000
vn 0.000000 1.000000 0.000000
vn 0.000000 1.000000 0.000000
vn 0.000000 1.000000 0.000000
vn 0.000000 1.000000 0.000000
vn 0.000000 1.000000 0.000000
vn 0.000000 1.000000 0.000000
vn 0.000000 1.000000 0.000000
vn 0.000000 1.000000 0.000000
vn 0.000000 1.000000 0.000000
vn 0.000000 1.000000 0.000000
vn 0.000000 1.000000 0.000000
vn 0.000000 1.000000 0.000000
vn 0.000000 1.000000 0.000000
vn 0.000000 1.000000 0.000000
vn 0.000000 1.000000 0.000000
vn 0.000000 1.000000 0.000000
vn 0.000000 1.000000 0.000000
vn 0.000000 1.000000 0.000000
vn 0.000000 1.000000 0.000000
vn 0.000000 1.000000 0.000000
vn 0.000000 1.000000 0.000000
vn 0.000000 1.000000 0.000000
vn 0.000000 1.000000 0.000000
vn 0.000000 1.000000 0.000000
vn 0.000000 1.000000 0.000000
vn 0.000000 1.000000 0.000000
vn 0.000000 1.000000 0.000000
vn 0.000000 1.000000 0.000000
vn 0.000000 1.000000 0.000000
vn 0.000000 1.000000 0.000000
vn 0.000000 1.000000 0.000000
vn 0.000000 1.000000 0.000000
vn 0.000000 1.000000 0.000000
vn 0.000000 1.000000 0.000000
vn 0.000000 1.000000 0.000000
vn 0.000000 1.000000 0.000000
vn 0.000000 1.000000 0.000000
vn 0.000000 1.000000 0.000000
vn 0.000000 1.000000 0.000000
vn 0.000000 1.000000 0.000000
vn 0.000000 1.000000 0.000000
vn 0.000000 1.000000 0.000000
vn 0.000000 1.000000 0.000000
vn 0.000000 1.000000 0.000000
vn 0.000000 1.000000 0.000000
vn 0.000000 1.000000 0.000000
vn 0.000000 1.000000 0.000000
vn 0.000000 1.000000 0.000000
vn 0.000000 1.000000 0.000000
vn 0.000000 1.000000 0.000000
vn 0.000000 1.000000 0.000000
vn 0.000000 1.000000 0.000000
vn 0.000000 1.000000 0.000000
vn 0.000000 1.000000 0.000000
vn 0.000000 1.000000 0.000000
vn 0.000000 1.000000 0.000000
vn 0.000000 1.000000 0.000000
vn 0.000000 1.000000 0.000000
vn 0.000000 1.000000 0.000000
vn 0.000000 1.000000 0.000000
vn 0.000000 1.000000 0.000000
vn 0.000000 1.000000 0.000000
vn 0.000000 1.000000 0.000000
vn 0.000000 1.000000 0.000000
vn 0.000000 1.000000 0.000000
vn 0.000000 1.000000 0.000000
vn 0.965926 -0.000000 -0.258819
vn 0.965926 -0.000000 -0.258819
vn 1.000000 -0.000000 -0.000000
vn 1.000000 -0.000000 -0.000000
vn 0.965926 -0.000000 0.258819
vn 0.965926 -0.000000 0.258819
vn 0.866025 -0.000000 0.500000
vn 0.866025 -0.000000 0.500000
vn 0.707107 -0.000000 0.707107
vn 0.707107 -0.000000 0.707107
vn 0.500000 -0.000000 0.866025
vn 0.500000 -0.000000 0.866025
vn 0.258819 -0.000000 0.965926
vn 0.258819 -0.000000 0.965926
vn 0.000000 -0.000000 1.000000
vn 0.000000 -0.000000 1.000000
vn -0.258819 0.000000 0.965926
vn -0.258819 0.000000 0.965926
vn -0.500000 0.000000 0.866025
vn -0.500000 0.000000 0.866025
vn -0.707107 0.000000 0.707107
vn -0.707107 0.000000 0.707107
vn -0.866025 0.000000 0.500000
vn -0.866025 0.000000 0.500000
vn -0.965926 0.000000 0.258819
vn -0.965926 0.000000 0.258819
vn -1.000000 0.000000 0.000000
vn -1.000000 0.000000 0.000000
vn -0.965926 0.000000 -0.258819
vn -0.965926 0.000000 -0.258819
vn -0.866025 0.000000 -0.500000
vn -0.866025 0.000000 -0.500000
vn -0.707107 0.000000 -0.707107
vn -0.707107 0.000000 -0.707107
vn -0.500000 0.000000 -0.866025
vn -0.500000 0.000000 -0.866025
vn -0.258819 0.000000 -0.965926
vn -0.258819 0.000000 -0.965926
vn -0.000000 0.000000 -1.000000
vn -0.000000 0.000000 -1.000000
vn 0.258819 -0.000000 -0.965926
vn 0.258819 -0.000000 -0.965926
vn 0.500000 -0.000000 -0.866025
vn 0.500000 -0.000000 -0.866025
vn 0.707107 -0.000000 -0.707107
vn 0.707107 -0.000000 -0.707107
vn 0.866025 -0.000000 -0.500000
vn 0.866025 -0.000000 -0.500000
vn 0.965926 -0.000000 0.258819
vn 1.000000 -0.000000 -0.000000
vn 0.965926 -0.000000 -0.258819
vn 0.866025 -0.000000 -0.500000
vn 0.707107 -0.000000 -0.707107
vn 0.500000 -0.000000 -0.866025
vn 0.258819 -0.000000 -0.965926
vn -0.000000 0.000000 -1.000000
vn -0.258819 0.000000 -0.965926
vn -0.500000 0.000000 -0.866025
vn -0.707107 0.000000 -0.707107
vn -0.866025 0.000000 -0.500000
vn -0.965926 0.000000 -0.258819
vn -1.000000 0.000000 0.000000
vn -0.965926 0.000000 0.258819
vn -0.866025 0.000000 0.500000
vn -0.707107 0.000000 0.707107
vn -0.500000 0.000000 0.866025
vn -0.258819 0.000000 0.965926
vn 0.000000 -0.000000 1.000000
vn 0.258819 -0.000000 0.965926
vn 0.500000 -0.000000 0.866025
vn 0.707107 -0.000000 0.707107
vn 0.866025 -0.000000 0.500000
vn 0.708390 -0.000000 0.705821
vn 0.790938 -0.000000 0.611896
vn 0.611896 -0.000000 0.790938
vn 0.705821 -0.000000 0.708390
vn 0.520323 -0.000000 0.853970
vn 0.393624 -0.000000 0.919271
vn 0.307678 -0.000000 0.951490
vn 0.150117 -0.000000 0.988668
vn 0.076900 -0.000000 0.997039
vn -0.103015 0.000000 0.994680
vn -0.160081 0.000000 0.987104
vn -0.349543 0.000000 0.936920
vn -0.387221 0.000000 0.921987
vn -0.573661 0.000000 0.819093
vn -0.594167 0.000000 0.804342
vn -0.761000 0.000000 0.648752
vn -0.767115 0.000000 0.641510
vn -0.899550 0.000000 0.436818
vn -0.899550 0.000000 0.436818
vn 0.853970 -0.000000 0.520323
vn 0.919271 -0.000000 0.393624
vn 0.951490 -0.000000 0.307678
vn 0.988668 -0.000000 0.150117
vn 0.997039 -0.000000 0.076900
vn 0.994680 -0.000000 -0.103015
vn 0.987104 -0.000000 -0.160081
vn 0.936920 -0.000000 -0.349543
vn 0.921987 -0.000000 -0.387221
vn 0.819093 -0.000000 -0.573661
vn 0.804342 -0.000000 -0.594167
vn 0.648752 -0.000000 -0.761000
vn 0.641510 -0.000000 -0.767115
vn 0.436818 -0.000000 -0.899550
vn 0.436818 -0.000000 -0.899550
vn 0.258819 -0.000000 0.965926
vn 0.258819 -0.000000 0.965926
vn 0.000000 -0.000000 1.000000
vn 0.000000 -0.000000 1.000000
vn -0.258819 0.000000 0.965926
vn -0.258819 0.000000 0.965926
vn -0.500000 0.000000 0.866025
vn -0.500000 0.000000 0.866025
vn -0.707107 0.000000 0.707107
vn -0.707107 0.000000 0.707107
vn -0.866025 0.000000 0.500000
vn -0.866025 0.000000 0.500000
vn -0.965926 0.000000 0.258819
vn -0.965926 0.000000 0.258819
vn -1.000000 0.000000 0.000000
vn -1.000000 0.000000 0.000000
vn -0.965926 0.000000 -0.258819
vn -0.965926 0.000000 -0.258819
vn -0.866025 0.000000 -0.500000
vn -0.866025 0.000000 -0.500000
vn -0.707107 0.000000 -0.707107
vn -0.707107 0.000000 -0.707107
vn -0.500000 0.000000 -0.866025
vn -0.500000 0.000000 -0.866025
vn -0.258819 0.000000 -0.965926
vn -0.258819 0.000000 -0.965926
vn -0.000000 0.000000 -1.000000
vn -0.000000 0.000000 -1.000000
vn 0.258819 -0.000000 -0.965926
vn 0.258819 -0.000000 -0.965926
vn 0.500000 -0.000000 -0.866025
vn 0.500000 -0.000000 -0.866025
vn 0.707107 -0.000000 -0.707107
vn 0.707107 -0.000000 -0.707107
vn 0.866025 -0.000000 -0.500000
vn 0.866025 -0.000000 -0.500000
vn 0.965926 -0.000000 -0.258819
vn 0.965926 -0.000000 -0.258819
vn 1.000000 -0.000000 -0.000000
vn 1.000000 -0.000000 -0.000000
vn 0.965926 -0.000000 0.258819
vn 0.965926 -0.000000 0.258819
vn 0.866025 -0.000000 0.500000
vn 0.866025 -0.000000 0.500000
vn 0.707107 -0.000000 0.707107
vn 0.707107 -0.000000 0.707107
vn 0.500000 -0.000000 0.866025
vn 0.500000 -0.000000 0.866025
vn -0.258819 0.000000 0.965926
vn 0.000000 -0.000000 1.000000
vn 0.258819 -0.000000 0.965926
vn 0.500000 -0.000000 0.866025
vn 0.707107 -0.000000 0.707107
vn 0.866025 -0.000000 0.500000
vn 0.965926 -0.000000 0.258819
vn 1.000000 -0.000000 -0.000000
vn 0.965926 -0.000000 -0.258819
vn 0.866025 -0.000000 -0.500000
vn 0.707107 -0.000000 -0.707107
vn 0.500000 -0.000000 -0.866025
vn 0.258819 -0.000000 -0.965926
vn -0.000000 0.000000 -1.000000
vn -0.258819 0.000000 -0.965926
vn -0.500000 0.000000 -0.866025
vn -0.707107 0.000000 -0.707107
vn -0.866025 0.000000 -0.500000
vn -0.965926 0.000000 -0.258819
vn -1.000000 0.000000 0.000000
vn -0.965926 0.000000 0.258819
vn -0.866025 0.000000 0.500000
vn -0.707107 0.000000 0.707107
vn -0.500000 0.000000 0.866025
vn 0.436818 -0.000000 0.899550
vn 0.641510 -0.000000 0.767115
vn 0.436818 -0.000000 0.899550
vn 0.648752 -0.000000 0.761000
vn 0.804342 -0.000000 0.594167
vn 0.819093 -0.000000 0.573661
vn 0.921987 -0.000000 0.387221
vn 0.936920 -0.000000 0.349543
vn 0.987104 -0.000000 0.160081
vn 0.994680 -0.000000 0.103015
vn 0.997039 -0.000000 -0.076900
vn 0.988668 -0.000000 -0.150117
vn 0.951490 -0.000000 -0.307678
vn 0.919271 -0.000000 -0.393624
vn 0.853970 -0.000000 -0.520322
vn 0.790938 -0.000000 -0.611896
vn 0.708390 -0.000000 -0.705821
vn 0.611896 -0.000000 -0.790938
vn 0.705821 -0.000000 -0.708390
vn 0.520322 -0.000000 -0.853970
vn 0.393624 -0.000000 -0.919271
vn 0.307678 -0.000000 -0.951490
vn 0.150117 -0.000000 -0.988668
vn 0.076900 -0.000000 -0.997039
vn -0.103015 0.000000 -0.994680
vn -0.160081 0.000000 -0.987104
vn -0.349543 0.000000 -0.936920
vn -0.387221 0.000000 -0.921987
vn -0.573661 0.000000 -0.819093
vn -0.594167 0.000000 -0.804342
vn -0.761000 0.000000 -0.648752
vn -0.767115 0.000000 -0.641510
vn -0.899550 0.000000 -0.436818
vn -0.899550 0.000000 -0.436818
vn -0.708390 0.000000 -0.705821
vn -0.790938 0.000000 -0.611896
vn -0.611896 0.000000 -0.790938
vn -0.705821 0.000000 -0.708390
vn -0.520322 0.000000 -0.853970
vn -0.393624 0.000000 -0.919271
vn -0.307678 0.000000 -0.951490
vn -0.150117 0.000000 -0.988668
vn -0.076900 0.000000 -0.997039
vn 0.103015 -0.000000 -0.994680
vn 0.160081 -0.000000 -0.987104
vn 0.349543 -0.000000 -0.936920
vn 0.387221 -0.000000 -0.921987
vn 0.573661 -0.000000 -0.819093
vn 0.594167 -0.000000 -0.804342
vn 0.761000 -0.000000 -0.648752
vn 0.767115 -0.000000 -0.641510
vn 0.899550 -0.000000 -0.436818
vn 0.899550 -0.000000 -0.436818
vn -0.853970 0.000000 -0.520322
vn -0.919271 0.000000 -0.393624
vn -0.951490 0.000000 -0.307678
vn -0.988668 0.000000 -0.150117
vn -0.997039 0.000000 -0.076900
vn -0.994680 0.000000 0.103015
vn -0.987104 0.000000 0.160081
vn -0.936920 0.000000 0.349543
vn -0.921987 0.000000 0.387221
vn -0.819093 0.000000 0.573661
vn -0.804342 0.000000 0.594167
vn -0.648752 0.000000 0.761000
vn -0.641510 0.000000 0.767115
vn -0.436818 0.000000 0.899550
vn -0.436818 0.000000 0.899550
vn -0.965926 0.000000 0.258819
vn -0.965926 0.000000 0.258819
vn -1.000000 0.000000 0.000000
vn -1.000000 0.000000 0.000000
vn -0.965926 0.000000 -0.258819
vn -0.965926 0.000000 -0.258819
vn -0.866025 0.000000 -0.500000
vn -0.866025 0.000000 -0.500000
vn -0.707107 0.000000 -0.707107
vn -0.707107 0.000000 -0.707107
vn -0.500000 0.000000 -0.866025
vn -0.500000 0.000000 -0.866025
vn -0.258819 0.000000 -0.965926
vn -0.258819 0.000000 -0.965926
vn -0.000000 0.000000 -1.000000
vn -0.000000 0.000000 -1.000000
vn 0.258819 -0.000000 -0.965926
vn 0.258819 -0.000000 -0.965926
vn 0.500000 -0.000000 -0.866025
vn 0.500000 -0.000000 -0.866025
vn 0.707107 -0.000000 -0.707107
vn 0.707107 -0.000000 -0.707107
vn 0.866025 -0.000000 -0.500000
vn 0.866025 -0.000000 -0.500000
vn 0.965926 -0.000000 -0.258819
vn 0.965926 -0.000000 -0.258819
vn 1.000000 -0.000000 -0.000000
vn 1.000000 -0.000000 -0.000000
vn 0.965926 -0.000000 0.258819
vn 0.965926 -0.000000 0.258819
vn 0.866025 -0.000000 0.500000
vn 0.866025 -0.000000 0.500000
vn 0.707107 -0.000000 0.707107
vn 0.707107 -0.000000 0.707107
vn 0.500000 -0.000000 0.866025
vn 0.500000 -0.000000 0.866025
vn 0.258819 -0.000000 0.965926
vn 0.258819 -0.000000 0.965926
vn 0.000000 -0.000000 1.000000
vn 0.000000 -0.000000 1.000000
vn -0.258819 0.000000 0.965926
vn -0.258819 0.000000 0.965926
vn -0.500000 0.000000 0.866025
vn -0.500000 0.000000 0.866025
vn -0.707107 0.000000 0.707107
vn -0.707107 0.000000 0.707107
vn -0.866025 0.000000 0.500000
vn -0.866025 0.000000 0.500000
vn -0.965926 0.000000 -0.258819
vn -1.000000 0.000000 0.000000
vn -0.965926 0.000000 0.258819
vn -0.866025 0.000000 0.500000
vn -0.707107 0.000000 0.707107
vn -0.500000 0.000000 0.866025
vn -0.258819 0.000000 0.965926
vn 0.000000 -0.000000 1.000000
vn 0.258819 -0.000000 0.965926
vn 0.500000 -0.000000 0.866025
vn 0.707107 -0.000000 0.707107
vn 0.866025 -0.000000 0.500000
vn 0.965926 -0.000000 0.258819
vn 1.000000 -0.000000 -0.000000
vn 0.965926 -0.000000 -0.258819
vn 0.866025 -0.000000 -0.500000
vn 0.707107 -0.000000 -0.707107
vn 0.500000 -0.000000 -0.866025
vn 0.258819 -0.000000 -0.965926
vn -0.000000 0.000000 -1.000000
vn -0.258819 0.000000 -0.965926
vn -0.500000 0.000000 -0.866025
vn -0.707107 0.000000 -0.707107
vn -0.866025 0.000000 -0.500000
vn -0.258819 0.000000 -0.965926
vn -0.258819 0.000000 -0.965926
vn -0.000000 0.000000 -1.000000
vn -0.000000 0.000000 -1.000000
vn 0.258819 -0.000000 -0.965926
vn 0.258819 -0.000000 -0.965926
vn 0.500000 -0.000000 -0.866025
vn 0.500000 -0.000000 -0.866025
vn 0.707107 -0.000000 -0.707107
vn 0.707107 -0.000000 -0.707107
vn 0.866025 -0.000000 -0.500000
vn 0.866025 -0.000000 -0.500000
vn 0.965926 -0.000000 -0.258819
vn 0.965926 -0.000000 -0.258819
vn 1.000000 -0.000000 -0.000000
vn 1.000000 -0.000000 -0.000000
vn 0.965926 -0.000000 0.258819
vn 0.965926 -0.000000 0.258819
vn 0.866025 -0.000000 0.500000
vn 0.866025 -0.000000 0.500000
vn 0.707107 -0.000000 0.707107
vn 0.707107 -0.000000 0.707107
vn 0.500000 -0.000000 0.866025
vn 0.500000 -0.000000 0.866025
vn 0.258819 -0.000000 0.965926
vn 0.258819 -0.000000 0.965926
vn 0.000000 -0.000000 1.000000
vn 0.000000 -0.000000 1.000000
vn -0.258819 0.000000 0.965926
vn -0.258819 0.000000 0.965926
vn -0.500000 0.000000 0.866025
vn -0.500000 0.000000 0.866025
vn -0.707107 0.000000 0.707107
vn -0.707107 0.000000 0.707107
vn -0.866025 0.000000 0.500000
vn -0.866025 0.000000 0.500000
vn -0.965926 0.000000 0.258819
vn -0.965926 0.000000 0.258819
vn -1.000000 0.000000 0.000000
vn -1.000000 0.000000 0.000000
vn -0.965926 0.000000 -0.258819
vn -0.965926 0.000000 -0.258819
vn -0.866025 0.000000 -0.500000
vn -0.866025 0.000000 -0.500000
vn -0.707107 0.000000 -0.707107
vn -0.707107 0.000000 -0.707107
vn -0.500000 0.000000 -0.866025
vn -0.500000 0.000000 -0.866025
vn 0.258819 -0.000000 -0.965926
vn -0.000000 0.000000 -1.000000
vn -0.258819 0.000000 -0.965926
vn -0.500000 0.000000 -0.866025
vn -0.707107 0.000000 -0.707107
vn -0.866025 0.000000 -0.500000
vn -0.965926 0.000000 -0.258819
vn -1.000000 0.000000 0.000000
vn -0.965926 0.000000 0.258819
vn -0.866025 0.000000 0.500000
vn -0.707107 0.000000 0.707107
vn -0.500000 0.000000 0.866025
vn -0.258819 0.000000 0.965926
vn 0.000000 -0.000000 1.000000
vn 0.258819 -0.000000 0.965926
vn 0.500000 -0.000000 0.866025
vn 0.707107 -0.000000 0.707107
vn 0.866025 -0.000000 0.500000
vn 0.965926 -0.000000 0.258819
vn 1.000000 -0.000000 -0.000000
vn 0.965926 -0.000000 -0.258819
vn 0.866025 -0.000000 -0.500000
vn 0.707107 -0.000000 -0.707107
vn 0.500000 -0.000000 -0.866025
vn -0.705821 0.000000 0.708390
vn -0.611896 0.000000 0.790938
vn -0.790938 0.000000 0.611896
vn -0.708390 0.000000 0.705821
vn -0.853970 0.000000 0.520323
vn -0.919271 0.000000 0.393624
vn -0.951490 0.000000 0.307678
vn -0.988668 0.000000 0.150117
vn -0.997039 0.000000 0.076900
vn -0.994680 0.000000 -0.103015
vn -0.987104 0.000000 -0.160081
vn -0.936920 0.000000 -0.349543
vn -0.921987 0.000000 -0.387221
vn -0.819093 0.000000 -0.573661
vn -0.804342 0.000000 -0.594167
vn -0.648752 0.000000 -0.761000
vn -0.641510 0.000000 -0.767115
vn -0.436818 0.000000 -0.899550
vn -0.436818 0.000000 -0.899550
vn -0.520323 0.000000 0.853970
vn -0.393624 0.000000 0.919271
vn -0.307678 0.000000 0.951490
vn -0.150117 0.000000 0.988668
vn -0.076900 0.000000 0.997039
vn 0.103015 -0.000000 0.994680
vn 0.160081 -0.000000 0.987104
vn 0.349543 -0.000000 0.936920
vn 0.387221 -0.000000 0.921987
vn 0.573661 -0.000000 0.819093
vn 0.594167 -0.000000 0.804342
vn 0.761000 -0.000000 0.648752
vn 0.767115 -0.000000 0.641510
vn 0.899550 -0.000000 0.436818
vn 0.899550 -0.000000 0.436818
vn 0.000000 1.000000 0.000000
vn 0.000000 1.000000 0.000000
vn 0.000000 1.000000 0.000000
vn 0.000000 1.000000 0.000000
vn 0.000000 1.000000 0.000000
vn 0.000000 1.000000 0.000000
vn 0.000000 1.000000 0.000000
vn 0.000000 1.000000 0.000000
vn 0.000000 1.000000 0.000000
vn 0.000000 1.000000 0.000000
vn 0.000000 1.000000 0.000000
vn 0.000000 1.000000 0.000000
vn 0.000000 1.000000 0.000000
vn 0.000000 1.000000 0.000000
vn 0.000000 1.000000 0.000000
vn 0.000000 1.000000 0.000000
vn 0.000000 1.000000 0.000000
vn 0.000000 1.000000 0.000000
vn 0.000000 1.000000 0.000000
vn 0.000000 1.000000 0.000000
vn 0.000000 1.000000 0.000000
vn 0.000000 1.000000 0.000000
vn 0.000000 1.000000 0.000000
vn 0.000000 1.000000 0.000000
vn 0.000000 1.000000 0.000000
vn 0.000000 1.000000 0.000000
vn 0.000000 1.000000 0.000000
vn 0.000000 1.000000 0.000000
vn 0.000000 1.000000 0.000000
vn 0.000000 1.000000 0.000000
vn 0.000000 1.000000 0.000000
vn 0.000000 1.000000 0.000000
vn 0.000000 1.000000 0.000000
vn 0.000000 1.000000 0.000000
vn 0.000000 1.000000 0.000000
vn 0.000000 1.000000 0.000000
vn 0.000000 1.000000 0.000000
vn 0.000000 1.000000 0.000000
vn 0.000000 1.000000 0.000000
vn 0.000000 1.000000 0.000000
vn 0.000000 1.000000 0.000000
vn 0.000000 1.000000 0.000000
vn 0.000000 1.000000 0.000000
vn 0.000000 1.000000 0.000000
vn 0.000000 1.000000 0.000000
vn 0.000000 1.000000 0.000000
vn 0.000000 1.000000 0.000000
vn 0.000000 1.000000 0.000000
vn 0.000000 1.000000 0.000000
vn 0.000000 1.000000 0.000000
vn 0.000000 1.000000 0.000000
vn 0.000000 1.000000 0.000000
vn 0.000000 1.000000 0.000000
vn 0.000000 1.000000 0.000000
vn 0.000000 1.000000 0.000000
vn 0.000000 1.000000 0.000000
vn 0.000000 1.000000 0.000000
vn 0.000000 1.000000 0.000000
vn 0.000000 1.000000 0.000000
vn 0.000000 1.000000 0.000000
vn 0.000000 1.000000 0.000000
vn 0.000000 1.000000 0.000000
vn 0.000000 1.000000 0.000000
vn 0.000000 1.000000 0.000000
vn 0.000000 1.000000 0.000000
vn 0.000000 1.000000 0.000000
vn 0.000000 1.000000 0.000000
vn 0.000000 1.000000 0.000000
vn 0.000000 1.000000 0.000000
vn 0.000000 1.000000 0.000000
vn 0.000000 1.000000 0.000000
vn 0.000000 1.000000 0.000000
vn 0.000000 1.000000 0.000000
vn 0.000000 1.000000 0.000000
vn 0.000000 1.000000 0.000000
vn 0.000000 1.000000 0.000000
vn 0.000000 1.000000 0.000000
vn 0.000000 1.000000 0.000000
vn 0.000000 1.000000 0.000000
vn 0.000000 1.000000 0.000000
vn 0.000000 1.000000 0.000000
vn 0.000000 1.000000 0.000000
vn 0.000000 1.000000 0.000000
vn 0.000000 1.000000 0.000000
vn 0.000000 1.000000 0.000000
vn 0.000000 1.000000 0.000000
vn 0.000000 1.000000 0.000000
vn 0.000000 1.000000 0.000000
vn 0.000000 1.000000 0.000000
vn 0.000000 1.000000 0.000000
vn 0.000000 1.000000 0.000000
vn 0.000000 1.000000 0.000000
vn 0.000000 1.000000 0.000000
vn 0.000000 1.000000 0.000000
vn 0.000000 1.000000 0.000000
vn 0.000000 1.000000 0.000000
vn 0.000000 1.000000 0.000000
vn 0.000000 1.000000 0.000000
vn 0.000000 1.000000 0.000000
vn 0.000000 1.000000 0.000000
vn 0.000000 1.000000 0.000000
vn 0.000000 1.000000 0.000000
vn 0.000000 1.000000 0.000000
vn 0.000000 1.000000 0.000000
vn 0.000000 1.000000 0.000000
vn 0.000000 1.000000 0.000000
vn 0.000000 1.000000 0.000000
vn 0.000000 1.000000 0.000000
vn 0.000000 1.000000 0.000000
vn 0.000000 1.000000 0.000000
vn 0.000000 1.000000 0.000000
vn 0.000000 1.000000 0.000000
vn 0.000000 1.000000 0.000000
vn 0.000000 1.000000 0.000000
vn 0.000000 1.000000 0.000000
vn 0.000000 1.000000 0.000000
vn 0.000000 1.000000 0.000000
vn 0.000000 1.000000 0.000000
vn 0.000000 1.000000 0.000000
vn 0.000000 1.000000 0.000000
vn 0.000000 1.000000 0.000000
vn 0.000000 1.000000 0.000000
vn 0.000000 1.000000 0.000000
vn 0.000000 1.000000 0.000000
vn 0.000000 1.000000 0.000000
vn 0.000000 1.000000 0.000000
vn 0.000000 1.000000 0.000000
vn 0.000000 1.000000 0.000000
vn 0.000000 1.000000 0.000000
vn 0.000000 1.000000 0.000000
vn 0.000000 1.000000 0.000000
vn 0.000000 1.000000 0.000000
vn 0.000000 1.000000 0.000000
vn 0.000000 1.000000 0.000000
vn 0.000000 1.000000 0.000000
vn 0.000000 1.000000 0.000000
vn 0.000000 1.000000 0.000000
vn 0.000000 1.000000 0.000000
vn 0.000000 1.000000 0.000000
vn 0.000000 1.000000 0.000000
vn 0.000000 1.000000 0.000000
vn 0.000000 1.000000 0.000000
vn 0.000000 1.000000 0.000000
vn 0.000000 1.000000 0.000000
vn 0.000000 1.000000 0.000000
vn 0.000000 1.000000 0.000000
vn 0.000000 1.000000 0.000000
vn 0.000000 1.000000 0.000000
vn 0.000000 1.000000 0.000000
vn 0.000000 1.000000 0.000000
vn 0.000000 1.000000 0.000000
vn 0.000000 1.000000 0.000000
vn 0.000000 1.000000 0.000000
vn 0.000000 1.000000 0.000000
vn 0.000000 1.000000 0.000000
vn 0.000000 1.000000 0.000000
vn 0.000000 1.000000 0.000000
vn 0.000000 1.000000 0.000000
vn 0.000000 1.000000 0.000000
vn 0.000000 1.000000 0.000000
vn 0.000000 1.000000 0.000000
vn 0.000000 1.000000 0.000000
vn 0.000000 1.000000 0.000000
vn 0.000000 1.000000 0.000000
vn 0.000000 1.000000 0.000000
vn 0.000000 1.000000 0.000000
vn 0.000000 1.000000 0.000000
vn 0.000000 1.000000 0.000000
vn 0.000000 1.000000 0.000000
vn 0.000000 1.000000 0.000000
vn 0.000000 1.000000 0.000000
vn 0.000000 1.000000 0.000000
vn 0.000000 1.000000 0.000000
vn 0.000000 1.000000 0.000000
vn 0.000000 1.000000 0.000000
vn 0.000000 1.000000 0.000000
vn 0.000000 1.000000 0.000000
vn 0.000000 1.000000 0.000000
vn 0.000000 1.000000 0.000000
vn 0.000000 1.000000 0.000000
vn 0.000000 1.000000 0.000000
vn 0.000000 1.000000 0.000000
vn 0.000000 1.000000 0.000000
vn 0.000000 1.000000 0.000000
vn 0.000000 1.000000 0.000000
vn 0.000000 1.000000 0.000000
vn 0.000000 1.000000 0.000000
vn 0.000000 1.000000 0.000000
vn 0.000000 1.000000 0.000000
vn 0.000000 1.000000 0.000000
vn 0.000000 1.000000 0.000000
vn 0.000000 1.000000 0.000000
f 1943/3303/3239 1997/3304/3240 1942/3305/3241
f 1942/3305/3241 1997/3304/3240 2008/3306/3242
f 1942/3305/3241 2008/3306/3242 1989/3307/3243
f 1989/3307/3243 2008/3306/3242 2237/3308/3244
f 1989/3307/3243 2237/3308/3244 1988/3309/3245
f 1988/3309/3245 2237/3308/3244 2231/3310/3246
f 1988/3309/3245 2231/3310/3246 1987/3311/3247
f 1987/3311/3247 2231/3310/3246 2225/3312/3248
f 1987/3311/3247 2225/3312/3248 1986/3313/3249
f 1986/3313/3249 2225/3312/3248 2219/3314/3250
f 1986/3313/3249 2219/3314/3250 1985/3315/3251
f 1985/3315/3251 2219/3314/3250 1984/3316/3252
f 1984/3316/3252 2219/3314/3250 2213/3317/3253
f 1984/3316/3252 2213/3317/3253 1983/3318/3254
f 1983/3318/3254 2213/3317/3253 2207/3319/3255
f 1983/3318/3254 2207/3319/3255 1982/3320/3256
f 1982/3320/3256 2207/3319/3255 2201/3321/3257
f 1982/3320/3256 2201/3321/3257 1981/3322/3258
f 1981/3322/3258 2201/3321/3257 2195/3323/3259
f 1981/3322/3258 2195/3323/3259 1980/3324/3260
f 1980/3324/3260 2195/3323/3259 2189/3325/3261
f 1980/3324/3260 2189/3325/3261 1979/3326/3262
f 1979/3326/3262 2189/3325/3261 1978/3327/3263
f 1978/3327/3263 2189/3325/3261 2183/3328/3264
f 1978/3327/3263 2183/3328/3264 1977/3329/3265
f 1977/3329/3265 2183/3328/3264 2177/3330/3266
f 1977/3329/3265 2177/3330/3266 1976/3331/3267
f 1976/3331/3267 2177/3330/3266 2171/3332/3268
f 1976/3331/3267 2171/3332/3268 1975/3333/3269
f 1975/3333/3269 2171/3332/3268 2165/3334/3270
f 1975/3333/3269 2165/3334/3270 1974/3335/3271
f 1974/3335/3271 2165/3334/3270 1991/3336/3272
f 1974/3335/3271 1991/3336/3272 1973/3337/3273
f 1973/3338/3273 1991/3339/3272 2159/3340/3274
f 1973/3338/3273 2159/3340/3274 1972/3341/3275
f 1972/3341/3275 2159/3340/3274 2153/3342/3276
f 1972/3341/3275 2153/3342/3276 1971/3343/3277
f 1971/3343/3277 2153/3342/3276 2147/3344/3278
f 1971/3343/3277 2147/3344/3278 1970/3345/3279
f 1970/3345/3279 2147/3344/3278 2141/3346/3280
f 1970/3345/3279 2141/3346/3280 1969/3347/3281
f 1969/3347/3281 2141/3346/3280 2135/3348/3282
f 1969/3347/3281 2135/3348/3282 1968/3349/3283
f 1968/3349/3283 2135/3348/3282 1967/3350/3284
f 1967/3350/3284 2135/3348/3282 2129/3351/3285
f 1967/3350/3284 2129/3351/3285 1966/3352/3286
f 1966/3352/3286 2129/3351/3285 2123/3353/3287
f 1966/3352/3286 2123/3353/3287 1965/3354/3288
f 1965/3354/3288 2123/3353/3287 2117/3355/3289
f 1965/3354/3288 2117/3355/3289 1964/3356/3290
f 1964/3356/3290 2117/3355/3289 2111/3357/3291
f 1964/3356/3290 2111/3357/3291 1963/3358/3292
f 1963/3358/3292 2111/3357/3291 2105/3359/3293
f 1963/3358/3292 2105/3359/3293 1962/3360/3294
f 1962/3360/3294 2105/3359/3293 2099/3361/3295
f 1962/3360/3294 2099/3361/3295 1961/3362/3296
f 1961/3362/3296 2099/3361/3295 1960/3363/3297
f 1960/3363/3297 2099/3361/3295 2093/3364/3298
f 1960/3363/3297 2093/3364/3298 1959/3365/3299
f 1959/3365/3299 2093/3364/3298 2087/3366/3300
f 1959/3365/3299 2087/3366/3300 1958/3367/3301
f 1958/3367/3301 2087/3366/3300 2081/3368/3302
f 1958/3367/3301 2081/3368/3302 1957/3369/3303
f 1957/3369/3303 2081/3368/3302 2075/3370/3304
f 1957/3369/3303 2075/3370/3304 1956/3371/3305
f 1956/3371/3305 2075/3370/3304 2069/3372/3306
f 1956/3371/3305 2069/3372/3306 1955/3373/3307
f 1955/3373/3307 2069/3372/3306 1954/3374/3308
f 1954/3374/3308 2069/3372/3306 2063/3375/3309
f 1954/3374/3308 2063/3375/3309 1953/3376/3310
f 1953/3376/3310 2063/3375/3309 2057/3377/3311
f 1953/3376/3310 2057/3377/3311 1952/3378/3312
f 1952/3378/3312 2057/3377/3311 2051/3379/3313
f 1952/3378/3312 2051/3379/3313 1951/3380/3314
f 1951/3380/3314 2051/3379/3313 2045/3381/3315
f 1951/3380/3314 2045/3381/3315 1950/3382/3316
f 1950/3382/3316 2045/3381/3315 2039/3383/3317
f 1950/3382/3316 2039/3383/3317 1949/3384/3318
f 1949/3384/3318 2039/3383/3317 2033/3385/3319
f 1949/3384/3318 2033/3385/3319 1948/3386/3320
f 1948/3386/3320 2033/3385/3319 2027/3387/3321
f 1948/3386/3320 2027/3387/3321 1947/3388/3322
f 1947/3388/3322 2027/3387/3321 2021/3389/3323
f 1947/3388/3322 2021/3389/3323 1946/3390/3324
f 1946/3390/3324 2021/3389/3323 2015/3391/3325
f 1946/3390/3324 2015/3391/3325 1945/3392/3326
f 1945/3392/3326 2015/3391/3325 2009/3393/3327
f 1945/3392/3326 2009/3393/3327 1944/3394/3328
f 1944/3394/3328 2009/3393/3327 1943/3303/3239
f 1943/3303/3239 2009/3393/3327 1997/3304/3240
f 1996/3395/3329 1990/3396/3330 2164/3397/3331
f 2164/3397/3331 1990/3398/3332 2158/3399/3333
f 2158/3399/3333 1990/3400/3334 2152/3401/3335
f 2152/3401/3335 1990/3402/3336 2146/3403/3337
f 2146/3403/3337 1990/3404/3338 2140/3405/3339
f 2140/3405/3339 1990/3406/3340 2134/3407/3341
f 2134/3407/3341 1990/3408/3342 2128/3409/3343
f 2128/3409/3343 1990/3410/3344 2122/3411/3345
f 2122/3411/3345 1990/3412/3346 2116/3413/3347
f 2116/3413/3347 1990/3414/3348 2110/3415/3349
f 2098/3416/3350 1990/3417/3351 2092/3418/3352
f 2092/3418/3352 1990/3419/3353 2086/3420/3354
f 2080/3421/3355 1990/3422/3356 2074/3423/3357
f 2074/3423/3357 1990/3424/3358 2068/3425/3359
f 2068/3425/3359 1990/3426/3360 2062/3427/3361
f 2062/3427/3361 1990/3428/3362 2056/3429/3363
f 2056/3429/3363 1990/3430/3364 2050/3431/3365
f 2050/3431/3365 1990/3432/3366 2044/3433/3367
f 2044/3433/3367 1990/3434/3368 2038/3435/3369
f 2038/3435/3369 1990/3436/3370 2032/3437/3371
f 2032/3437/3371 1990/3438/3372 2026/3439/3373
f 2026/3439/3373 1990/3440/3374 2020/3441/3375
f 2020/3441/3375 1990/3442/3376 2014/3443/3377
f 2014/3443/3377 1990/3444/3378 2002/3445/3379
f 2002/3445/3379 1990/3446/3380 2003/3447/3381
f 2242/3448/3382 1990/3449/3383 2236/3450/3384
f 2236/3450/3384 1990/3451/3385 2230/3452/3386
f 2218/3453/3387 1990/3454/3388 2212/3455/3389
f 2212/3455/3389 1990/3456/3390 2206/3457/3391
f 2206/3457/3391 1990/3458/3392 2200/3459/3393
f 2200/3459/3393 1990/3460/3394 2194/3461/3395
f 2194/3461/3395 1990/3462/3396 2188/3463/3397
f 2188/3463/3397 1990/3464/3398 2182/3465/3399
f 2182/3465/3399 1990/3466/3400 2176/3467/3401
f 2176/3467/3401 1990/3468/3402 2170/3469/3403
f 2170/3469/3403 1990/3470/3404 1996/3471/3329
f 1991/3339/3272 1992/3472/3405 2159/3340/3274
f 2159/3340/3274 1992/3472/3405 2160/3473/3406
f 2159/3340/3274 2160/3473/3406 2153/3342/3276
f 2153/3342/3276 2160/3473/3406 2154/3474/3407
f 2153/3342/3276 2154/3474/3407 2147/3344/3278
f 2147/3344/3278 2154/3474/3407 2148/3475/3408
f 2147/3344/3278 2148/3475/3408 2141/3346/3280
f 2141/3346/3280 2148/3475/3408 2142/3476/3409
f 2141/3346/3280 2142/3476/3409 2135/3348/3282
f 2135/3348/3282 2142/3476/3409 2136/3477/3410
f 2135/3348/3282 2136/3477/3410 2129/3351/3285
f 2129/3351/3285 2136/3477/3410 2130/3478/3411
f 2129/3351/3285 2130/3478/3411 2123/3353/3287
f 2123/3353/3287 2130/3478/3411 2124/3479/3412
f 2123/3353/3287 2124/3479/3412 2117/3355/3289
f 2117/3355/3289 2124/3479/3412 2118/3480/3413
f 2117/3355/3289 2118/3480/3413 2111/3357/3291
f 2111/3357/3291 2118/3480/3413 2112/3481/3414
f 2111/3357/3291 2112/3481/3414 2106/3482/3415
f 2106/3482/3415 2112/3481/3414 2107/3483/3416
f 2106/3482/3415 2107/3483/3416 2101/3484/3417
f 2101/3484/3417 2107/3483/3416 2102/3485/3418
f 2101/3484/3417 2102/3485/3418 2095/3486/3419
f 2095/3486/3419 2102/3485/3418 2096/3487/3420
f 2095/3486/3419 2096/3487/3420 2089/3488/3421
f 2089/3488/3421 2096/3487/3420 2090/3489/3422
f 2089/3488/3421 2090/3489/3422 2083/3490/3423
f 2083/3490/3423 2090/3489/3422 2084/3491/3424
f 2083/3490/3423 2084/3491/3424 2077/3492/3425
f 2077/3492/3425 2084/3491/3424 2078/3493/3426
f 2077/3492/3425 2078/3493/3426 2071/3494/3427
f 2071/3494/3427 2078/3493/3426 2072/3495/3428
f 2071/3494/3427 2072/3495/3428 2065/3496/3429
f 2065/3496/3429 2072/3495/3428 2066/3497/3430
f 2065/3496/3429 2066/3497/3430 2059/3498/3431
f 2059/3498/3431 2066/3497/3430 2060/3499/3432
f 2059/3498/3431 2060/3499/3432 2053/3500/3433
f 2053/3500/3433 2060/3499/3432 2054/3501/3434
f 2053/3500/3433 2054/3501/3434 2047/3502/3435
f 2047/3502/3435 2054/3501/3434 2048/3503/3436
f 2047/3502/3435 2048/3503/3436 2041/3504/3437
f 2041/3504/3437 2048/3503/3436 2042/3505/3438
f 2041/3504/3437 2042/3505/3438 2035/3506/3439
f 2035/3506/3439 2042/3505/3438 2036/3507/3440
f 2035/3506/3439 2036/3507/3440 2029/3508/3441
f 2029/3508/3441 2036/3507/3440 2030/3509/3442
f 2029/3508/3441 2030/3509/3442 2023/3510/3443
f 2023/3510/3443 2030/3509/3442 2024/3511/3444
f 2023/3510/3443 2024/3511/3444 2017/3512/3445
f 2017/3512/3445 2024/3511/3444 2018/3513/3446
f 2017/3512/3445 2018/3513/3446 2011/3514/3447
f 2011/3514/3447 2018/3513/3446 2012/3515/3448
f 2011/3514/3447 2012/3515/3448 1999/3516/3449
f 1999/3516/3449 2012/3515/3448 2000/3517/3450
f 1999/3516/3449 2000/3517/3450 2006/3518/3451
f 2006/3518/3451 2000/3517/3450 2005/3519/3452
f 2006/3518/3451 2005/3519/3452 2239/3520/3453
f 2239/3520/3453 2005/3519/3452 2240/3521/3454
f 2239/3520/3453 2240/3521/3454 2233/3522/3455
f 2233/3522/3455 2240/3521/3454 2234/3523/3456
f 2233/3522/3455 2234/3523/3456 2228/3524/3457
f 2228/3524/3457 2234/3523/3456 2229/3525/3458
f 2228/3524/3457 2229/3525/3458 2223/3526/3459
f 2223/3526/3459 2229/3525/3458 2224/3527/3460
f 2223/3526/3459 2224/3527/3460 2217/3528/3461
f 2217/3528/3461 2224/3527/3460 2218/3453/3387
f 2217/3528/3461 2218/3453/3387 2211/3529/3462
f 2211/3529/3462 2218/3453/3387 2212/3455/3389
f 2211/3529/3462 2212/3455/3389 2205/3530/3463
f 2205/3530/3463 2212/3455/3389 2206/3457/3391
f 2205/3530/3463 2206/3457/3391 2199/3531/3464
f 2199/3531/3464 2206/3457/3391 2200/3459/3393
f 2199/3531/3464 2200/3459/3393 2193/3532/3465
f 2193/3532/3465 2200/3459/3393 2194/3461/3395
f 2193/3532/3465 2194/3461/3395 2187/3533/3466
f 2187/3533/3466 2194/3461/3395 2188/3463/3397
f 2187/3533/3466 2188/3463/3397 2181/3534/3467
f 2181/3534/3467 2188/3463/3397 2182/3465/3399
f 2181/3534/3467 2182/3465/3399 2175/3535/3468
f 2175/3535/3468 2182/3465/3399 2176/3467/3401
f 2175/3535/3468 2176/3467/3401 2169/3536/3469
f 2169/3536/3469 2176/3467/3401 2170/3469/3403
f 2169/3536/3469 2170/3469/3403 1995/3537/3470
f 1995/3537/3470 2170/3469/3403 1996/3471/3329
f 1995/3538/3470 1996/3395/3329 2163/3539/3471
f 2163/3539/3471 1996/3395/3329 2164/3397/3331
f 2163/3539/3471 2164/3397/3331 2157/3540/3472
f 2157/3540/3472 2164/3397/3331 2158/3399/3333
f 2157/3540/3472 2158/3399/3333 2151/3541/3473
f 2151/3541/3473 2158/3399/3333 2152/3401/3335
f 2151/3541/3473 2152/3401/3335 2145/3542/3474
f 2145/3542/3474 2152/3401/3335 2146/3403/3337
f 2145/3542/3474 2146/3403/3337 2139/3543/3475
f 2139/3543/3475 2146/3403/3337 2140/3405/3339
f 2139/3543/3475 2140/3405/3339 2133/3544/3476
f 2133/3544/3476 2140/3405/3339 2134/3407/3341
f 2133/3544/3476 2134/3407/3341 2127/3545/3477
f 2127/3545/3477 2134/3407/3341 2128/3409/3343
f 2127/3545/3477 2128/3409/3343 2121/3546/3478
f 2121/3546/3478 2128/3409/3343 2122/3411/3345
f 2121/3546/3478 2122/3411/3345 2115/3547/3479
f 2115/3547/3479 2122/3411/3345 2116/3413/3347
f 2115/3547/3479 2116/3413/3347 2110/3415/3349
f 1992/3472/3405 1993/3548/3480 2160/3473/3406
f 2160/3473/3406 1993/3548/3480 2161/3549/3481
f 2160/3473/3406 2161/3549/3481 2154/3474/3407
f 2154/3474/3407 2161/3549/3481 2155/3550/3482
f 2154/3474/3407 2155/3550/3482 2148/3475/3408
f 2148/3475/3408 2155/3550/3482 2149/3551/3483
f 2148/3475/3408 2149/3551/3483 2142/3476/3409
f 2142/3476/3409 2149/3551/3483 2143/3552/3484
f 2142/3476/3409 2143/3552/3484 2136/3477/3410
f 2136/3477/3410 2143/3552/3484 2137/3553/3485
f 2136/3477/3410 2137/3553/3485 2130/3478/3411
f 2130/3478/3411 2137/3553/3485 2131/3554/3486
f 2130/3478/3411 2131/3554/3486 2124/3479/3412
f 2124/3479/3412 2131/3554/3486 2125/3555/3487
f 2124/3479/3412 2125/3555/3487 2118/3480/3413
f 2118/3480/3413 2125/3555/3487 2119/3556/3488
f 2118/3480/3413 2119/3556/3488 2112/3481/3414
f 2112/3481/3414 2119/3556/3488 2113/3557/3489
f 2112/3481/3414 2113/3557/3489 2107/3483/3416
f 2107/3483/3416 2113/3557/3489 2108/3558/3490
f 2107/3483/3416 2108/3558/3490 2102/3485/3418
f 2102/3485/3418 2108/3558/3490 2103/3559/3491
f 2102/3485/3418 2103/3559/3491 2096/3487/3420
f 2096/3487/3420 2103/3559/3491 2097/3560/3492
f 2096/3487/3420 2097/3560/3492 2090/3489/3422
f 2090/3489/3422 2097/3560/3492 2091/3561/3493
f 2090/3489/3422 2091/3561/3493 2084/3491/3424
f 2084/3491/3424 2091/3561/3493 2085/3562/3494
f 2084/3491/3424 2085/3562/3494 2078/3493/3426
f 2078/3493/3426 2085/3562/3494 2079/3563/3495
f 2078/3493/3426 2079/3563/3495 2072/3495/3428
f 2072/3495/3428 2079/3563/3495 2073/3564/3496
f 2072/3495/3428 2073/3564/3496 2066/3497/3430
f 2066/3497/3430 2073/3564/3496 2067/3565/3497
f 2066/3497/3430 2067/3565/3497 2060/3499/3432
f 2060/3499/3432 2067/3565/3497 2061/3566/3498
f 2060/3499/3432 2061/3566/3498 2054/3501/3434
f 2054/3501/3434 2061/3566/3498 2055/3567/3499
f 2054/3501/3434 2055/3567/3499 2048/3503/3436
f 2048/3503/3436 2055/3567/3499 2049/3568/3500
f 2048/3503/3436 2049/3568/3500 2042/3505/3438
f 2042/3505/3438 2049/3568/3500 2043/3569/3501
f 2042/3505/3438 2043/3569/3501 2036/3507/3440
f 2036/3507/3440 2043/3569/3501 2037/3570/3502
f 2036/3507/3440 2037/3570/3502 2030/3509/3442
f 2030/3509/3442 2037/3570/3502 2031/3571/3503
f 2030/3509/3442 2031/3571/3503 2024/3511/3444
f 2024/3511/3444 2031/3571/3503 2025/3572/3504
f 2024/3511/3444 2025/3572/3504 2018/3513/3446
f 2018/3513/3446 2025/3572/3504 2019/3573/3505
f 2018/3513/3446 2019/3573/3505 2012/3515/3448
f 2012/3515/3448 2019/3573/3505 2013/3574/3506
f 2012/3515/3448 2013/3574/3506 2000/3517/3450
f 2000/3517/3450 2013/3574/3506 2001/3575/3507
f 2000/3517/3450 2001/3575/3507 2005/3519/3452
f 2005/3519/3452 2001/3575/3507 2004/3576/3508
f 2005/3519/3452 2004/3576/3508 2240/3521/3454
f 2240/3521/3454 2004/3576/3508 2241/3577/3509
f 2240/3521/3454 2241/3577/3509 2234/3523/3456
f 2234/3523/3456 2241/3577/3509 2235/3578/3510
f 2234/3523/3456 2235/3578/3510 2229/3525/3458
f 2229/3525/3458 2235/3578/3510 2230/3452/3386
f 2229/3525/3458 2230/3452/3386 2224/3527/3460
f 2224/3527/3460 2230/3452/3386 1990/3579/3511
f 2224/3527/3460 1990/3579/3511 2218/3453/3387
f 1992/3580/3405 1991/3336/3272 2166/3581/3512
f 2166/3581/3512 1991/3336/3272 2165/3334/3270
f 2166/3581/3512 2165/3334/3270 2172/3582/3513
f 2172/3582/3513 2165/3334/3270 2171/3332/3268
f 2172/3582/3513 2171/3332/3268 2178/3583/3514
f 2178/3583/3514 2171/3332/3268 2177/3330/3266
f 2178/3583/3514 2177/3330/3266 2184/3584/3515
f 2184/3584/3515 2177/3330/3266 2183/3328/3264
f 2184/3584/3515 2183/3328/3264 2190/3585/3516
f 2190/3585/3516 2183/3328/3264 2189/3325/3261
f 2190/3585/3516 2189/3325/3261 2196/3586/3517
f 2196/3586/3517 2189/3325/3261 2195/3323/3259
f 2196/3586/3517 2195/3323/3259 2202/3587/3518
f 2202/3587/3518 2195/3323/3259 2201/3321/3257
f 2202/3587/3518 2201/3321/3257 2208/3588/3519
f 2208/3588/3519 2201/3321/3257 2207/3319/3255
f 2208/3588/3519 2207/3319/3255 2214/3589/3520
f 2214/3589/3520 2207/3319/3255 2213/3317/3253
f 2214/3589/3520 2213/3317/3253 2220/3590/3521
f 2220/3590/3521 2213/3317/3253 2219/3314/3250
f 2220/3590/3521 2219/3314/3250 2225/3312/3248
f 1993/3548/3480 1994/3591/3522 2161/3549/3481
f 2161/3549/3481 1994/3591/3522 2162/3592/3523
f 2161/3549/3481 2162/3592/3523 2155/3550/3482
f 2155/3550/3482 2162/3592/3523 2156/3593/3524
f 2155/3550/3482 2156/3593/3524 2149/3551/3483
f 2149/3551/3483 2156/3593/3524 2150/3594/3525
f 2149/3551/3483 2150/3594/3525 2143/3552/3484
f 2143/3552/3484 2150/3594/3525 2144/3595/3526
f 2143/3552/3484 2144/3595/3526 2137/3553/3485
f 2137/3553/3485 2144/3595/3526 2138/3596/3527
f 2137/3553/3485 2138/3596/3527 2131/3554/3486
f 2131/3554/3486 2138/3596/3527 2132/3597/3528
f 2131/3554/3486 2132/3597/3528 2125/3555/3487
f 2125/3555/3487 2132/3597/3528 2126/3598/3529
f 2125/3555/3487 2126/3598/3529 2119/3556/3488
f 2119/3556/3488 2126/3598/3529 2120/3599/3530
f 2119/3556/3488 2120/3599/3530 2113/3557/3489
f 2113/3557/3489 2120/3599/3530 2114/3600/3531
f 2113/3557/3489 2114/3600/3531 2108/3558/3490
f 2108/3558/3490 2114/3600/3531 2109/3601/3532
f 2108/3558/3490 2109/3601/3532 2103/3559/3491
f 2103/3559/3491 2109/3601/3532 2104/3602/3533
f 2103/3559/3491 2104/3602/3533 2097/3560/3492
f 2097/3560/3492 2104/3602/3533 2098/3416/3350
f 2097/3560/3492 2098/3416/3350 2091/3561/3493
f 2091/3561/3493 2098/3416/3350 2092/3418/3352
f 2091/3561/3493 2092/3418/3352 2085/3562/3494
f 2085/3562/3494 2092/3418/3352 2086/3420/3354
f 2085/3562/3494 2086/3420/3354 2079/3563/3495
f 2079/3563/3495 2086/3420/3354 2080/3421/3355
f 2079/3563/3495 2080/3421/3355 2073/3564/3496
f 2073/3564/3496 2080/3421/3355 2074/3423/3357
f 2073/3564/3496 2074/3423/3357 2067/3565/3497
f 2067/3565/3497 2074/3423/3357 2068/3425/3359
f 2067/3565/3497 2068/3425/3359 2061/3566/3498
f 2061/3566/3498 2068/3425/3359 2062/3427/3361
f 2061/3566/3498 2062/3427/3361 2055/3567/3499
f 2055/3567/3499 2062/3427/3361 2056/3429/3363
f 2055/3567/3499 2056/3429/3363 2049/3568/3500
f 2049/3568/3500 2056/3429/3363 2050/3431/3365
f 2049/3568/3500 2050/3431/3365 2043/3569/3501
f 2043/3569/3501 2050/3431/3365 2044/3433/3367
f 2043/3569/3501 2044/3433/3367 2037/3570/3502
f 2037/3570/3502 2044/3433/3367 2038/3435/3369
f 2037/3570/3502 2038/3435/3369 2031/3571/3503
f 2031/3571/3503 2038/3435/3369 2032/3437/3371
f 2031/3571/3503 2032/3437/3371 2025/3572/3504
f 2025/3572/3504 2032/3437/3371 2026/3439/3373
f 2025/3572/3504 2026/3439/3373 2019/3573/3505
f 2019/3573/3505 2026/3439/3373 2020/3441/3375
f 2019/3573/3505 2020/3441/3375 2013/3574/3506
f 2013/3574/3506 2020/3441/3375 2014/3443/3377
f 2013/3574/3506 2014/3443/3377 2001/3575/3507
f 2001/3575/3507 2014/3443/3377 2002/3445/3379
f 2001/3575/3507 2002/3445/3379 2004/3576/3508
f 2004/3576/3508 2002/3445/3379 2003/3447/3381
f 2004/3576/3508 2003/3447/3381 2241/3577/3509
f 2241/3577/3509 2003/3447/3381 2242/3448/3382
f 2241/3577/3509 2242/3448/3382 2235/3578/3510
f 2235/3578/3510 2242/3448/3382 2236/3450/3384
f 2235/3578/3510 2236/3450/3384 2230/3452/3386
f 1993/3603/3480 1992/3580/3405 2167/3604/3534
f 2167/3604/3534 1992/3580/3405 2166/3581/3512
f 2167/3604/3534 2166/3581/3512 2173/3605/3535
f 2173/3605/3535 2166/3581/3512 2172/3582/3513
f 2173/3605/3535 2172/3582/3513 2179/3606/3536
f 2179/3606/3536 2172/3582/3513 2178/3583/3514
f 2179/3606/3536 2178/3583/3514 2185/3607/3537
f 2185/3607/3537 2178/3583/3514 2184/3584/3515
f 2185/3607/3537 2184/3584/3515 2191/3608/3538
f 2191/3608/3538 2184/3584/3515 2190/3585/3516
f 2191/3608/3538 2190/3585/3516 2197/3609/3539
f 2197/3609/3539 2190/3585/3516 2196/3586/3517
f 2197/3609/3539 2196/3586/3517 2203/3610/3540
f 2203/3610/3540 2196/3586/3517 2202/3587/3518
f 2203/3610/3540 2202/3587/3518 2209/3611/3541
f 2209/3611/3541 2202/3587/3518 2208/3588/3519
f 2209/3611/3541 2208/3588/3519 2215/3612/3542
f 2215/3612/3542 2208/3588/3519 2214/3589/3520
f 2215/3612/3542 2214/3589/3520 2221/3613/3543
f 2221/3613/3543 2214/3589/3520 2220/3590/3521
f 2221/3613/3543 2220/3590/3521 2226/3614/3544
f 2226/3614/3544 2220/3590/3521 2225/3312/3248
f 2226/3614/3544 2225/3312/3248 2231/3310/3246
f 1994/3591/3522 1995/3538/3470 2162/3592/3523
f 2162/3592/3523 1995/3538/3470 2163/3539/3471
f 2162/3592/3523 2163/3539/3471 2156/3593/3524
f 2156/3593/3524 2163/3539/3471 2157/3540/3472
f 2156/3593/3524 2157/3540/3472 2150/3594/3525
f 2150/3594/3525 2157/3540/3472 2151/3541/3473
f 2150/3594/3525 2151/3541/3473 2144/3595/3526
f 2144/3595/3526 2151/3541/3473 2145/3542/3474
f 2144/3595/3526 2145/3542/3474 2138/3596/3527
f 2138/3596/3527 2145/3542/3474 2139/3543/3475
f 2138/3596/3527 2139/3543/3475 2132/3597/3528
f 2132/3597/3528 2139/3543/3475 2133/3544/3476
f 2132/3597/3528 2133/3544/3476 2126/3598/3529
f 2126/3598/3529 2133/3544/3476 2127/3545/3477
f 2126/3598/3529 2127/3545/3477 2120/3599/3530
f 2120/3599/3530 2127/3545/3477 2121/3546/3478
f 2120/3599/3530 2121/3546/3478 2114/3600/3531
f 2114/3600/3531 2121/3546/3478 2115/3547/3479
f 2114/3600/3531 2115/3547/3479 2109/3601/3532
f 2109/3601/3532 2115/3547/3479 2110/3415/3349
f 2109/3601/3532 2110/3415/3349 2104/3602/3533
f 2104/3602/3533 2110/3415/3349 1990/3615/3545
f 2104/3602/3533 1990/3615/3545 2098/3416/3350
f 1994/3616/3522 1993/3603/3480 2168/3617/3546
f 2168/3617/3546 1993/3603/3480 2167/3604/3534
f 2168/3617/3546 2167/3604/3534 2174/3618/3547
f 2174/3618/3547 2167/3604/3534 2173/3605/3535
f 2174/3618/3547 2173/3605/3535 2180/3619/3548
f 2180/3619/3548 2173/3605/3535 2179/3606/3536
f 2180/3619/3548 2179/3606/3536 2186/3620/3549
f 2186/3620/3549 2179/3606/3536 2185/3607/3537
f 2186/3620/3549 2185/3607/3537 2192/3621/3550
f 2192/3621/3550 2185/3607/3537 2191/3608/3538
f 2192/3621/3550 2191/3608/3538 2198/3622/3551
f 2198/3622/3551 2191/3608/3538 2197/3609/3539
f 2198/3622/3551 2197/3609/3539 2204/3623/3552
f 2204/3623/3552 2197/3609/3539 2203/3610/3540
f 2204/3623/3552 2203/3610/3540 2210/3624/3553
f 2210/3624/3553 2203/3610/3540 2209/3611/3541
f 2210/3624/3553 2209/3611/3541 2216/3625/3554
f 2216/3625/3554 2209/3611/3541 2215/3612/3542
f 2216/3625/3554 2215/3612/3542 2222/3626/3555
f 2222/3626/3555 2215/3612/3542 2221/3613/3543
f 2222/3626/3555 2221/3613/3543 2227/3627/3556
f 2227/3627/3556 2221/3613/3543 2226/3614/3544
f 2227/3627/3556 2226/3614/3544 2232/3628/3557
f 2232/3628/3557 2226/3614/3544 2231/3310/3246
f 2232/3628/3557 2231/3310/3246 2238/3629/3558
f 2238/3629/3558 2231/3310/3246 2237/3308/3244
f 2238/3629/3558 2237/3308/3244 2007/3630/3559
f 2007/3630/3559 2237/3308/3244 2008/3306/3242
f 2007/3630/3559 2008/3306/3242 1998/3631/3560
f 1998/3631/3560 2008/3306/3242 1997/3304/3240
f 1998/3631/3560 1997/3304/3240 2010/3632/3561
f 2010/3632/3561 1997/3304/3240 2009/3393/3327
f 2010/3632/3561 2009/3393/3327 2016/3633/3562
f 2016/3633/3562 2009/3393/3327 2015/3391/3325
f 2016/3633/3562 2015/3391/3325 2022/3634/3563
f 2022/3634/3563 2015/3391/3325 2021/3389/3323
f 2022/3634/3563 2021/3389/3323 2028/3635/3564
f 2028/3635/3564 2021/3389/3323 2027/3387/3321
f 2028/3635/3564 2027/3387/3321 2034/3636/3565
f 2034/3636/3565 2027/3387/3321 2033/3385/3319
f 2034/3636/3565 2033/3385/3319 2040/3637/3566
f 2040/3637/3566 2033/3385/3319 2039/3383/3317
f 2040/3637/3566 2039/3383/3317 2046/3638/3567
f 2046/3638/3567 2039/3383/3317 2045/3381/3315
f 2046/3638/3567 2045/3381/3315 2052/3639/3568
f 2052/3639/3568 2045/3381/3315 2051/3379/3313
f 2052/3639/3568 2051/3379/3313 2058/3640/3569
f 2058/3640/3569 2051/3379/3313 2057/3377/3311
f 2058/3640/3569 2057/3377/3311 2064/3641/3570
f 2064/3641/3570 2057/3377/3311 2063/3375/3309
f 2064/3641/3570 2063/3375/3309 2070/3642/3571
f 2070/3642/3571 2063/3375/3309 2069/3372/3306
f 2070/3642/3571 2069/3372/3306 2076/3643/3572
f 2076/3643/3572 2069/3372/3306 2075/3370/3304
f 2076/3643/3572 2075/3370/3304 2082/3644/3573
f 2082/3644/3573 2075/3370/3304 2081/3368/3302
f 2082/3644/3573 2081/3368/3302 2088/3645/3574
f 2088/3645/3574 2081/3368/3302 2087/3366/3300
f 2088/3645/3574 2087/3366/3300 2094/3646/3575
f 2094/3646/3575 2087/3366/3300 2093/3364/3298
f 2094/3646/3575 2093/3364/3298 2100/3647/3576
f 2100/3647/3576 2093/3364/3298 2099/3361/3295
f 2100/3647/3576 2099/3361/3295 2105/3359/3293
f 1995/3537/3470 1994/3616/3522 2169/3536/3469
f 2169/3536/3469 1994/3616/3522 2168/3617/3546
f 2169/3536/3469 2168/3617/3546 2175/3535/3468
f 2175/3535/3468 2168/3617/3546 2174/3618/3547
f 2175/3535/3468 2174/3618/3547 2181/3534/3467
f 2181/3534/3467 2174/3618/3547 2180/3619/3548
f 2181/3534/3467 2180/3619/3548 2187/3533/3466
f 2187/3533/3466 2180/3619/3548 2186/3620/3549
f 2187/3533/3466 2186/3620/3549 2193/3532/3465
f 2193/3532/3465 2186/3620/3549 2192/3621/3550
f 2193/3532/3465 2192/3621/3550 2199/3531/3464
f 2199/3531/3464 2192/3621/3550 2198/3622/3551
f 2199/3531/3464 2198/3622/3551 2205/3530/3463
f 2205/3530/3463 2198/3622/3551 2204/3623/3552
f 2205/3530/3463 2204/3623/3552 2211/3529/3462
f 2211/3529/3462 2204/3623/3552 2210/3624/3553
f 2211/3529/3462 2210/3624/3553 2217/3528/3461
f 2217/3528/3461 2210/3624/3553 2216/3625/3554
f 2217/3528/3461 2216/3625/3554 2223/3526/3459
f 2223/3526/3459 2216/3625/3554 2222/3626/3555
f 2223/3526/3459 2222/3626/3555 2228/3524/3457
f 2228/3524/3457 2222/3626/3555 2227/3627/3556
f 2228/3524/3457 2227/3627/3556 2233/3522/3455
f 2233/3522/3455 2227/3627/3556 2232/3628/3557
f 2233/3522/3455 2232/3628/3557 2239/3520/3453
f 2239/3520/3453 2232/3628/3557 2238/3629/3558
f 2239/3520/3453 2238/3629/3558 2006/3518/3451
f 2006/3518/3451 2238/3629/3558 2007/3630/3559
f 2006/3518/3451 2007/3630/3559 1999/3516/3449
f 1999/3516/3449 2007/3630/3559 1998/3631/3560
f 1999/3516/3449 1998/3631/3560 2011/3514/3447
f 2011/3514/3447 1998/3631/3560 2010/3632/3561
f 2011/3514/3447 2010/3632/3561 2017/3512/3445
f 2017/3512/3445 2010/3632/3561 2016/3633/3562
f 2017/3512/3445 2016/3633/3562 2023/3510/3443
f 2023/3510/3443 2016/3633/3562 2022/3634/3563
f 2023/3510/3443 2022/3634/3563 2029/3508/3441
f 2029/3508/3441 2022/3634/3563 2028/3635/3564
f 2029/3508/3441 2028/3635/3564 2035/3506/3439
f 2035/3506/3439 2028/3635/3564 2034/3636/3565
f 2035/3506/3439 2034/3636/3565 2041/3504/3437
f 2041/3504/3437 2034/3636/3565 2040/3637/3566
f 2041/3504/3437 2040/3637/3566 2047/3502/3435
f 2047/3502/3435 2040/3637/3566 2046/3638/3567
f 2047/3502/3435 2046/3638/3567 2053/3500/3433
f 2053/3500/3433 2046/3638/3567 2052/3639/3568
f 2053/3500/3433 2052/3639/3568 2059/3498/3431
f 2059/3498/3431 2052/3639/3568 2058/3640/3569
f 2059/3498/3431 2058/3640/3569 2065/3496/3429
f 2065/3496/3429 2058/3640/3569 2064/3641/3570
f 2065/3496/3429 2064/3641/3570 2071/3494/3427
f 2071/3494/3427 2064/3641/3570 2070/3642/3571
f 2071/3494/3427 2070/3642/3571 2077/3492/3425
f 2077/3492/3425 2070/3642/3571 2076/3643/3572
f 2077/3492/3425 2076/3643/3572 2083/3490/3423
f 2083/3490/3423 2076/3643/3572 2082/3644/3573
f 2083/3490/3423 2082/3644/3573 2089/3488/3421
f 2089/3488/3421 2082/3644/3573 2088/3645/3574
f 2089/3488/3421 2088/3645/3574 2095/3486/3419
f 2095/3486/3419 2088/3645/3574 2094/3646/3575
f 2095/3486/3419 2094/3646/3575 2101/3484/3417
f 2101/3484/3417 2094/3646/3575 2100/3647/3576
f 2101/3484/3417 2100/3647/3576 2106/3482/3415
f 2106/3482/3415 2100/3647/3576 2105/3359/3293
f 2106/3482/3415 2105/3359/3293 2111/3357/3291
f 2003/3447/3381 1990/3648/3577 2242/3448/3382
f 2086/3420/3354 1990/3649/3578 2080/3421/3355
f 2252/3650/3579 1942/3651/3580 2251/3652/3581
f 2251/3652/3581 1942/3651/3580 1989/3653/3582
f 2251/3652/3581 1989/3653/3582 2250/3654/3583
f 2250/3654/3583 1989/3653/3582 1988/3655/3584
f 2250/3654/3583 1988/3655/3584 2249/3656/3585
f 2249/3656/3585 1988/3655/3584 1987/3657/3586
f 2249/3656/3585 1987/3657/3586 2248/3658/3587
f 2248/3658/3587 1987/3657/3586 1986/3659/3588
f 2248/3658/3587 1986/3659/3588 2247/3660/3589
f 2247/3660/3589 1986/3659/3588 1985/3661/3590
f 2247/3660/3589 1985/3661/3590 2246/3662/3591
f 2246/3662/3591 1985/3661/3590 1984/3663/3592
f 2246/3662/3591 1984/3663/3592 2245/3664/3593
f 2245/3664/3593 1984/3663/3592 1983/3665/3594
f 2245/3664/3593 1983/3665/3594 2244/3666/3595
f 2244/3666/3595 1983/3665/3594 1982/3667/3596
f 2244/3666/3595 1982/3667/3596 2243/3668/3597
f 2243/3668/3597 1982/3667/3596 1981/3669/3598
f 2262/3670/3599 1978/3671/3600 2261/3672/3601
f 2261/3672/3601 1978/3671/3600 1977/3673/3602
f 2261/3672/3601 1977/3673/3602 2260/3674/3603
f 2260/3674/3603 1977/3673/3602 1976/3675/3604
f 2260/3674/3603 1976/3675/3604 2259/3676/3605
f 2259/3676/3605 1976/3675/3604 1975/3677/3606
f 2259/3676/3605 1975/3677/3606 2258/3678/3607
f 2258/3678/3607 1975/3677/3606 1974/3679/3608
f 2258/3678/3607 1974/3679/3608 2257/3680/3609
f 2257/3680/3609 1974/3679/3608 1973/3681/3610
f 2257/3680/3609 1973/3681/3610 2256/3682/3611
f 2256/3682/3611 1973/3681/3610 1972/3683/3612
f 2256/3682/3611 1972/3683/3612 2255/3684/3613
f 2255/3684/3613 1972/3683/3612 1971/3685/3614
f 2255/3684/3613 1971/3685/3614 2254/3686/3615
f 2254/3686/3615 1971/3685/3614 1970/3687/3616
f 2254/3686/3615 1970/3687/3616 2253/3688/3617
f 2253/3688/3617 1970/3687/3616 1969/3689/3618
f 2272/3690/3619 1966/3691/3620 2271/3692/3621
f 2271/3692/3621 1966/3691/3620 1965/3693/3622
f 2271/3692/3621 1965/3693/3622 2270/3694/3623
f 2270/3694/3623 1965/3693/3622 1964/3695/3624
f 2270/3694/3623 1964/3695/3624 2269/3696/3625
f 2269/3696/3625 1964/3695/3624 1963/3697/3626
f 2269/3696/3625 1963/3697/3626 2268/3698/3627
f 2268/3698/3627 1963/3697/3626 1962/3699/3628
f 2268/3698/3627 1962/3699/3628 2267/3700/3629
f 2267/3700/3629 1962/3699/3628 1961/3701/3630
f 2267/3700/3629 1961/3701/3630 2266/3702/3631
f 2266/3702/3631 1961/3701/3630 1960/3703/3632
f 2266/3702/3631 1960/3703/3632 2265/3704/3633
f 2265/3704/3633 1960/3703/3632 1959/3705/3634
f 2265/3704/3633 1959/3705/3634 2264/3706/3635
f 2264/3706/3635 1959/3705/3634 1958/3707/3636
f 2264/3706/3635 1958/3707/3636 2263/3708/3637
f 2263/3708/3637 1958/3707/3636 1957/3709/3638
f 2282/3710/3639 1954/3711/3640 2281/3712/3641
f 2281/3712/3641 1954/3711/3640 1953/3713/3642
f 2281/3712/3641 1953/3713/3642 2280/3714/3643
f 2280/3714/3643 1953/3713/3642 1952/3715/3644
f 2280/3714/3643 1952/3715/3644 2279/3716/3645
f 2279/3716/3645 1952/3715/3644 1951/3717/3646
f 2279/3716/3645 1951/3717/3646 2278/3718/3647
f 2278/3718/3647 1951/3717/3646 1950/3719/3648
f 2278/3718/3647 1950/3719/3648 2277/3720/3649
f 2277/3720/3649 1950/3719/3648 1949/3721/3650
f 2277/3720/3649 1949/3721/3650 2276/3722/3651
f 2276/3722/3651 1949/3721/3650 1948/3723/3652
f 2276/3722/3651 1948/3723/3652 2275/3724/3653
f 2275/3724/3653 1948/3723/3652 1947/3725/3654
f 2275/3724/3653 1947/3725/3654 2274/3726/3655
f 2274/3726/3655 1947/3725/3654 1946/3727/3656
f 2274/3726/3655 1946/3727/3656 2273/3728/3657
f 2273/3728/3657 1946/3727/3656 1945/3729/3658
f 1969/3730/3659 1968/3731/3660 2299/3732/3661
f 2299/3732/3661 1968/3731/3660 2300/3733/3662
f 2299/3732/3661 2300/3733/3662 2298/3734/3663
f 2298/3734/3663 2300/3733/3662 2297/3735/3664
f 2297/3735/3664 2300/3733/3662 2296/3736/3665
f 2296/3736/3665 2300/3733/3662 2301/3737/3666
f 2296/3736/3665 2301/3737/3666 2295/3738/3667
f 2295/3738/3667 2301/3737/3666 2294/3739/3668
f 2294/3739/3668 2301/3737/3666 2302/3740/3669
f 2294/3739/3668 2302/3740/3669 2293/3741/3670
f 2293/3741/3670 2302/3740/3669 2292/3742/3671
f 2292/3742/3671 2302/3740/3669 2289/3743/3672
f 2292/3742/3671 2289/3743/3672 2290/3744/3673
f 1968/3731/3660 1967/3745/3674 2300/3733/3662
f 2300/3733/3662 1967/3745/3674 2283/3746/3675
f 2300/3733/3662 2283/3746/3675 2284/3747/3676
f 1967/3745/3674 1966/3748/3677 2283/3746/3675
f 2284/3747/3676 2285/3749/3678 2300/3733/3662
f 2300/3733/3662 2285/3749/3678 2301/3737/3666
f 2285/3749/3678 2286/3750/3679 2301/3737/3666
f 2301/3737/3666 2286/3750/3679 2287/3751/3680
f 2301/3737/3666 2287/3751/3680 2288/3752/3681
f 2301/3737/3666 2288/3752/3681 2302/3740/3669
f 2302/3740/3669 2288/3752/3681 2289/3743/3672
f 2290/3744/3673 2291/3753/3682 2292/3742/3671
f 1981/3754/3683 1980/3755/3684 2319/3756/3685
f 2319/3756/3685 1980/3755/3684 2320/3757/3686
f 2319/3756/3685 2320/3757/3686 2318/3758/3687
f 2318/3758/3687 2320/3757/3686 2317/3759/3688
f 2317/3759/3688 2320/3757/3686 2316/3760/3689
f 2316/3760/3689 2320/3757/3686 2321/3761/3690
f 2316/3760/3689 2321/3761/3690 2315/3762/3691
f 2315/3762/3691 2321/3761/3690 2314/3763/3692
f 2314/3763/3692 2321/3761/3690 2322/3764/3693
f 2314/3763/3692 2322/3764/3693 2313/3765/3694
f 2313/3765/3694 2322/3764/3693 2312/3766/3695
f 2312/3766/3695 2322/3764/3693 2309/3767/3696
f 2312/3766/3695 2309/3767/3696 2310/3768/3697
f 1980/3755/3684 1979/3769/3698 2320/3757/3686
f 2320/3757/3686 1979/3769/3698 2303/3770/3699
f 2320/3757/3686 2303/3770/3699 2304/3771/3700
f 1979/3769/3698 1978/3772/3701 2303/3770/3699
f 2304/3771/3700 2305/3773/3702 2320/3757/3686
f 2320/3757/3686 2305/3773/3702 2321/3761/3690
f 2305/3773/3702 2306/3774/3703 2321/3761/3690
f 2321/3761/3690 2306/3774/3703 2307/3775/3704
f 2321/3761/3690 2307/3775/3704 2308/3776/3705
f 2321/3761/3690 2308/3776/3705 2322/3764/3693
f 2322/3764/3693 2308/3776/3705 2309/3767/3696
f 2310/3768/3697 2311/3777/3706 2312/3766/3695
f 1957/3778/3707 1956/3779/3708 2339/3780/3709
f 2339/3780/3709 1956/3779/3708 2340/3781/3710
f 2339/3780/3709 2340/3781/3710 2338/3782/3711
f 2338/3782/3711 2340/3781/3710 2337/3783/3712
f 2337/3783/3712 2340/3781/3710 2336/3784/3713
f 2336/3784/3713 2340/3781/3710 2341/3785/3714
f 2336/3784/3713 2341/3785/3714 2335/3786/3715
f 2335/3786/3715 2341/3785/3714 2334/3787/3716
f 2334/3787/3716 2341/3785/3714 2342/3788/3717
f 2334/3787/3716 2342/3788/3717 2333/3789/3718
f 2333/3789/3718 2342/3788/3717 2332/3790/3719
f 2332/3790/3719 2342/3788/3717 2329/3791/3720
f 2332/3790/3719 2329/3791/3720 2330/3792/3721
f 1956/3779/3708 1955/3793/3722 2340/3781/3710
f 2340/3781/3710 1955/3793/3722 2323/3794/3723
f 2340/3781/3710 2323/3794/3723 2324/3795/3724
f 1955/3793/3722 1954/3796/3725 2323/3794/3723
f 2324/3795/3724 2325/3797/3726 2340/3781/3710
f 2340/3781/3710 2325/3797/3726 2341/3785/3714
f 2325/3797/3726 2326/3798/3727 2341/3785/3714
f 2341/3785/3714 2326/3798/3727 2327/3799/3728
f 2341/3785/3714 2327/3799/3728 2328/3800/3729
f 2341/3785/3714 2328/3800/3729 2342/3788/3717
f 2342/3788/3717 2328/3800/3729 2329/3791/3720
f 2330/3792/3721 2331/3801/3730 2332/3790/3719
f 1945/3802/3731 1944/3803/3732 2359/3804/3733
f 2359/3804/3733 1944/3803/3732 2360/3805/3734
f 2359/3804/3733 2360/3805/3734 2358/3806/3735
f 2358/3806/3735 2360/3805/3734 2357/3807/3736
f 2357/3807/3736 2360/3805/3734 2356/3808/3737
f 2356/3808/3737 2360/3805/3734 2361/3809/3738
f 2356/3808/3737 2361/3809/3738 2355/3810/3739
f 2355/3810/3739 2361/3809/3738 2354/3811/3740
f 2354/3811/3740 2361/3809/3738 2362/3812/3741
f 2354/3811/3740 2362/3812/3741 2353/3813/3742
f 2353/3813/3742 2362/3812/3741 2350/3814/3743
f 2353/3813/3742 2350/3814/3743 2352/3815/3744
f 2352/3815/3744 2350/3814/3743 2351/3816/3745
f 1944/3803/3732 1943/3817/3746 2360/3805/3734
f 2360/3805/3734 1943/3817/3746 2343/3818/3747
f 2360/3805/3734 2343/3818/3747 2344/3819/3748
f 1943/3817/3746 1942/3820/3749 2343/3818/3747
f 2344/3819/3748 2345/3821/3750 2360/3805/3734
f 2360/3805/3734 2345/3821/3750 2361/3809/3738
f 2345/3821/3750 2346/3822/3751 2361/3809/3738
f 2361/3809/3738 2346/3822/3751 2347/3823/3752
f 2361/3809/3738 2347/3823/3752 2362/3812/3741
f 2362/3812/3741 2347/3823/3752 2348/3824/3753
f 2362/3812/3741 2348/3824/3753 2349/3825/3754
f 2349/3825/3754 2350/3814/3743 2362/3812/3741
f 2364/3826/3755 2374/3827/3756 2363/3828/3757
f 2363/3828/3757 2374/3827/3756 2375/3829/3758
f 2363/3828/3757 2375/3829/3758 2386/3830/3759
f 2386/3830/3759 2375/3829/3758 2376/3831/3760
f 2386/3830/3759 2376/3831/3760 2385/3832/3761
f 2385/3832/3761 2376/3831/3760 2377/3833/3762
f 2385/3832/3761 2377/3833/3762 2384/3834/3763
f 2384/3834/3763 2377/3833/3762 2378/3835/3764
f 2384/3834/3763 2378/3835/3764 2383/3836/3765
f 2383/3836/3765 2378/3835/3764 2379/3837/3766
f 2383/3836/3765 2379/3837/3766 2382/3838/3767
f 2382/3838/3767 2379/3837/3766 2380/3839/3768
f 2382/3838/3767 2380/3839/3768 2381/3840/3769
f 2374/3827/3756 2364/3826/3755 2373/3841/3770
f 2373/3841/3770 2364/3826/3755 2365/3842/3771
f 2373/3841/3770 2365/3842/3771 2372/3843/3772
f 2372/3843/3772 2365/3842/3771 2366/3844/3773
f 2372/3843/3772 2366/3844/3773 2371/3845/3774
f 2371/3845/3774 2366/3844/3773 2367/3846/3775
f 2371/3845/3774 2367/3846/3775 2370/3847/3776
f 2370/3847/3776 2367/3846/3775 2368/3848/3777
f 2370/3847/3776 2368/3848/3777 2369/3849/3778
f 2388/3850/3779 2398/3851/3780 2387/3852/3781
f 2387/3852/3781 2398/3851/3780 2399/3853/3782
f 2387/3852/3781 2399/3853/3782 2410/3854/3783
f 2410/3854/3783 2399/3853/3782 2400/3855/3784
f 2410/3854/3783 2400/3855/3784 2409/3856/3785
f 2409/3856/3785 2400/3855/3784 2401/3857/3786
f 2409/3856/3785 2401/3857/3786 2408/3858/3787
f 2408/3858/3787 2401/3857/3786 2402/3859/3788
f 2408/3858/3787 2402/3859/3788 2407/3860/3789
f 2407/3860/3789 2402/3859/3788 2403/3861/3790
f 2407/3860/3789 2403/3861/3790 2406/3862/3791
f 2406/3862/3791 2403/3861/3790 2404/3863/3792
f 2406/3862/3791 2404/3863/3792 2405/3864/3793
f 2398/3851/3780 2388/3850/3779 2397/3865/3794
f 2397/3865/3794 2388/3850/3779 2389/3866/3795
f 2397/3865/3794 2389/3866/3795 2396/3867/3796
f 2396/3867/3796 2389/3866/3795 2390/3868/3797
f 2396/3867/3796 2390/3868/3797 2395/3869/3798
f 2395/3869/3798 2390/3868/3797 2391/3870/3799
f 2395/3869/3798 2391/3870/3799 2394/3871/3800
f 2394/3871/3800 2391/3870/3799 2392/3872/3801
f 2394/3871/3800 2392/3872/3801 2393/3873/3802
f 2411/3874/3803 2412/3875/3804 2434/3876/3805
f 2434/3876/3805 2412/3875/3804 2433/3877/3806
f 2433/3877/3806 2412/3875/3804 2413/3878/3807
f 2433/3877/3806 2413/3878/3807 2432/3879/3808
f 2432/3879/3808 2413/3878/3807 2414/3880/3809
f 2432/3879/3808 2414/3880/3809 2431/3881/3810
f 2431/3881/3810 2414/3880/3809 2415/3882/3811
f 2431/3881/3810 2415/3882/3811 2430/3883/3812
f 2430/3883/3812 2415/3882/3811 2416/3884/3813
f 2430/3883/3812 2416/3884/3813 2429/3885/3814
f 2429/3885/3814 2416/3884/3813 2417/3886/3815
f 2429/3885/3814 2417/3886/3815 2428/3887/3816
f 2428/3887/3816 2417/3886/3815 2418/3888/3817
f 2428/3887/3816 2418/3888/3817 2427/3889/3818
f 2427/3889/3818 2418/3888/3817 2419/3890/3819
f 2427/3889/3818 2419/3890/3819 2426/3891/3820
f 2426/3891/3820 2419/3890/3819 2420/3892/3821
f 2426/3891/3820 2420/3892/3821 2425/3893/3822
f 2425/3893/3822 2420/3892/3821 2421/3894/3823
f 2425/3893/3822 2421/3894/3823 2424/3895/3824
f 2424/3895/3824 2421/3894/3823 2422/3896/3825
f 2424/3895/3824 2422/3896/3825 2423/3897/3826
f 2435/3898/3827 2436/3899/3828 2458/3900/3829
f 2458/3900/3829 2436/3899/3828 2457/3901/3830
f 2457/3901/3830 2436/3899/3828 2437/3902/3831
f 2457/3901/3830 2437/3902/3831 2456/3903/3832
f 2456/3903/3832 2437/3902/3831 2438/3904/3833
f 2456/3903/3832 2438/3904/3833 2455/3905/3834
f 2455/3905/3834 2438/3904/3833 2439/3906/3835
f 2455/3905/3834 2439/3906/3835 2454/3907/3836
f 2454/3907/3836 2439/3906/3835 2440/3908/3837
f 2454/3907/3836 2440/3908/3837 2453/3909/3838
f 2453/3909/3838 2440/3908/3837 2441/3910/3839
f 2453/3909/3838 2441/3910/3839 2452/3911/3840
f 2452/3911/3840 2441/3910/3839 2442/3912/3841
f 2452/3911/3840 2442/3912/3841 2451/3913/3842
f 2451/3913/3842 2442/3912/3841 2443/3914/3843
f 2451/3913/3842 2443/3914/3843 2450/3915/3844
f 2450/3915/3844 2443/3914/3843 2444/3916/3845
f 2450/3915/3844 2444/3916/3845 2449/3917/3846
f 2449/3917/3846 2444/3916/3845 2445/3918/3847
f 2449/3917/3846 2445/3918/3847 2448/3919/3848
f 2448/3919/3848 2445/3918/3847 2446/3920/3849
f 2448/3919/3848 2446/3920/3849 2447/3921/3850
f 2460/3922/3851 2484/3923/3852 2459/3924/3853
f 2459/3924/3853 2484/3923/3852 2483/3925/3854
f 2459/3926/3853 2483/3927/3854 2482/3928/3855
f 2482/3928/3855 2483/3927/3854 2506/3929/3856
f 2482/3928/3855 2506/3929/3856 2481/3930/3857
f 2481/3930/3857 2506/3929/3856 2505/3931/3858
f 2481/3930/3857 2505/3931/3858 2480/3932/3859
f 2480/3932/3859 2505/3931/3858 2504/3933/3860
f 2480/3932/3859 2504/3933/3860 2479/3934/3861
f 2479/3934/3861 2504/3933/3860 2503/3935/3862
f 2479/3934/3861 2503/3935/3862 2478/3936/3863
f 2478/3936/3863 2503/3935/3862 2502/3937/3864
f 2478/3936/3863 2502/3937/3864 2477/3938/3865
f 2477/3938/3865 2502/3937/3864 2501/3939/3866
f 2477/3938/3865 2501/3939/3866 2476/3940/3867
f 2476/3940/3867 2501/3939/3866 2500/3941/3868
f 2476/3940/3867 2500/3941/3868 2475/3942/3869
f 2475/3942/3869 2500/3941/3868 2499/3943/3870
f 2475/3942/3869 2499/3943/3870 2474/3944/3871
f 2474/3944/3871 2499/3943/3870 2498/3945/3872
f 2474/3944/3871 2498/3945/3872 2473/3946/3873
f 2473/3946/3873 2498/3945/3872 2497/3947/3874
f 2473/3946/3873 2497/3947/3874 2472/3948/3875
f 2472/3948/3875 2497/3947/3874 2496/3949/3876
f 2472/3948/3875 2496/3949/3876 2471/3950/3877
f 2471/3950/3877 2496/3949/3876 2495/3951/3878
f 2471/3950/3877 2495/3951/3878 2470/3952/3879
f 2470/3952/3879 2495/3951/3878 2494/3953/3880
f 2470/3952/3879 2494/3953/3880 2469/3954/3881
f 2469/3954/3881 2494/3953/3880 2493/3955/3882
f 2469/3954/3881 2493/3955/3882 2468/3956/3883
f 2468/3956/3883 2493/3955/3882 2492/3957/3884
f 2468/3956/3883 2492/3957/3884 2467/3958/3885
f 2467/3958/3885 2492/3957/3884 2491/3959/3886
f 2467/3958/3885 2491/3959/3886 2466/3960/3887
f 2466/3960/3887 2491/3959/3886 2490/3961/3888
f 2466/3960/3887 2490/3961/3888 2465/3962/3889
f 2465/3962/3889 2490/3961/3888 2489/3963/3890
f 2465/3962/3889 2489/3963/3890 2464/3964/3891
f 2464/3964/3891 2489/3963/3890 2488/3965/3892
f 2464/3964/3891 2488/3965/3892 2463/3966/3893
f 2463/3966/3893 2488/3965/3892 2487/3967/3894
f 2463/3966/3893 2487/3967/3894 2462/3968/3895
f 2462/3968/3895 2487/3967/3894 2486/3969/3896
f 2462/3968/3895 2486/3969/3896 2461/3970/3897
f 2461/3970/3897 2486/3969/3896 2485/3971/3898
f 2461/3970/3897 2485/3971/3898 2460/3922/3851
f 2460/3922/3851 2485/3971/3898 2484/3923/3852
f 2410/3972/3899 2506/3929/3856 2387/3973/3900
f 2387/3973/3900 2506/3929/3856 2483/3927/3854
f 2387/3974/3900 2483/3925/3854 2388/3975/3901
f 2388/3975/3901 2483/3925/3854 2484/3923/3852
f 2388/3975/3901 2484/3923/3852 2389/3976/3902
f 2389/3976/3902 2484/3923/3852 2485/3971/3898
f 2389/3976/3902 2485/3971/3898 2390/3977/3903
f 2390/3977/3903 2485/3971/3898 2486/3969/3896
f 2390/3977/3903 2486/3969/3896 2391/3978/3904
f 2391/3978/3904 2486/3969/3896 2487/3967/3894
f 2391/3978/3904 2487/3967/3894 2392/3979/3905
f 2392/3979/3905 2487/3967/3894 2488/3965/3892
f 2392/3979/3905 2488/3965/3892 2393/3980/3906
f 2393/3980/3906 2488/3965/3892 2489/3963/3890
f 2393/3980/3906 2489/3963/3890 2394/3981/3907
f 2394/3981/3907 2489/3963/3890 2490/3961/3888
f 2394/3981/3907 2490/3961/3888 2395/3982/3908
f 2395/3982/3908 2490/3961/3888 2491/3959/3886
f 2395/3982/3908 2491/3959/3886 2396/3983/3909
f 2396/3983/3909 2491/3959/3886 2492/3957/3884
f 2396/3983/3909 2492/3957/3884 2397/3984/3910
f 2397/3984/3910 2492/3957/3884 2493/3955/3882
f 2397/3984/3910 2493/3955/3882 2398/3985/3911
f 2398/3985/3911 2493/3955/3882 2494/3953/3880
f 2398/3985/3911 2494/3953/3880 2399/3986/3912
f 2399/3986/3912 2494/3953/3880 2495/3951/3878
f 2399/3986/3912 2495/3951/3878 2400/3987/3913
f 2400/3987/3913 2495/3951/3878 2496/3949/3876
f 2400/3987/3913 2496/3949/3876 2401/3988/3914
f 2401/3988/3914 2496/3949/3876 2497/3947/3874
f 2401/3988/3914 2497/3947/3874 2402/3989/3915
f 2402/3989/3915 2497/3947/3874 2498/3945/3872
f 2402/3989/3915 2498/3945/3872 2403/3990/3916
f 2403/3990/3916 2498/3945/3872 2499/3943/3870
f 2403/3990/3916 2499/3943/3870 2404/3991/3917
f 2404/3991/3917 2499/3943/3870 2500/3941/3868
f 2404/3991/3917 2500/3941/3868 2405/3992/3918
f 2405/3992/3918 2500/3941/3868 2501/3939/3866
f 2405/3992/3918 2501/3939/3866 2406/3993/3919
f 2406/3993/3919 2501/3939/3866 2502/3937/3864
f 2406/3993/3919 2502/3937/3864 2407/3994/3920
f 2407/3994/3920 2502/3937/3864 2503/3935/3862
f 2407/3994/3920 2503/3935/3862 2408/3995/3921
f 2408/3995/3921 2503/3935/3862 2504/3933/3860
f 2408/3995/3921 2504/3933/3860 2409/3996/3922
f 2409/3996/3922 2504/3933/3860 2505/3931/3858
f 2409/3996/3922 2505/3931/3858 2410/3972/3899
f 2410/3972/3899 2505/3931/3858 2506/3929/3856
f 2290/3997/3923 2513/3998/3924 2291/3999/3682
f 2291/3999/3682 2513/3998/3924 2514/4000/3925
f 2291/3999/3682 2514/4000/3925 2292/4001/3926
f 2292/4001/3926 2514/4000/3925 2293/4002/3927
f 2293/4002/3927 2514/4000/3925 2515/4003/3928
f 2293/4002/3927 2515/4003/3928 2294/4004/3929
f 2294/4004/3929 2515/4003/3928 2516/4005/3930
f 2294/4004/3929 2516/4005/3930 2295/4006/3931
f 2295/4006/3931 2516/4005/3930 2517/4007/3932
f 2295/4006/3931 2517/4007/3932 2296/4008/3933
f 2296/4008/3933 2517/4007/3932 2518/4009/3934
f 2296/4008/3933 2518/4009/3934 2297/4010/3935
f 2297/4010/3935 2518/4009/3934 2519/4011/3936
f 2297/4010/3935 2519/4011/3936 2298/4012/3937
f 2298/4012/3937 2519/4011/3936 2520/4013/3938
f 2298/4012/3937 2520/4013/3938 2299/4014/3939
f 2299/4014/3939 2520/4013/3938 2253/4015/3940
f 2299/4014/3939 2253/4015/3940 1969/4016/3941
f 2290/3997/3923 2289/4017/3942 2513/3998/3924
f 2513/3998/3924 2289/4017/3942 2512/4018/3943
f 2512/4018/3943 2289/4017/3942 2288/4019/3944
f 2512/4018/3943 2288/4019/3944 2511/4020/3945
f 2511/4020/3945 2288/4019/3944 2287/4021/3946
f 2511/4020/3945 2287/4021/3946 2510/4022/3947
f 2510/4022/3947 2287/4021/3946 2286/4023/3948
f 2510/4022/3947 2286/4023/3948 2509/4024/3949
f 2509/4024/3949 2286/4023/3948 2285/4025/3950
f 2509/4024/3949 2285/4025/3950 2508/4026/3951
f 2508/4026/3951 2285/4025/3950 2284/4027/3952
f 2508/4026/3951 2284/4027/3952 2507/4028/3953
f 2507/4028/3953 2284/4027/3952 2283/4029/3954
f 2507/4028/3953 2283/4029/3954 2272/4030/3955
f 2272/4030/3955 2283/4029/3954 1966/4031/3956
f 2522/4032/3957 2546/4033/3958 2521/4034/3959
f 2521/4034/3959 2546/4033/3958 2545/4035/3960
f 2521/4036/3959 2545/4037/3960 2544/4038/3961
f 2544/4038/3961 2545/4037/3960 2568/4039/3962
f 2544/4038/3961 2568/4039/3962 2543/4040/3963
f 2543/4040/3963 2568/4039/3962 2567/4041/3964
f 2543/4040/3963 2567/4041/3964 2542/4042/3965
f 2542/4042/3965 2567/4041/3964 2566/4043/3966
f 2542/4042/3965 2566/4043/3966 2541/4044/3967
f 2541/4044/3967 2566/4043/3966 2565/4045/3968
f 2541/4044/3967 2565/4045/3968 2540/4046/3969
f 2540/4046/3969 2565/4045/3968 2564/4047/3970
f 2540/4046/3969 2564/4047/3970 2539/4048/3971
f 2539/4048/3971 2564/4047/3970 2563/4049/3972
f 2539/4048/3971 2563/4049/3972 2538/4050/3973
f 2538/4050/3973 2563/4049/3972 2562/4051/3974
f 2538/4050/3973 2562/4051/3974 2537/4052/3975
f 2537/4052/3975 2562/4051/3974 2561/4053/3976
f 2537/4052/3975 2561/4053/3976 2536/4054/3977
f 2536/4054/3977 2561/4053/3976 2560/4055/3978
f 2536/4054/3977 2560/4055/3978 2535/4056/3979
f 2535/4056/3979 2560/4055/3978 2559/4057/3980
f 2535/4056/3979 2559/4057/3980 2534/4058/3981
f 2534/4058/3981 2559/4057/3980 2558/4059/3982
f 2534/4058/3981 2558/4059/3982 2533/4060/3983
f 2533/4060/3983 2558/4059/3982 2557/4061/3984
f 2533/4060/3983 2557/4061/3984 2532/4062/3985
f 2532/4062/3985 2557/4061/3984 2556/4063/3986
f 2532/4062/3985 2556/4063/3986 2531/4064/3987
f 2531/4064/3987 2556/4063/3986 2555/4065/3988
f 2531/4064/3987 2555/4065/3988 2530/4066/3989
f 2530/4066/3989 2555/4065/3988 2554/4067/3990
f 2530/4066/3989 2554/4067/3990 2529/4068/3991
f 2529/4068/3991 2554/4067/3990 2553/4069/3992
f 2529/4068/3991 2553/4069/3992 2528/4070/3993
f 2528/4070/3993 2553/4069/3992 2552/4071/3994
f 2528/4070/3993 2552/4071/3994 2527/4072/3995
f 2527/4072/3995 2552/4071/3994 2551/4073/3996
f 2527/4072/3995 2551/4073/3996 2526/4074/3997
f 2526/4074/3997 2551/4073/3996 2550/4075/3998
f 2526/4074/3997 2550/4075/3998 2525/4076/3999
f 2525/4076/3999 2550/4075/3998 2549/4077/4000
f 2525/4076/3999 2549/4077/4000 2524/4078/4001
f 2524/4078/4001 2549/4077/4000 2548/4079/4002
f 2524/4078/4001 2548/4079/4002 2523/4080/4003
f 2523/4080/4003 2548/4079/4002 2547/4081/4004
f 2523/4080/4003 2547/4081/4004 2522/4032/3957
f 2522/4032/3957 2547/4081/4004 2546/4033/3958
f 2434/4082/4005 2568/4039/3962 2411/4083/4006
f 2411/4083/4006 2568/4039/3962 2545/4037/3960
f 2411/4084/4006 2545/4035/3960 2412/4085/4007
f 2412/4085/4007 2545/4035/3960 2546/4033/3958
f 2412/4085/4007 2546/4033/3958 2413/4086/4008
f 2413/4086/4008 2546/4033/3958 2547/4081/4004
f 2413/4086/4008 2547/4081/4004 2414/4087/4009
f 2414/4087/4009 2547/4081/4004 2548/4079/4002
f 2414/4087/4009 2548/4079/4002 2415/4088/4010
f 2415/4088/4010 2548/4079/4002 2549/4077/4000
f 2415/4088/4010 2549/4077/4000 2416/4089/4011
f 2416/4089/4011 2549/4077/4000 2550/4075/3998
f 2416/4089/4011 2550/4075/3998 2417/4090/4012
f 2417/4090/4012 2550/4075/3998 2551/4073/3996
f 2417/4090/4012 2551/4073/3996 2418/4091/4013
f 2418/4091/4013 2551/4073/3996 2552/4071/3994
f 2418/4091/4013 2552/4071/3994 2419/4092/4014
f 2419/4092/4014 2552/4071/3994 2553/4069/3992
f 2419/4092/4014 2553/4069/3992 2420/4093/4015
f 2420/4093/4015 2553/4069/3992 2554/4067/3990
f 2420/4093/4015 2554/4067/3990 2421/4094/4016
f 2421/4094/4016 2554/4067/3990 2555/4065/3988
f 2421/4094/4016 2555/4065/3988 2422/4095/4017
f 2422/4095/4017 2555/4065/3988 2556/4063/3986
f 2422/4095/4017 2556/4063/3986 2423/4096/4018
f 2423/4096/4018 2556/4063/3986 2557/4061/3984
f 2423/4096/4018 2557/4061/3984 2424/4097/4019
f 2424/4097/4019 2557/4061/3984 2558/4059/3982
f 2424/4097/4019 2558/4059/3982 2425/4098/4020
f 2425/4098/4020 2558/4059/3982 2559/4057/3980
f 2425/4098/4020 2559/4057/3980 2426/4099/4021
f 2426/4099/4021 2559/4057/3980 2560/4055/3978
f 2426/4099/4021 2560/4055/3978 2427/4100/4022
f 2427/4100/4022 2560/4055/3978 2561/4053/3976
f 2427/4100/4022 2561/4053/3976 2428/4101/4023
f 2428/4101/4023 2561/4053/3976 2562/4051/3974
f 2428/4101/4023 2562/4051/3974 2429/4102/4024
f 2429/4102/4024 2562/4051/3974 2563/4049/3972
f 2429/4102/4024 2563/4049/3972 2430/4103/4025
f 2430/4103/4025 2563/4049/3972 2564/4047/3970
f 2430/4103/4025 2564/4047/3970 2431/4104/4026
f 2431/4104/4026 2564/4047/3970 2565/4045/3968
f 2431/4104/4026 2565/4045/3968 2432/4105/4027
f 2432/4105/4027 2565/4045/3968 2566/4043/3966
f 2432/4105/4027 2566/4043/3966 2433/4106/4028
f 2433/4106/4028 2566/4043/3966 2567/4041/3964
f 2433/4106/4028 2567/4041/3964 2434/4082/4005
f 2434/4082/4005 2567/4041/3964 2568/4039/3962
f 1957/4107/4029 2339/4108/4030 2263/4109/4031
f 2263/4109/4031 2339/4108/4030 2582/4110/4032
f 2582/4110/4032 2339/4108/4030 2338/4111/4033
f 2582/4110/4032 2338/4111/4033 2581/4112/4034
f 2581/4112/4034 2338/4111/4033 2337/4113/4035
f 2581/4112/4034 2337/4113/4035 2580/4114/4036
f 2580/4114/4036 2337/4113/4035 2336/4115/4037
f 2580/4114/4036 2336/4115/4037 2579/4116/4038
f 2579/4116/4038 2336/4115/4037 2335/4117/4039
f 2579/4116/4038 2335/4117/4039 2578/4118/4040
f 2578/4118/4040 2335/4117/4039 2334/4119/4041
f 2578/4118/4040 2334/4119/4041 2577/4120/4042
f 2577/4120/4042 2334/4119/4041 2333/4121/4043
f 2577/4120/4042 2333/4121/4043 2576/4122/4044
f 2576/4122/4044 2333/4121/4043 2332/4123/4045
f 2576/4122/4044 2332/4123/4045 2331/4124/3730
f 2576/4122/4044 2331/4124/3730 2575/4125/4046
f 2575/4125/4046 2331/4124/3730 2330/4126/4047
f 2575/4125/4046 2330/4126/4047 2329/4127/4048
f 2575/4125/4046 2329/4127/4048 2574/4128/4049
f 2574/4128/4049 2329/4127/4048 2328/4129/4050
f 2574/4128/4049 2328/4129/4050 2573/4130/4051
f 2573/4130/4051 2328/4129/4050 2327/4131/4052
f 2573/4130/4051 2327/4131/4052 2572/4132/4053
f 2572/4132/4053 2327/4131/4052 2326/4133/4054
f 2572/4132/4053 2326/4133/4054 2571/4134/4055
f 2571/4134/4055 2326/4133/4054 2325/4135/4056
f 2571/4134/4055 2325/4135/4056 2570/4136/4057
f 2570/4136/4057 2325/4135/4056 2324/4137/4058
f 2570/4136/4057 2324/4137/4058 2569/4138/4059
f 2569/4138/4059 2324/4137/4058 2323/4139/4060
f 2569/4138/4059 2323/4139/4060 2282/4140/4061
f 2282/4140/4061 2323/4139/4060 1954/4141/4062
f 2350/4142/4063 2589/4143/4064 2351/4144/3745
f 2351/4144/3745 2589/4143/4064 2590/4145/4065
f 2351/4144/3745 2590/4145/4065 2352/4146/4066
f 2352/4146/4066 2590/4145/4065 2353/4147/4067
f 2353/4147/4067 2590/4145/4065 2591/4148/4068
f 2353/4147/4067 2591/4148/4068 2354/4149/4069
f 2354/4149/4069 2591/4148/4068 2592/4150/4070
f 2354/4149/4069 2592/4150/4070 2355/4151/4071
f 2355/4151/4071 2592/4150/4070 2593/4152/4072
f 2355/4151/4071 2593/4152/4072 2356/4153/4073
f 2356/4153/4073 2593/4152/4072 2594/4154/4074
f 2356/4153/4073 2594/4154/4074 2357/4155/4075
f 2357/4155/4075 2594/4154/4074 2595/4156/4076
f 2357/4155/4075 2595/4156/4076 2358/4157/4077
f 2358/4157/4077 2595/4156/4076 2596/4158/4078
f 2358/4157/4077 2596/4158/4078 2359/4159/4079
f 2359/4159/4079 2596/4158/4078 2273/4160/4080
f 2359/4159/4079 2273/4160/4080 1945/4161/4081
f 2350/4142/4063 2349/4162/4082 2589/4143/4064
f 2589/4143/4064 2349/4162/4082 2588/4163/4083
f 2588/4163/4083 2349/4162/4082 2348/4164/4084
f 2588/4163/4083 2348/4164/4084 2587/4165/4085
f 2587/4165/4085 2348/4164/4084 2347/4166/4086
f 2587/4165/4085 2347/4166/4086 2586/4167/4087
f 2586/4167/4087 2347/4166/4086 2346/4168/4088
f 2586/4167/4087 2346/4168/4088 2585/4169/4089
f 2585/4169/4089 2346/4168/4088 2345/4170/4090
f 2585/4169/4089 2345/4170/4090 2584/4171/4091
f 2584/4171/4091 2345/4170/4090 2344/4172/4092
f 2584/4171/4091 2344/4172/4092 2583/4173/4093
f 2583/4173/4093 2344/4172/4092 2343/4174/4094
f 2583/4173/4093 2343/4174/4094 2252/4175/4095
f 2252/4175/4095 2343/4174/4094 1942/4176/4096
f 2598/4177/4097 2622/4178/4098 2597/4179/4099
f 2597/4179/4099 2622/4178/4098 2621/4180/4100
f 2597/4181/4099 2621/4182/4100 2620/4183/4101
f 2620/4183/4101 2621/4182/4100 2644/4184/4102
f 2620/4183/4101 2644/4184/4102 2619/4185/4103
f 2619/4185/4103 2644/4184/4102 2643/4186/4104
f 2619/4185/4103 2643/4186/4104 2618/4187/4105
f 2618/4187/4105 2643/4186/4104 2642/4188/4106
f 2618/4187/4105 2642/4188/4106 2617/4189/4107
f 2617/4189/4107 2642/4188/4106 2641/4190/4108
f 2617/4189/4107 2641/4190/4108 2616/4191/4109
f 2616/4191/4109 2641/4190/4108 2640/4192/4110
f 2616/4191/4109 2640/4192/4110 2615/4193/4111
f 2615/4193/4111 2640/4192/4110 2639/4194/4112
f 2615/4193/4111 2639/4194/4112 2614/4195/4113
f 2614/4195/4113 2639/4194/4112 2638/4196/4114
f 2614/4195/4113 2638/4196/4114 2613/4197/4115
f 2613/4197/4115 2638/4196/4114 2637/4198/4116
f 2613/4197/4115 2637/4198/4116 2612/4199/4117
f 2612/4199/4117 2637/4198/4116 2636/4200/4118
f 2612/4199/4117 2636/4200/4118 2611/4201/4119
f 2611/4201/4119 2636/4200/4118 2635/4202/4120
f 2611/4201/4119 2635/4202/4120 2610/4203/4121
f 2610/4203/4121 2635/4202/4120 2634/4204/4122
f 2610/4203/4121 2634/4204/4122 2609/4205/4123
f 2609/4205/4123 2634/4204/4122 2633/4206/4124
f 2609/4205/4123 2633/4206/4124 2608/4207/4125
f 2608/4207/4125 2633/4206/4124 2632/4208/4126
f 2608/4207/4125 2632/4208/4126 2607/4209/4127
f 2607/4209/4127 2632/4208/4126 2631/4210/4128
f 2607/4209/4127 2631/4210/4128 2606/4211/4129
f 2606/4211/4129 2631/4210/4128 2630/4212/4130
f 2606/4211/4129 2630/4212/4130 2605/4213/4131
f 2605/4213/4131 2630/4212/4130 2629/4214/4132
f 2605/4213/4131 2629/4214/4132 2604/4215/4133
f 2604/4215/4133 2629/4214/4132 2628/4216/4134
f 2604/4215/4133 2628/4216/4134 2603/4217/4135
f 2603/4217/4135 2628/4216/4134 2627/4218/4136
f 2603/4217/4135 2627/4218/4136 2602/4219/4137
f 2602/4219/4137 2627/4218/4136 2626/4220/4138
f 2602/4219/4137 2626/4220/4138 2601/4221/4139
f 2601/4221/4139 2626/4220/4138 2625/4222/4140
f 2601/4221/4139 2625/4222/4140 2600/4223/4141
f 2600/4223/4141 2625/4222/4140 2624/4224/4142
f 2600/4223/4141 2624/4224/4142 2599/4225/4143
f 2599/4225/4143 2624/4224/4142 2623/4226/4144
f 2599/4225/4143 2623/4226/4144 2598/4177/4097
f 2598/4177/4097 2623/4226/4144 2622/4178/4098
f 2386/4227/4145 2644/4184/4102 2363/4228/4146
f 2363/4228/4146 2644/4184/4102 2621/4182/4100
f 2363/4229/4146 2621/4180/4100 2364/4230/4147
f 2364/4230/4147 2621/4180/4100 2622/4178/4098
f 2364/4230/4147 2622/4178/4098 2365/4231/4148
f 2365/4231/4148 2622/4178/4098 2623/4226/4144
f 2365/4231/4148 2623/4226/4144 2366/4232/4149
f 2366/4232/4149 2623/4226/4144 2624/4224/4142
f 2366/4232/4149 2624/4224/4142 2367/4233/4150
f 2367/4233/4150 2624/4224/4142 2625/4222/4140
f 2367/4233/4150 2625/4222/4140 2368/4234/4151
f 2368/4234/4151 2625/4222/4140 2626/4220/4138
f 2368/4234/4151 2626/4220/4138 2369/4235/4152
f 2369/4235/4152 2626/4220/4138 2627/4218/4136
f 2369/4235/4152 2627/4218/4136 2370/4236/4153
f 2370/4236/4153 2627/4218/4136 2628/4216/4134
f 2370/4236/4153 2628/4216/4134 2371/4237/4154
f 2371/4237/4154 2628/4216/4134 2629/4214/4132
f 2371/4237/4154 2629/4214/4132 2372/4238/4155
f 2372/4238/4155 2629/4214/4132 2630/4212/4130
f 2372/4238/4155 2630/4212/4130 2373/4239/4156
f 2373/4239/4156 2630/4212/4130 2631/4210/4128
f 2373/4239/4156 2631/4210/4128 2374/4240/4157
f 2374/4240/4157 2631/4210/4128 2632/4208/4126
f 2374/4240/4157 2632/4208/4126 2375/4241/4158
f 2375/4241/4158 2632/4208/4126 2633/4206/4124
f 2375/4241/4158 2633/4206/4124 2376/4242/4159
f 2376/4242/4159 2633/4206/4124 2634/4204/4122
f 2376/4242/4159 2634/4204/4122 2377/4243/4160
f 2377/4243/4160 2634/4204/4122 2635/4202/4120
f 2377/4243/4160 2635/4202/4120 2378/4244/4161
f 2378/4244/4161 2635/4202/4120 2636/4200/4118
f 2378/4244/4161 2636/4200/4118 2379/4245/4162
f 2379/4245/4162 2636/4200/4118 2637/4198/4116
f 2379/4245/4162 2637/4198/4116 2380/4246/4163
f 2380/4246/4163 2637/4198/4116 2638/4196/4114
f 2380/4246/4163 2638/4196/4114 2381/4247/4164
f 2381/4247/4164 2638/4196/4114 2639/4194/4112
f 2381/4247/4164 2639/4194/4112 2382/4248/4165
f 2382/4248/4165 2639/4194/4112 2640/4192/4110
f 2382/4248/4165 2640/4192/4110 2383/4249/4166
f 2383/4249/4166 2640/4192/4110 2641/4190/4108
f 2383/4249/4166 2641/4190/4108 2384/4250/4167
f 2384/4250/4167 2641/4190/4108 2642/4188/4106
f 2384/4250/4167 2642/4188/4106 2385/4251/4168
f 2385/4251/4168 2642/4188/4106 2643/4186/4104
f 2385/4251/4168 2643/4186/4104 2386/4227/4145
f 2386/4227/4145 2643/4186/4104 2644/4184/4102
f 2646/4252/4169 2670/4253/4170 2645/4254/4171
f 2645/4254/4171 2670/4253/4170 2669/4255/4172
f 2645/4256/4171 2669/4257/4172 2668/4258/4173
f 2668/4258/4173 2669/4257/4172 2692/4259/4174
f 2668/4258/4173 2692/4259/4174 2667/4260/4175
f 2667/4260/4175 2692/4259/4174 2691/4261/4176
f 2667/4260/4175 2691/4261/4176 2666/4262/4177
f 2666/4262/4177 2691/4261/4176 2690/4263/4178
f 2666/4262/4177 2690/4263/4178 2665/4264/4179
f 2665/4264/4179 2690/4263/4178 2689/4265/4180
f 2665/4264/4179 2689/4265/4180 2664/4266/4181
f 2664/4266/4181 2689/4265/4180 2688/4267/4182
f 2664/4266/4181 2688/4267/4182 2663/4268/4183
f 2663/4268/4183 2688/4267/4182 2687/4269/4184
f 2663/4268/4183 2687/4269/4184 2662/4270/4185
f 2662/4270/4185 2687/4269/4184 2686/4271/4186
f 2662/4270/4185 2686/4271/4186 2661/4272/4187
f 2661/4272/4187 2686/4271/4186 2685/4273/4188
f 2661/4272/4187 2685/4273/4188 2660/4274/4189
f 2660/4274/4189 2685/4273/4188 2684/4275/4190
f 2660/4274/4189 2684/4275/4190 2659/4276/4191
f 2659/4276/4191 2684/4275/4190 2683/4277/4192
f 2659/4276/4191 2683/4277/4192 2658/4278/4193
f 2658/4278/4193 2683/4277/4192 2682/4279/4194
f 2658/4278/4193 2682/4279/4194 2657/4280/4195
f 2657/4280/4195 2682/4279/4194 2681/4281/4196
f 2657/4280/4195 2681/4281/4196 2656/4282/4197
f 2656/4282/4197 2681/4281/4196 2680/4283/4198
f 2656/4282/4197 2680/4283/4198 2655/4284/4199
f 2655/4284/4199 2680/4283/4198 2679/4285/4200
f 2655/4284/4199 2679/4285/4200 2654/4286/4201
f 2654/4286/4201 2679/4285/4200 2678/4287/4202
f 2654/4286/4201 2678/4287/4202 2653/4288/4203
f 2653/4288/4203 2678/4287/4202 2677/4289/4204
f 2653/4288/4203 2677/4289/4204 2652/4290/4205
f 2652/4290/4205 2677/4289/4204 2676/4291/4206
f 2652/4290/4205 2676/4291/4206 2651/4292/4207
f 2651/4292/4207 2676/4291/4206 2675/4293/4208
f 2651/4292/4207 2675/4293/4208 2650/4294/4209
f 2650/4294/4209 2675/4293/4208 2674/4295/4210
f 2650/4294/4209 2674/4295/4210 2649/4296/4211
f 2649/4296/4211 2674/4295/4210 2673/4297/4212
f 2649/4296/4211 2673/4297/4212 2648/4298/4213
f 2648/4298/4213 2673/4297/4212 2672/4299/4214
f 2648/4298/4213 2672/4299/4214 2647/4300/4215
f 2647/4300/4215 2672/4299/4214 2671/4301/4216
f 2647/4300/4215 2671/4301/4216 2646/4252/4169
f 2646/4252/4169 2671/4301/4216 2670/4253/4170
f 2458/4302/4217 2692/4259/4174 2435/4303/4218
f 2435/4303/4218 2692/4259/4174 2669/4257/4172
f 2435/4304/4218 2669/4255/4172 2436/4305/4219
f 2436/4305/4219 2669/4255/4172 2670/4253/4170
f 2436/4305/4219 2670/4253/4170 2437/4306/4220
f 2437/4306/4220 2670/4253/4170 2671/4301/4216
f 2437/4306/4220 2671/4301/4216 2438/4307/4221
f 2438/4307/4221 2671/4301/4216 2672/4299/4214
f 2438/4307/4221 2672/4299/4214 2439/4308/4222
f 2439/4308/4222 2672/4299/4214 2673/4297/4212
f 2439/4308/4222 2673/4297/4212 2440/4309/4223
f 2440/4309/4223 2673/4297/4212 2674/4295/4210
f 2440/4309/4223 2674/4295/4210 2441/4310/4224
f 2441/4310/4224 2674/4295/4210 2675/4293/4208
f 2441/4310/4224 2675/4293/4208 2442/4311/4225
f 2442/4311/4225 2675/4293/4208 2676/4291/4206
f 2442/4311/4225 2676/4291/4206 2443/4312/4226
f 2443/4312/4226 2676/4291/4206 2677/4289/4204
f 2443/4312/4226 2677/4289/4204 2444/4313/4227
f 2444/4313/4227 2677/4289/4204 2678/4287/4202
f 2444/4313/4227 2678/4287/4202 2445/4314/4228
f 2445/4314/4228 2678/4287/4202 2679/4285/4200
f 2445/4314/4228 2679/4285/4200 2446/4315/4229
f 2446/4315/4229 2679/4285/4200 2680/4283/4198
f 2446/4315/4229 2680/4283/4198 2447/4316/4230
f 2447/4316/4230 2680/4283/4198 2681/4281/4196
f 2447/4316/4230 2681/4281/4196 2448/4317/4231
f 2448/4317/4231 2681/4281/4196 2682/4279/4194
f 2448/4317/4231 2682/4279/4194 2449/4318/4232
f 2449/4318/4232 2682/4279/4194 2683/4277/4192
f 2449/4318/4232 2683/4277/4192 2450/4319/4233
f 2450/4319/4233 2683/4277/4192 2684/4275/4190
f 2450/4319/4233 2684/4275/4190 2451/4320/4234
f 2451/4320/4234 2684/4275/4190 2685/4273/4188
f 2451/4320/4234 2685/4273/4188 2452/4321/4235
f 2452/4321/4235 2685/4273/4188 2686/4271/4186
f 2452/4321/4235 2686/4271/4186 2453/4322/4236
f 2453/4322/4236 2686/4271/4186 2687/4269/4184
f 2453/4322/4236 2687/4269/4184 2454/4323/4237
f 2454/4323/4237 2687/4269/4184 2688/4267/4182
f 2454/4323/4237 2688/4267/4182 2455/4324/4238
f 2455/4324/4238 2688/4267/4182 2689/4265/4180
f 2455/4324/4238 2689/4265/4180 2456/4325/4239
f 2456/4325/4239 2689/4265/4180 2690/4263/4178
f 2456/4325/4239 2690/4263/4178 2457/4326/4240
f 2457/4326/4240 2690/4263/4178 2691/4261/4176
f 2457/4326/4240 2691/4261/4176 2458/4302/4217
f 2458/4302/4217 2691/4261/4176 2692/4259/4174
f 2310/4327/4241 2699/4328/4242 2311/4329/3706
f 2311/4329/3706 2699/4328/4242 2700/4330/4243
f 2311/4329/3706 2700/4330/4243 2312/4331/4244
f 2312/4331/4244 2700/4330/4243 2313/4332/4245
f 2313/4332/4245 2700/4330/4243 2701/4333/4246
f 2313/4332/4245 2701/4333/4246 2314/4334/4247
f 2314/4334/4247 2701/4333/4246 2702/4335/4248
f 2314/4334/4247 2702/4335/4248 2315/4336/4249
f 2315/4336/4249 2702/4335/4248 2703/4337/4250
f 2315/4336/4249 2703/4337/4250 2316/4338/4251
f 2316/4338/4251 2703/4337/4250 2704/4339/4252
f 2316/4338/4251 2704/4339/4252 2317/4340/4253
f 2317/4340/4253 2704/4339/4252 2705/4341/4254
f 2317/4340/4253 2705/4341/4254 2318/4342/4255
f 2318/4342/4255 2705/4341/4254 2706/4343/4256
f 2318/4342/4255 2706/4343/4256 2319/4344/4257
f 2319/4344/4257 2706/4343/4256 2243/4345/4258
f 2319/4344/4257 2243/4345/4258 1981/4346/4259
f 2310/4327/4241 2309/4347/4260 2699/4328/4242
f 2699/4328/4242 2309/4347/4260 2698/4348/4261
f 2698/4348/4261 2309/4347/4260 2308/4349/4262
f 2698/4348/4261 2308/4349/4262 2697/4350/4263
f 2697/4350/4263 2308/4349/4262 2307/4351/4264
f 2697/4350/4263 2307/4351/4264 2696/4352/4265
f 2696/4352/4265 2307/4351/4264 2306/4353/4266
f 2696/4352/4265 2306/4353/4266 2695/4354/4267
f 2695/4354/4267 2306/4353/4266 2305/4355/4268
f 2695/4354/4267 2305/4355/4268 2694/4356/4269
f 2694/4356/4269 2305/4355/4268 2304/4357/4270
f 2694/4356/4269 2304/4357/4270 2693/4358/4271
f 2693/4358/4271 2304/4357/4270 2303/4359/4272
f 2693/4358/4271 2303/4359/4272 2262/4360/4273
f 2262/4360/4273 2303/4359/4272 1978/4361/4274
f 2582/4362/4275 2647/4363/4276 2263/4364/4277
f 2263/4364/4277 2647/4363/4276 2646/4365/4278
f 2263/4364/4277 2646/4365/4278 2645/4366/4279
f 2647/4363/4276 2582/4362/4275 2648/4367/4280
f 2648/4367/4280 2582/4362/4275 2581/4368/4281
f 2648/4367/4280 2581/4368/4281 2649/4369/4282
f 2649/4369/4282 2581/4368/4281 2580/4370/4283
f 2649/4369/4282 2580/4370/4283 2650/4371/4284
f 2650/4371/4284 2580/4370/4283 2579/4372/4285
f 2650/4371/4284 2579/4372/4285 2651/4373/4286
f 2651/4373/4286 2579/4372/4285 2578/4374/4287
f 2651/4373/4286 2578/4374/4287 2652/4375/4288
f 2652/4375/4288 2578/4374/4287 2577/4376/4289
f 2652/4375/4288 2577/4376/4289 2653/4377/4290
f 2653/4377/4290 2577/4376/4289 2576/4378/4291
f 2653/4377/4290 2576/4378/4291 2654/4379/4292
f 2654/4379/4292 2576/4378/4291 2575/4380/4293
f 2654/4379/4292 2575/4380/4293 2655/4381/4294
f 2655/4381/4294 2575/4380/4293 2574/4382/4295
f 2655/4381/4294 2574/4382/4295 2656/4383/4296
f 2656/4383/4296 2574/4382/4295 2573/4384/4297
f 2656/4383/4296 2573/4384/4297 2657/4385/4298
f 2657/4385/4298 2573/4384/4297 2572/4386/4299
f 2657/4385/4298 2572/4386/4299 2658/4387/4300
f 2658/4387/4300 2572/4386/4299 2571/4388/4301
f 2658/4387/4300 2571/4388/4301 2659/4389/4302
f 2659/4389/4302 2571/4388/4301 2570/4390/4303
f 2659/4389/4302 2570/4390/4303 2660/4391/4304
f 2660/4391/4304 2570/4390/4303 2569/4392/4305
f 2660/4391/4304 2569/4392/4305 2661/4393/4306
f 2661/4393/4306 2569/4392/4305 2282/4394/4307
f 2661/4393/4306 2282/4394/4307 2662/4395/4308
f 2662/4395/4308 2282/4394/4307 2663/4396/4309
f 2663/4396/4309 2282/4394/4307 2664/4397/4310
f 2664/4397/4310 2282/4394/4307 2665/4398/4311
f 2665/4398/4311 2282/4394/4307 2281/4399/4312
f 2665/4398/4311 2281/4399/4312 2666/4400/4313
f 2666/4400/4313 2281/4399/4312 2280/4401/4314
f 2666/4400/4313 2280/4401/4314 2279/4402/4315
f 2279/4402/4315 2278/4403/4316 2666/4400/4313
f 2666/4400/4313 2278/4403/4316 2245/4404/4317
f 2666/4400/4313 2245/4404/4317 2542/4405/4318
f 2542/4405/4318 2245/4404/4317 2244/4406/4319
f 2542/4405/4318 2244/4406/4319 2543/4407/4320
f 2543/4407/4320 2244/4406/4319 2243/4408/4321
f 2543/4407/4320 2243/4408/4321 2544/4409/4322
f 2544/4409/4322 2243/4408/4321 2521/4410/4323
f 2521/4410/4323 2243/4408/4321 2522/4411/4324
f 2522/4411/4324 2243/4408/4321 2523/4412/4325
f 2523/4412/4325 2243/4408/4321 2706/4413/4326
f 2523/4412/4325 2706/4413/4326 2524/4414/4327
f 2524/4414/4327 2706/4413/4326 2705/4415/4328
f 2524/4414/4327 2705/4415/4328 2525/4416/4329
f 2525/4416/4329 2705/4415/4328 2704/4417/4330
f 2525/4416/4329 2704/4417/4330 2526/4418/4331
f 2526/4418/4331 2704/4417/4330 2703/4419/4332
f 2526/4418/4331 2703/4419/4332 2527/4420/4333
f 2527/4420/4333 2703/4419/4332 2702/4421/4334
f 2527/4420/4333 2702/4421/4334 2528/4422/4335
f 2528/4422/4335 2702/4421/4334 2701/4423/4336
f 2528/4422/4335 2701/4423/4336 2529/4424/4337
f 2529/4424/4337 2701/4423/4336 2700/4425/4338
f 2529/4424/4337 2700/4425/4338 2530/4426/4339
f 2530/4426/4339 2700/4425/4338 2699/4427/4340
f 2530/4426/4339 2699/4427/4340 2531/4428/4341
f 2531/4428/4341 2699/4427/4340 2698/4429/4342
f 2531/4428/4341 2698/4429/4342 2532/4430/4343
f 2532/4430/4343 2698/4429/4342 2697/4431/4344
f 2532/4430/4343 2697/4431/4344 2533/4432/4345
f 2533/4432/4345 2697/4431/4344 2696/4433/4346
f 2533/4432/4345 2696/4433/4346 2534/4434/4347
f 2534/4434/4347 2696/4433/4346 2695/4435/4348
f 2534/4434/4347 2695/4435/4348 2535/4436/4349
f 2535/4436/4349 2695/4435/4348 2694/4437/4350
f 2535/4436/4349 2694/4437/4350 2536/4438/4351
f 2536/4438/4351 2694/4437/4350 2693/4439/4352
f 2536/4438/4351 2693/4439/4352 2537/4440/4353
f 2537/4440/4353 2693/4439/4352 2262/4441/4354
f 2537/4440/4353 2262/4441/4354 2538/4442/4355
f 2538/4442/4355 2262/4441/4354 2539/4443/4356
f 2539/4443/4356 2262/4441/4354 2540/4444/4357
f 2540/4444/4357 2262/4441/4354 2541/4445/4358
f 2541/4445/4358 2262/4441/4354 2261/4446/4359
f 2541/4445/4358 2261/4446/4359 2542/4405/4318
f 2542/4405/4318 2261/4446/4359 2260/4447/4360
f 2542/4405/4318 2260/4447/4360 2259/4448/4361
f 2245/4404/4317 2278/4403/4316 2618/4449/4362
f 2618/4449/4362 2278/4403/4316 2277/4450/4363
f 2618/4449/4362 2277/4450/4363 2276/4451/4364
f 2276/4451/4364 2275/4452/4365 2618/4449/4362
f 2618/4449/4362 2275/4452/4365 2274/4453/4366
f 2618/4449/4362 2274/4453/4366 2619/4454/4367
f 2619/4454/4367 2274/4453/4366 2273/4455/4368
f 2619/4454/4367 2273/4455/4368 2620/4456/4369
f 2620/4456/4369 2273/4455/4368 2597/4457/4370
f 2597/4457/4370 2273/4455/4368 2598/4458/4371
f 2598/4458/4371 2273/4455/4368 2599/4459/4372
f 2599/4459/4372 2273/4455/4368 2596/4460/4373
f 2599/4459/4372 2596/4460/4373 2600/4461/4374
f 2600/4461/4374 2596/4460/4373 2595/4462/4375
f 2600/4461/4374 2595/4462/4375 2601/4463/4376
f 2601/4463/4376 2595/4462/4375 2594/4464/4377
f 2601/4463/4376 2594/4464/4377 2602/4465/4378
f 2602/4465/4378 2594/4464/4377 2593/4466/4379
f 2602/4465/4378 2593/4466/4379 2603/4467/4380
f 2603/4467/4380 2593/4466/4379 2592/4468/4381
f 2603/4467/4380 2592/4468/4381 2604/4469/4382
f 2604/4469/4382 2592/4468/4381 2591/4470/4383
f 2604/4469/4382 2591/4470/4383 2605/4471/4384
f 2605/4471/4384 2591/4470/4383 2590/4472/4385
f 2605/4471/4384 2590/4472/4385 2606/4473/4386
f 2606/4473/4386 2590/4472/4385 2589/4474/4387
f 2606/4473/4386 2589/4474/4387 2607/4475/4388
f 2607/4475/4388 2589/4474/4387 2588/4476/4389
f 2607/4475/4388 2588/4476/4389 2608/4477/4390
f 2608/4477/4390 2588/4476/4389 2587/4478/4391
f 2608/4477/4390 2587/4478/4391 2609/4479/4392
f 2609/4479/4392 2587/4478/4391 2586/4480/4393
f 2609/4479/4392 2586/4480/4393 2610/4481/4394
f 2610/4481/4394 2586/4480/4393 2585/4482/4395
f 2610/4481/4394 2585/4482/4395 2611/4483/4396
f 2611/4483/4396 2585/4482/4395 2584/4484/4397
f 2611/4483/4396 2584/4484/4397 2612/4485/4398
f 2612/4485/4398 2584/4484/4397 2583/4486/4399
f 2612/4485/4398 2583/4486/4399 2613/4487/4400
f 2613/4487/4400 2583/4486/4399 2252/4488/4401
f 2613/4487/4400 2252/4488/4401 2614/4489/4402
f 2614/4489/4402 2252/4488/4401 2615/4490/4403
f 2615/4490/4403 2252/4488/4401 2616/4491/4404
f 2616/4491/4404 2252/4488/4401 2617/4492/4405
f 2617/4492/4405 2252/4488/4401 2251/4493/4406
f 2617/4492/4405 2251/4493/4406 2618/4449/4362
f 2618/4449/4362 2251/4493/4406 2250/4494/4407
f 2618/4449/4362 2250/4494/4407 2249/4495/4408
f 2249/4495/4408 2248/4496/4409 2618/4449/4362
f 2618/4449/4362 2248/4496/4409 2247/4497/4410
f 2618/4449/4362 2247/4497/4410 2246/4498/4411
f 2246/4498/4411 2245/4404/4317 2618/4449/4362
f 2259/4448/4361 2258/4499/4412 2542/4405/4318
f 2542/4405/4318 2258/4499/4412 2257/4500/4413
f 2542/4405/4318 2257/4500/4413 2480/4501/4414
f 2480/4501/4414 2257/4500/4413 2256/4502/4415
f 2480/4501/4414 2256/4502/4415 2255/4503/4416
f 2255/4503/4416 2254/4504/4417 2480/4501/4414
f 2480/4501/4414 2254/4504/4417 2481/4505/4418
f 2481/4505/4418 2254/4504/4417 2253/4506/4419
f 2481/4505/4418 2253/4506/4419 2482/4507/4420
f 2482/4507/4420 2253/4506/4419 2459/4508/4421
f 2459/4508/4421 2253/4506/4419 2460/4509/4422
f 2460/4509/4422 2253/4506/4419 2461/4510/4423
f 2461/4510/4423 2253/4506/4419 2520/4511/4424
f 2461/4510/4423 2520/4511/4424 2462/4512/4425
f 2462/4512/4425 2520/4511/4424 2519/4513/4426
f 2462/4512/4425 2519/4513/4426 2463/4514/4427
f 2463/4514/4427 2519/4513/4426 2518/4515/4428
f 2463/4514/4427 2518/4515/4428 2464/4516/4429
f 2464/4516/4429 2518/4515/4428 2517/4517/4430
f 2464/4516/4429 2517/4517/4430 2465/4518/4431
f 2465/4518/4431 2517/4517/4430 2516/4519/4432
f 2465/4518/4431 2516/4519/4432 2466/4520/4433
f 2466/4520/4433 2516/4519/4432 2515/4521/4434
f 2466/4520/4433 2515/4521/4434 2467/4522/4435
f 2467/4522/4435 2515/4521/4434 2514/4523/4436
f 2467/4522/4435 2514/4523/4436 2468/4524/4437
f 2468/4524/4437 2514/4523/4436 2513/4525/4438
f 2468/4524/4437 2513/4525/4438 2469/4526/4439
f 2469/4526/4439 2513/4525/4438 2512/4527/4440
f 2469/4526/4439 2512/4527/4440 2470/4528/4441
f 2470/4528/4441 2512/4527/4440 2511/4529/4442
f 2470/4528/4441 2511/4529/4442 2471/4530/4443
f 2471/4530/4443 2511/4529/4442 2510/4531/4444
f 2471/4530/4443 2510/4531/4444 2472/4532/4445
f 2472/4532/4445 2510/4531/4444 2509/4533/4446
f 2472/4532/4445 2509/4533/4446 2473/4534/4447
f 2473/4534/4447 2509/4533/4446 2508/4535/4448
f 2473/4534/4447 2508/4535/4448 2474/4536/4449
f 2474/4536/4449 2508/4535/4448 2507/4537/4450
f 2474/4536/4449 2507/4537/4450 2475/4538/4451
f 2475/4538/4451 2507/4537/4450 2272/4539/4452
f 2475/4538/4451 2272/4539/4452 2476/4540/4453
f 2476/4540/4453 2272/4539/4452 2477/4541/4454
f 2477/4541/4454 2272/4539/4452 2478/4542/4455
f 2478/4542/4455 2272/4539/4452 2479/4543/4456
f 2479/4543/4456 2272/4539/4452 2271/4544/4457
f 2479/4543/4456 2271/4544/4457 2480/4501/4414
f 2480/4501/4414 2271/4544/4457 2270/4545/4458
f 2480/4501/4414 2270/4545/4458 2269/4546/4459
f 2269/4546/4459 2268/4547/4460 2480/4501/4414
f 2480/4501/4414 2268/4547/4460 2267/4548/4461
f 2480/4501/4414 2267/4548/4461 2542/4405/4318
f 2542/4405/4318 2267/4548/4461 2666/4400/4313
f 2267/4548/4461 2266/4549/4462 2666/4400/4313
f 2666/4400/4313 2266/4549/4462 2265/4550/4463
f 2666/4400/4313 2265/4550/4463 2264/4551/4464
f 2666/4400/4313 2264/4551/4464 2667/4552/4465
f 2667/4552/4465 2264/4551/4464 2263/4364/4277
f 2667/4552/4465 2263/4364/4277 2668/4553/4466
f 2668/4553/4466 2263/4364/4277 2645/4366/4279
g Body5

v 11.237085 11.756374 -321.029115
v 11.224548 11.756374 -321.140376
v 11.187569 11.756374 -321.246057
v 11.128000 11.756374 -321.340860
v 11.048829 11.756374 -321.420031
v 10.954026 11.756374 -321.479600
v 10.848345 11.756374 -321.516579
v 10.737085 11.756374 -321.529115
v 10.625824 11.756374 -321.516579
v 10.520143 11.756374 -321.479600
v 10.425340 11.756374 -321.420031
v 10.346169 11.756374 -321.340860
v 10.286600 11.756374 -321.246057
v 10.249621 11.756374 -321.140376
v 10.237085 11.756374 -321.029115
v 10.249621 11.756374 -320.917855
v 10.286600 11.756374 -320.812173
v 10.346169 11.756374 -320.717370
v 10.425340 11.756374 -320.638200
v 10.520143 11.756374 -320.578631
v 10.625824 11.756374 -320.541651
v 10.737085 11.756374 -320.529115
v 10.848345 11.756374 -320.541651
v 10.954026 11.756374 -320.578631
v 11.048829 11.756374 -320.638200
v 11.128000 11.756374 -320.717370
v 11.187569 11.756374 -320.812173
v 11.224548 11.756374 -320.917855
v 11.237085 14.756374 -321.029115
v 11.224548 14.756374 -320.917855
v 11.187569 14.756374 -320.812173
v 11.128000 14.756374 -320.717370
v 11.048829 14.756374 -320.638200
v 10.954026 14.756374 -320.578631
v 10.848345 14.756374 -320.541651
v 10.737085 14.756374 -320.529115
v 10.625824 14.756374 -320.541651
v 10.520143 14.756374 -320.578631
v 10.425340 14.756374 -320.638200
v 10.346169 14.756374 -320.717370
v 10.286600 14.756374 -320.812173
v 10.249621 14.756374 -320.917855
v 10.237085 14.756374 -321.029115
v 10.249621 14.756374 -321.140376
v 10.286600 14.756374 -321.246057
v 10.346169 14.756374 -321.340860
v 10.425340 14.756374 -321.420031
v 10.520143 14.756374 -321.479600
v 10.625824 14.756374 -321.516579
v 10.737085 14.756374 -321.529115
v 10.848345 14.756374 -321.516579
v 10.954026 14.756374 -321.479600
v 11.048829 14.756374 -321.420031
v 11.128000 14.756374 -321.340860
v 11.187569 14.756374 -321.246057
v 11.224548 14.756374 -321.140376
v 11.237085 13.256374 -321.029115
v 11.224548 13.256374 -321.140376
v 11.187569 13.256374 -321.246057
v 11.128000 13.256374 -321.340860
v 11.048829 13.256374 -321.420031
v 10.954026 13.256374 -321.479600
v 10.848345 13.256374 -321.516579
v 10.737085 13.256374 -321.529115
v 10.625824 13.256374 -321.516579
v 10.520143 13.256374 -321.479600
v 10.425340 13.256374 -321.420031
v 10.346169 13.256374 -321.340860
v 10.286600 13.256374 -321.246057
v 10.249621 13.256374 -321.140376
v 10.237085 13.256374 -321.029115
v 10.249621 13.256374 -320.917855
v 10.286600 13.256374 -320.812173
v 10.346169 13.256374 -320.717370
v 10.425340 13.256374 -320.638200
v 10.520143 13.256374 -320.578631
v 10.625824 13.256374 -320.541651
v 10.737085 13.256374 -320.529115
v 10.848345 13.256374 -320.541651
v 10.954026 13.256374 -320.578631
v 11.048829 13.256374 -320.638200
v 11.128000 13.256374 -320.717370
v 11.187569 13.256374 -320.812173
v 11.224548 13.256374 -320.917855
vt -0.000000 -1.458597 0.000000
vt -1.500000 -1.458597 0.000000
vt -0.000000 -1.570796 0.000000
vt -1.500000 -1.570796 0.000000
vt -0.000000 1.570796 0.000000
vt -1.500000 1.570796 0.000000
vt -0.000000 1.458597 0.000000
vt -1.500000 1.458597 0.000000
vt -0.000000 1.346397 0.000000
vt -1.500000 1.346397 0.000000
vt -0.000000 1.234197 0.000000
vt -1.500000 1.234197 0.000000
vt -0.000000 1.121997 0.000000
vt -1.500000 1.121997 0.000000
vt -0.000000 1.009798 0.000000
vt -1.500000 1.009798 0.000000
vt -0.000000 0.897598 0.000000
vt -1.500000 0.897598 0.000000
vt -0.000000 0.785398 0.000000
vt -1.500000 0.785398 0.000000
vt -0.000000 0.673198 0.000000
vt -1.500000 0.673198 0.000000
vt -0.000000 0.560999 0.000000
vt -1.500000 0.560999 0.000000
vt -0.000000 0.448799 0.000000
vt -1.500000 0.448799 0.000000
vt -0.000000 0.336599 0.000000
vt -1.500000 0.336599 0.000000
vt -0.000000 0.224399 0.000000
vt -1.500000 0.224399 0.000000
vt -0.000000 0.112200 0.000000
vt -1.500000 0.112200 0.000000
vt -0.000000 0.000000 0.000000
vt -1.500000 0.000000 0.000000
vt 0.000000 -0.112200 0.000000
vt -1.500000 -0.112200 0.000000
vt 0.000000 -0.224399 0.000000
vt -1.500000 -0.224399 0.000000
vt 0.000000 -0.336599 0.000000
vt -1.500000 -0.336599 0.000000
vt -0.000000 -0.448799 0.000000
vt -1.500000 -0.448799 0.000000
vt 0.000000 -0.560999 0.000000
vt -1.500000 -0.560999 0.000000
vt -0.000000 -0.673198 0.000000
vt -1.500000 -0.673198 0.000000
vt 0.000000 -0.785398 0.000000
vt -1.500000 -0.785398 0.000000
vt -0.000000 -0.897598 0.000000
vt -1.500000 -0.897598 0.000000
vt -0.000000 -1.009798 0.000000
vt -1.500000 -1.009798 0.000000
vt -0.000000 -1.121997 0.000000
vt -1.500000 -1.121997 0.000000
vt -0.000000 -1.234197 0.000000
vt -1.500000 -1.234197 0.000000
vt -0.000000 -1.346397 0.000000
vt -1.500000 -1.346397 0.000000
vt -3.000000 1.458597 0.000000
vt -3.000000 1.570796 0.000000
vt -3.000000 -1.570796 0.000000
vt -3.000000 -1.458597 0.000000
vt -3.000000 -1.346397 0.000000
vt -3.000000 -1.234197 0.000000
vt -3.000000 -1.121997 0.000000
vt -3.000000 -1.009798 0.000000
vt -3.000000 -0.897598 0.000000
vt -3.000000 -0.785398 0.000000
vt -3.000000 -0.673198 0.000000
vt -3.000000 -0.560999 0.000000
vt -3.000000 -0.448799 0.000000
vt -3.000000 -0.336599 0.000000
vt -3.000000 -0.224399 0.000000
vt -3.000000 -0.112200 0.000000
vt -3.000000 0.000000 0.000000
vt -3.000000 0.112200 0.000000
vt -3.000000 0.224399 0.000000
vt -3.000000 0.336599 0.000000
vt -3.000000 0.448799 0.000000
vt -3.000000 0.560999 0.000000
vt -3.000000 0.673198 0.000000
vt -3.000000 0.785398 0.000000
vt -3.000000 0.897598 0.000000
vt -3.000000 1.009798 0.000000
vt -3.000000 1.121997 0.000000
vt -3.000000 1.234197 0.000000
vt -3.000000 1.346397 0.000000
vt -0.487464 -0.111260 0.000000
vt 0.487464 -0.111260 0.000000
vt -0.500000 0.000000 0.000000
vt 0.500000 0.000000 0.000000
vt -0.487464 0.111260 0.000000
vt 0.487464 0.111260 0.000000
vt -0.450484 0.216942 0.000000
vt 0.450484 0.216942 0.000000
vt -0.390916 0.311745 0.000000
vt 0.390916 0.311745 0.000000
vt -0.311745 0.390916 0.000000
vt 0.311745 0.390916 0.000000
vt -0.216942 0.450484 0.000000
vt 0.216942 0.450484 0.000000
vt -0.111260 0.487464 0.000000
vt 0.111260 0.487464 0.000000
vt 0.000000 0.500000 0.000000
vt 0.450484 -0.216942 0.000000
vt -0.450484 -0.216942 0.000000
vt 0.390916 -0.311745 0.000000
vt -0.390916 -0.311745 0.000000
vt 0.311745 -0.390916 0.000000
vt -0.311745 -0.390916 0.000000
vt 0.216942 -0.450484 0.000000
vt -0.216942 -0.450484 0.000000
vt 0.111260 -0.487464 0.000000
vt -0.111260 -0.487464 0.000000
vt 0.000000 -0.500000 0.000000
vt 0.487464 0.111260 0.000000
vt -0.487464 0.111260 0.000000
vt 0.500000 0.000000 0.000000
vt -0.500000 0.000000 0.000000
vt 0.487464 -0.111260 0.000000
vt -0.487464 -0.111260 0.000000
vt 0.450484 -0.216942 0.000000
vt -0.450484 -0.216942 0.000000
vt 0.390916 -0.311745 0.000000
vt -0.390916 -0.311745 0.000000
vt 0.311745 -0.390916 0.000000
vt -0.311745 -0.390916 0.000000
vt 0.216942 -0.450484 0.000000
vt -0.216942 -0.450484 0.000000
vt 0.111260 -0.487464 0.000000
vt -0.111260 -0.487464 0.000000
vt -0.000000 -0.500000 0.000000
vt -0.450484 0.216942 0.000000
vt 0.450484 0.216942 0.000000
vt -0.390916 0.311745 0.000000
vt 0.390916 0.311745 0.000000
vt -0.311745 0.390916 0.000000
vt 0.311745 0.390916 0.000000
vt -0.216942 0.450484 0.000000
vt 0.216942 0.450484 0.000000
vt -0.111260 0.487464 0.000000
vt 0.111260 0.487464 0.000000
vt -0.000000 0.500000 0.000000
vn 0.974928 -0.000000 -0.222521
vn 0.974928 -0.000000 -0.222521
vn 1.000000 -0.000000 -0.000000
vn 1.000000 -0.000000 -0.000000
vn 0.974928 -0.000000 0.222521
vn 0.974928 -0.000000 0.222521
vn 0.900969 -0.000000 0.433884
vn 0.900969 -0.000000 0.433884
vn 0.781831 -0.000000 0.623490
vn 0.781831 -0.000000 0.623490
vn 0.623490 -0.000000 0.781831
vn 0.623490 -0.000000 0.781831
vn 0.433884 -0.000000 0.900969
vn 0.433884 -0.000000 0.900969
vn 0.222521 -0.000000 0.974928
vn 0.222521 -0.000000 0.974928
vn 0.000000 -0.000000 1.000000
vn 0.000000 -0.000000 1.000000
vn -0.222521 0.000000 0.974928
vn -0.222521 0.000000 0.974928
vn -0.433884 0.000000 0.900969
vn -0.433884 0.000000 0.900969
vn -0.623490 0.000000 0.781831
vn -0.623490 0.000000 0.781831
vn -0.781831 0.000000 0.623490
vn -0.781831 0.000000 0.623490
vn -0.900969 0.000000 0.433884
vn -0.900969 0.000000 0.433884
vn -0.974928 0.000000 0.222521
vn -0.974928 0.000000 0.222521
vn -1.000000 0.000000 0.000000
vn -1.000000 0.000000 0.000000
vn -0.974928 0.000000 -0.222521
vn -0.974928 0.000000 -0.222521
vn -0.900969 0.000000 -0.433884
vn -0.900969 0.000000 -0.433884
vn -0.781831 0.000000 -0.623490
vn -0.781831 0.000000 -0.623490
vn -0.623490 0.000000 -0.781831
vn -0.623490 0.000000 -0.781831
vn -0.433884 0.000000 -0.900969
vn -0.433884 0.000000 -0.900969
vn -0.222521 0.000000 -0.974928
vn -0.222521 0.000000 -0.974928
vn -0.000000 0.000000 -1.000000
vn -0.000000 0.000000 -1.000000
vn 0.222521 -0.000000 -0.974928
vn 0.222521 -0.000000 -0.974928
vn 0.433884 -0.000000 -0.900969
vn 0.433884 -0.000000 -0.900969
vn 0.623490 -0.000000 -0.781831
vn 0.623490 -0.000000 -0.781831
vn 0.781831 -0.000000 -0.623490
vn 0.781831 -0.000000 -0.623490
vn 0.900969 -0.000000 -0.433884
vn 0.900969 -0.000000 -0.433884
vn 0.974928 -0.000000 0.222521
vn 1.000000 -0.000000 -0.000000
vn 0.974928 -0.000000 -0.222521
vn 0.900969 -0.000000 -0.433884
vn 0.781831 -0.000000 -0.623490
vn 0.623490 -0.000000 -0.781831
vn 0.433884 -0.000000 -0.900969
vn 0.222521 -0.000000 -0.974928
vn -0.000000 0.000000 -1.000000
vn -0.222521 0.000000 -0.974928
vn -0.433884 0.000000 -0.900969
vn -0.623490 0.000000 -0.781831
vn -0.781831 0.000000 -0.623490
vn -0.900969 0.000000 -0.433884
vn -0.974928 0.000000 -0.222521
vn -1.000000 0.000000 0.000000
vn -0.974928 0.000000 0.222521
vn -0.900969 0.000000 0.433884
vn -0.781831 0.000000 0.623490
vn -0.623490 0.000000 0.781831
vn -0.433884 0.000000 0.900969
vn -0.222521 0.000000 0.974928
vn 0.000000 -0.000000 1.000000
vn 0.222521 -0.000000 0.974928
vn 0.433884 -0.000000 0.900969
vn 0.623490 -0.000000 0.781831
vn 0.781831 -0.000000 0.623490
vn 0.900969 -0.000000 0.433884
vn 0.000000 1.000000 0.000000
vn 0.000000 1.000000 0.000000
vn 0.000000 1.000000 0.000000
vn 0.000000 1.000000 0.000000
vn 0.000000 1.000000 0.000000
vn 0.000000 1.000000 0.000000
vn 0.000000 1.000000 0.000000
vn 0.000000 1.000000 0.000000
vn 0.000000 1.000000 0.000000
vn 0.000000 1.000000 0.000000
vn 0.000000 1.000000 0.000000
vn 0.000000 1.000000 0.000000
vn 0.000000 1.000000 0.000000
vn 0.000000 1.000000 0.000000
vn 0.000000 1.000000 0.000000
vn 0.000000 1.000000 0.000000
vn 0.000000 1.000000 0.000000
vn 0.000000 1.000000 0.000000
vn 0.000000 1.000000 0.000000
vn 0.000000 1.000000 0.000000
vn 0.000000 1.000000 0.000000
vn 0.000000 1.000000 0.000000
vn 0.000000 1.000000 0.000000
vn 0.000000 1.000000 0.000000
vn 0.000000 1.000000 0.000000
vn 0.000000 1.000000 0.000000
vn 0.000000 1.000000 0.000000
vn 0.000000 1.000000 0.000000
vn -0.000000 -1.000000 -0.000000
vn -0.000000 -1.000000 -0.000000
vn -0.000000 -1.000000 -0.000000
vn -0.000000 -1.000000 -0.000000
vn -0.000000 -1.000000 -0.000000
vn -0.000000 -1.000000 -0.000000
vn -0.000000 -1.000000 -0.000000
vn -0.000000 -1.000000 -0.000000
vn -0.000000 -1.000000 -0.000000
vn -0.000000 -1.000000 -0.000000
vn -0.000000 -1.000000 -0.000000
vn -0.000000 -1.000000 -0.000000
vn -0.000000 -1.000000 -0.000000
vn -0.000000 -1.000000 -0.000000
vn -0.000000 -1.000000 -0.000000
vn -0.000000 -1.000000 -0.000000
vn -0.000000 -1.000000 -0.000000
vn -0.000000 -1.000000 -0.000000
vn -0.000000 -1.000000 -0.000000
vn -0.000000 -1.000000 -0.000000
vn -0.000000 -1.000000 -0.000000
vn -0.000000 -1.000000 -0.000000
vn -0.000000 -1.000000 -0.000000
vn -0.000000 -1.000000 -0.000000
vn -0.000000 -1.000000 -0.000000
vn -0.000000 -1.000000 -0.000000
vn -0.000000 -1.000000 -0.000000
vn -0.000000 -1.000000 -0.000000
f 2708/4554/4467 2764/4555/4468 2707/4556/4469
f 2707/4556/4469 2764/4555/4468 2763/4557/4470
f 2707/4558/4469 2763/4559/4470 2734/4560/4471
f 2734/4560/4471 2763/4559/4470 2790/4561/4472
f 2734/4560/4471 2790/4561/4472 2733/4562/4473
f 2733/4562/4473 2790/4561/4472 2789/4563/4474
f 2733/4562/4473 2789/4563/4474 2732/4564/4475
f 2732/4564/4475 2789/4563/4474 2788/4565/4476
f 2732/4564/4475 2788/4565/4476 2731/4566/4477
f 2731/4566/4477 2788/4565/4476 2787/4567/4478
f 2731/4566/4477 2787/4567/4478 2730/4568/4479
f 2730/4568/4479 2787/4567/4478 2786/4569/4480
f 2730/4568/4479 2786/4569/4480 2729/4570/4481
f 2729/4570/4481 2786/4569/4480 2785/4571/4482
f 2729/4570/4481 2785/4571/4482 2728/4572/4483
f 2728/4572/4483 2785/4571/4482 2784/4573/4484
f 2728/4572/4483 2784/4573/4484 2727/4574/4485
f 2727/4574/4485 2784/4573/4484 2783/4575/4486
f 2727/4574/4485 2783/4575/4486 2726/4576/4487
f 2726/4576/4487 2783/4575/4486 2782/4577/4488
f 2726/4576/4487 2782/4577/4488 2725/4578/4489
f 2725/4578/4489 2782/4577/4488 2781/4579/4490
f 2725/4578/4489 2781/4579/4490 2724/4580/4491
f 2724/4580/4491 2781/4579/4490 2780/4581/4492
f 2724/4580/4491 2780/4581/4492 2723/4582/4493
f 2723/4582/4493 2780/4581/4492 2779/4583/4494
f 2723/4582/4493 2779/4583/4494 2722/4584/4495
f 2722/4584/4495 2779/4583/4494 2778/4585/4496
f 2722/4584/4495 2778/4585/4496 2721/4586/4497
f 2721/4586/4497 2778/4585/4496 2777/4587/4498
f 2721/4586/4497 2777/4587/4498 2720/4588/4499
f 2720/4588/4499 2777/4587/4498 2776/4589/4500
f 2720/4588/4499 2776/4589/4500 2719/4590/4501
f 2719/4590/4501 2776/4589/4500 2775/4591/4502
f 2719/4590/4501 2775/4591/4502 2718/4592/4503
f 2718/4592/4503 2775/4591/4502 2774/4593/4504
f 2718/4592/4503 2774/4593/4504 2717/4594/4505
f 2717/4594/4505 2774/4593/4504 2773/4595/4506
f 2717/4594/4505 2773/4595/4506 2716/4596/4507
f 2716/4596/4507 2773/4595/4506 2772/4597/4508
f 2716/4596/4507 2772/4597/4508 2715/4598/4509
f 2715/4598/4509 2772/4597/4508 2771/4599/4510
f 2715/4598/4509 2771/4599/4510 2714/4600/4511
f 2714/4600/4511 2771/4599/4510 2770/4601/4512
f 2714/4600/4511 2770/4601/4512 2713/4602/4513
f 2713/4602/4513 2770/4601/4512 2769/4603/4514
f 2713/4602/4513 2769/4603/4514 2712/4604/4515
f 2712/4604/4515 2769/4603/4514 2768/4605/4516
f 2712/4604/4515 2768/4605/4516 2711/4606/4517
f 2711/4606/4517 2768/4605/4516 2767/4607/4518
f 2711/4606/4517 2767/4607/4518 2710/4608/4519
f 2710/4608/4519 2767/4607/4518 2766/4609/4520
f 2710/4608/4519 2766/4609/4520 2709/4610/4521
f 2709/4610/4521 2766/4609/4520 2765/4611/4522
f 2709/4610/4521 2765/4611/4522 2708/4554/4467
f 2708/4554/4467 2765/4611/4522 2764/4555/4468
f 2736/4612/4523 2790/4561/4472 2735/4613/4524
f 2735/4613/4524 2790/4561/4472 2763/4559/4470
f 2735/4614/4524 2763/4557/4470 2762/4615/4525
f 2762/4615/4525 2763/4557/4470 2764/4555/4468
f 2762/4615/4525 2764/4555/4468 2761/4616/4526
f 2761/4616/4526 2764/4555/4468 2765/4611/4522
f 2761/4616/4526 2765/4611/4522 2760/4617/4527
f 2760/4617/4527 2765/4611/4522 2766/4609/4520
f 2760/4617/4527 2766/4609/4520 2759/4618/4528
f 2759/4618/4528 2766/4609/4520 2767/4607/4518
f 2759/4618/4528 2767/4607/4518 2758/4619/4529
f 2758/4619/4529 2767/4607/4518 2768/4605/4516
f 2758/4619/4529 2768/4605/4516 2757/4620/4530
f 2757/4620/4530 2768/4605/4516 2769/4603/4514
f 2757/4620/4530 2769/4603/4514 2756/4621/4531
f 2756/4621/4531 2769/4603/4514 2770/4601/4512
f 2756/4621/4531 2770/4601/4512 2755/4622/4532
f 2755/4622/4532 2770/4601/4512 2771/4599/4510
f 2755/4622/4532 2771/4599/4510 2754/4623/4533
f 2754/4623/4533 2771/4599/4510 2772/4597/4508
f 2754/4623/4533 2772/4597/4508 2753/4624/4534
f 2753/4624/4534 2772/4597/4508 2773/4595/4506
f 2753/4624/4534 2773/4595/4506 2752/4625/4535
f 2752/4625/4535 2773/4595/4506 2774/4593/4504
f 2752/4625/4535 2774/4593/4504 2751/4626/4536
f 2751/4626/4536 2774/4593/4504 2775/4591/4502
f 2751/4626/4536 2775/4591/4502 2750/4627/4537
f 2750/4627/4537 2775/4591/4502 2776/4589/4500
f 2750/4627/4537 2776/4589/4500 2749/4628/4538
f 2749/4628/4538 2776/4589/4500 2777/4587/4498
f 2749/4628/4538 2777/4587/4498 2748/4629/4539
f 2748/4629/4539 2777/4587/4498 2778/4585/4496
f 2748/4629/4539 2778/4585/4496 2747/4630/4540
f 2747/4630/4540 2778/4585/4496 2779/4583/4494
f 2747/4630/4540 2779/4583/4494 2746/4631/4541
f 2746/4631/4541 2779/4583/4494 2780/4581/4492
f 2746/4631/4541 2780/4581/4492 2745/4632/4542
f 2745/4632/4542 2780/4581/4492 2781/4579/4490
f 2745/4632/4542 2781/4579/4490 2744/4633/4543
f 2744/4633/4543 2781/4579/4490 2782/4577/4488
f 2744/4633/4543 2782/4577/4488 2743/4634/4544
f 2743/4634/4544 2782/4577/4488 2783/4575/4486
f 2743/4634/4544 2783/4575/4486 2742/4635/4545
f 2742/4635/4545 2783/4575/4486 2784/4573/4484
f 2742/4635/4545 2784/4573/4484 2741/4636/4546
f 2741/4636/4546 2784/4573/4484 2785/4571/4482
f 2741/4636/4546 2785/4571/4482 2740/4637/4547
f 2740/4637/4547 2785/4571/4482 2786/4569/4480
f 2740/4637/4547 2786/4569/4480 2739/4638/4548
f 2739/4638/4548 2786/4569/4480 2787/4567/4478
f 2739/4638/4548 2787/4567/4478 2738/4639/4549
f 2738/4639/4549 2787/4567/4478 2788/4565/4476
f 2738/4639/4549 2788/4565/4476 2737/4640/4550
f 2737/4640/4550 2788/4565/4476 2789/4563/4474
f 2737/4640/4550 2789/4563/4474 2736/4612/4523
f 2736/4612/4523 2789/4563/4474 2790/4561/4472
f 2762/4641/4551 2750/4642/4552 2735/4643/4553
f 2735/4643/4553 2750/4642/4552 2749/4644/4554
f 2735/4643/4553 2749/4644/4554 2736/4645/4555
f 2736/4645/4555 2749/4644/4554 2748/4646/4556
f 2736/4645/4555 2748/4646/4556 2737/4647/4557
f 2737/4647/4557 2748/4646/4556 2747/4648/4558
f 2737/4647/4557 2747/4648/4558 2738/4649/4559
f 2738/4649/4559 2747/4648/4558 2746/4650/4560
f 2738/4649/4559 2746/4650/4560 2739/4651/4561
f 2739/4651/4561 2746/4650/4560 2745/4652/4562
f 2739/4651/4561 2745/4652/4562 2740/4653/4563
f 2740/4653/4563 2745/4652/4562 2744/4654/4564
f 2740/4653/4563 2744/4654/4564 2741/4655/4565
f 2741/4655/4565 2744/4654/4564 2743/4656/4566
f 2741/4655/4565 2743/4656/4566 2742/4657/4567
f 2750/4642/4552 2762/4641/4551 2751/4658/4568
f 2751/4658/4568 2762/4641/4551 2761/4659/4569
f 2751/4658/4568 2761/4659/4569 2752/4660/4570
f 2752/4660/4570 2761/4659/4569 2760/4661/4571
f 2752/4660/4570 2760/4661/4571 2753/4662/4572
f 2753/4662/4572 2760/4661/4571 2759/4663/4573
f 2753/4662/4572 2759/4663/4573 2754/4664/4574
f 2754/4664/4574 2759/4663/4573 2758/4665/4575
f 2754/4664/4574 2758/4665/4575 2755/4666/4576
f 2755/4666/4576 2758/4665/4575 2757/4667/4577
f 2755/4666/4576 2757/4667/4577 2756/4668/4578
f 2734/4669/4579 2722/4670/4580 2707/4671/4581
f 2707/4671/4581 2722/4670/4580 2721/4672/4582
f 2707/4671/4581 2721/4672/4582 2708/4673/4583
f 2708/4673/4583 2721/4672/4582 2720/4674/4584
f 2708/4673/4583 2720/4674/4584 2709/4675/4585
f 2709/4675/4585 2720/4674/4584 2719/4676/4586
f 2709/4675/4585 2719/4676/4586 2710/4677/4587
f 2710/4677/4587 2719/4676/4586 2718/4678/4588
f 2710/4677/4587 2718/4678/4588 2711/4679/4589
f 2711/4679/4589 2718/4678/4588 2717/4680/4590
f 2711/4679/4589 2717/4680/4590 2712/4681/4591
f 2712/4681/4591 2717/4680/4590 2716/4682/4592
f 2712/4681/4591 2716/4682/4592 2713/4683/4593
f 2713/4683/4593 2716/4682/4592 2715/4684/4594
f 2713/4683/4593 2715/4684/4594 2714/4685/4595
f 2722/4670/4580 2734/4669/4579 2723/4686/4596
f 2723/4686/4596 2734/4669/4579 2733/4687/4597
f 2723/4686/4596 2733/4687/4597 2724/4688/4598
f 2724/4688/4598 2733/4687/4597 2732/4689/4599
f 2724/4688/4598 2732/4689/4599 2725/4690/4600
f 2725/4690/4600 2732/4689/4599 2731/4691/4601
f 2725/4690/4600 2731/4691/4601 2726/4692/4602
f 2726/4692/4602 2731/4691/4601 2730/4693/4603
f 2726/4692/4602 2730/4693/4603 2727/4694/4604
f 2727/4694/4604 2730/4693/4603 2729/4695/4605
f 2727/4694/4604 2729/4695/4605 2728/4696/4606
# 2790 vertices
# 4696 texture params
# 4606 normals
# 5576 facets

# 6 groups
